id;Раунд;Турнир (название);Турнир (формат);Турнир (город);Дата;Резолюция
1;Ф;V ОК МГЮА;Открытый;Москва;2008.;ЭП бойкотирует олимпийские игры в Пекине
2;Р1;Fire 2009;Открытый;Харьков (Украина);2009.03;ЭП должна ввести налог на роскошь
3;Р2;Fire 2009;Открытый;Харьков (Украина);2009.03;ЭПСЧ профессиональные спортсмены не должны освобождаться от общей воинской повинности
4;Р3;Fire 2009;Открытый;Харьков (Украина);2009.03;ЭП предаст земле тело Ленина
5;Р4;Fire 2009;Открытый;Харьков (Украина);2009.03;ЭП должна разрешить трансплантацию органов или тканей в тех случаях, когда другие медицинские средства могут гарантировать сохранение жизни реципиента
6;Р5;Fire 2009;Открытый;Харьков (Украина);2009.03;ЭП должна отказаться от разработки искусственного интеллекта
7;Р6;Fire 2009;Открытый;Харьков (Украина);2009.03;ЭПСЧ при отказе в выдаче визы просителю всегда должны быть указаны причины
8;Ф мастеров;Fire 2009;Открытый;Харьков (Украина);2009.03;ЭПСЧ в отношении стран, не подписавших договор о запрещении кассетных боеприпасов, допустимо нарушение правил и обычаев войны
9;Ф женский;Fire 2009;Открытый;Харьков (Украина);2009.03;ЭПСЧ однополые супруги должны иметь право усыновлять детей
10;Фмк;Fire 2009;Открытый;Харьков (Украина);2009.03;ЭПСЧ врач должен сообщать родителям несовершеннолетней девушки о ее намерении сделать аборт
11;ЧФ;Fire 2009;Открытый;Харьков (Украина);2009.03;ЭПСЧ заключенные должны обладать правом избирать
12;ПФ;Fire 2009;Открытый;Харьков (Украина);2009.03;ЭПСЧ Франция не должна возобновлять своё участие в военных структурах НАТО
13;Ф;Fire 2009;Открытый;Харьков (Украина);2009.03;ЭПСЧ поддержка банковской системы важнее финансирования социальных программ
14;Р?;I ОТ МГТУ им. Баумана;Открытый;Москва;2009.10;ЭП запретит производство фильмов ужасов
15;Р?;I ОТ МГТУ им. Баумана;Открытый;Москва;2009.10;ЭПСЧ ветровая энергия лучше ядерной
16;Р?;I ОТ МГТУ им. Баумана;Открытый;Москва;2009.10;ЭП введет уголовную ответственность за употребление наркотиков
17;Ф (рус.);I ОТ МГТУ им. Баумана;Открытый;Москва;2009.10;ЭП восстановит все демонтированные по политическим основаниям памятники советской эпохи в России
18;Ф (eng.);I ОТ МГТУ им. Баумана;Открытый;Москва;2009.10;ЭП даст людям с высшим образованием дополнительные голоса на выборах
19;Р1;II Первый кубок 2010;-;Новосибирск;2010.02;ЭП введет процедуру персональной идентификации всех пользователей при выходе в Интернет
20;Р2;II Первый кубок 2010;-;Новосибирск;2010.02;ЭП будет требовать от государств, на территории которых происходят экологические катастрофы по вине человека, финансировать международные экологические организации
21;Р3;II Первый кубок 2010;-;Новосибирск;2010.02;ЭП запретит вещание специализированных детских телеканалов
22;Р4;II Первый кубок 2010;-;Новосибирск;2010.02;ЭПСЧ Олимпийские игры не должны финансироваться налогоплательщиками
23;ПФ;II Первый кубок 2010;-;Новосибирск;2010.02;ЭП считает необходимым согласие на аборт отца ребенка
24;Ф;II Первый кубок 2010;-;Новосибирск;2010.02;ЭП запретит все виды порнографии
25;Р1;II тур МЛЧ 2009/2010 гг.;Для новичков;Москва;2010.02;ЭПСЧ бизнес должен содержать науку
26;Р2;II тур МЛЧ 2009/2010 гг.;Для новичков;Москва;2010.02;ЭП приватизирует государственные банки (Одна из трёх тем по жребию)
27;Р2;II тур МЛЧ 2009/2010 гг.;Для новичков;Москва;2010.02;ЭП поддерживает профессиональную армию (Одна из трёх тем по жребию)
28;Р2;II тур МЛЧ 2009/2010 гг.;Для новичков;Москва;2010.02;ЭПСЧ старость должна быть обеспечена государством (Одна из трёх тем по жребию)
29;Р1;II Зимний кубок 2010;Открытый;Новосибирск;2010.02;ЭПСЧ процентные ставки по ипотечным кредитам должны устанавливаться государством
30;Р2;II Зимний кубок 2010;Открытый;Новосибирск;2010.02;ЭПСЧ государство не должно финансировать строительство объектов инфраструктуры для проведения международных конференций
31;Р3;II Зимний кубок 2010;Открытый;Новосибирск;2010.02;ЭП закроет Байкальский ЦБК
32;Р4;II Зимний кубок 2010;Открытый;Новосибирск;2010.02;ЭП отменит любые льготы для поступающих в вузы
33;Р5;II Зимний кубок 2010;Открытый;Новосибирск;2010.02;ЭП отменит бесплатное медицинское обслуживание для людей с вредными привычками
34;Р6;II Зимний кубок 2010;Открытый;Новосибирск;2010.02;ЭПСЧ дети при разводе не должны оставаться с разными родителями
35;Р7;II Зимний кубок 2010;Открытый;Новосибирск;2010.02;ЭП запретит жестокие компьютерные игры
36;ПФ;II Зимний кубок 2010;Открытый;Новосибирск;2010.02;ЭП запретит призывы к бойкоту выборов
37;Ф;II Зимний кубок 2010;Открытый;Новосибирск;2010.02;ЭП введёт обязательную воинскую службу для женщин
38;Р1;II тур МЛЧ 2009/2010 гг.;Для новичков;Москва;2010.02;ЭПСЧ необходимо предусмотреть возможность исключения стран из Еврозоны
39;Р2;II тур МЛЧ 2009/2010 гг.;Для новичков;Москва;2010.02;ЭП восстановит авиасообщение с Грузией (Одна из трёх тем по жребию)
40;Р2;II тур МЛЧ 2009/2010 гг.;Для новичков;Москва;2010.02;ЭПСЧ Россия не должна подписывать СНВ-3 (Одна из трёх тем по жребию)
41;Р2;II тур МЛЧ 2009/2010 гг.;Для новичков;Москва;2010.02;ЭП предоставит амнистию всем нелегальным иммигрантам (Одна из трёх тем по жребию)
42;Р1;ОМТ ГУУ 2010;Открытый;Москва;2010.04;ЭП запретит множественное гражданство
43;Р2;ОМТ ГУУ 2010;Открытый;Москва;2010.04;ЭПСЧ решение о выдвижении города-кандидата на проведение Олимпийских игр должно приниматься на референдуме
44;Р3;ОМТ ГУУ 2010;Открытый;Москва;2010.04;ЭП запретит использование изображений женского тела в рекламе товаров, не имеющих непосредственного отношения к женскому телу
45;Р4;ОМТ ГУУ 2010;Открытый;Москва;2010.04;ЭП запретит продажу и употребление алкоголя лицам, осуждённым за совершение преступлений в состоянии алкогольного опьянения
46;Р5;ОМТ ГУУ 2010;Открытый;Москва;2010.04;ЭПСЧ интернет-пользователи не должны нести ответственности за нарушение авторских прав при скачивании контента
47;ПФ;ОМТ ГУУ 2010;Открытый;Москва;2010.04;ЭПСЧ отстранённые от власти политики должны иметь иммунитет от преследования за действия, совершённые во время пребывания у власти
48;Ф;ОМТ ГУУ 2010;Открытый;Москва;2010.04;ЭП запретит участие войск НАТО в Параде на Красной площади 
49;Р1;VII ОК МГЮА;Открытый;Москва;2010.04;ЭП сделает кровную месть смягчающим обстоятельством преступления
50;Р2;VII ОК МГЮА;Открытый;Москва;2010.04;ЭП поддержит вступление Украины в Таможенный союз
51;Р3;VII ОК МГЮА;Открытый;Москва;2010.04;ЭП введет обязательную дактилоскопическую регистрацию
52;Р4;VII ОК МГЮА;Открытый;Москва;2010.04;ЭП запретит коллекторские агентства
53;Р5;VII ОК МГЮА;Открытый;Москва;2010.04;ЭП разрешит работодателям увольнять работников без объяснения причин
54;ПФ;VII ОК МГЮА;Открытый;Москва;2010.04;ЭП не признает временное правительство Киргизии
55;Ф;VII ОК МГЮА;Открытый;Москва;2010.04;ЭПСЧ дела о терроризме должны рассматриваться с участием присяжных заседателей
56;Р1;Финальный тур МЛЧ 2009/2010;Городской;Москва;2010.;ЭП сделает обязательными акции по сбору донорской крови
57;Р2;Финальный тур МЛЧ 2009/2010;Городской;Москва;2010.;ЭП запретит партиям иметь больше 50% мест в парламентах любых уровней
58;Р3;Финальный тур МЛЧ 2009/2010;Городской;Москва;2010.;ЭП введёт налог на роскошь
59;Р4;Финальный тур МЛЧ 2009/2010;Городской;Москва;2010.;ЭПСЧ, что организации, которые поддерживают права геев, должны выступать против заключения ими браков (?)
60;ПФ;Финальный тур МЛЧ 2009/2010;Городской;Москва;2010.;ЭП запретит рекламу лекарств
61;Ф;Финальный тур МЛЧ 2009/2010;Городской;Москва;2010.;ЭП разрешит вооружённым силам всех стран физически уничтожать пиратов без суда и следствия
62;Р2;III КП МГЮА;Открытый;Москва;2010.10;ЭП разрешит Красному Кресту вмешиваться в конфликт без согласия государства, на территории которого проходит конфликт (формулировка очень примерная)
63;Ф;III КП МГЮА;Открытый;Москва;2010.10;ЭПСЧ представители государства не имеют права демонстрировать принадлежность к определённой религии 
64;Р1;ОК НГУ 2010;Открытый;Новосибирск;2010.11.;ЭП запретит ношение травматического оружия частными лицами
65;Р2;ОК НГУ 2010;Открытый;Новосибирск;2010.11.;ЭП даст право осужденным выбрать более тяжкое наказание в обмен на сокращение срока
66;Р3;ОК НГУ 2010;Открытый;Новосибирск;2010.11.;ЭПСЧ высшие государственные чиновники должны воздержаться от посещения спорных территорий
67;Р4;ОК НГУ 2010;Открытый;Новосибирск;2010.11.;ЭП поддерживает приватизацию памятников архитектуры
68;Р5;ОК НГУ 2010;Открытый;Новосибирск;2010.11.;ЭП поддерживает принудительное лечение наркоманов по заявлению родственников
69;ПФ;ОК НГУ 2010;Открытый;Новосибирск;2010.11.;ЭП запретит Wikileaks
70;Ф;ОК НГУ 2010;Открытый;Новосибирск;2010.11.;ЭП отменит необходимость получения разрешения местных властей на проведение митингов
71;Р?;I тур МЛЧ 2010/2011 гг.;Для новичков;Москва;2010.;ЭПСЧ государство не должно пускать на свою территорию иностранцев с тяжкими вирусными заболеваниями
72;Р1;ОТ «Дебаты в горошек»;Открытый;Санкт-Петербург;2010.11.;ЭП запретит негосударственные ВУЗы
73;Р2;ОТ «Дебаты в горошек»;Открытый;Санкт-Петербург;2010.11.;ЭП ограничит движение автомобилей в историческом центре города
74;Р3;ОТ «Дебаты в горошек»;Открытый;Санкт-Петербург;2010.11.;ЭПСЧ родителям детей, страдающих ожирением, должно быть предъявлено обвинение в жестоком обращении с детьми
75;Р4;ОТ «Дебаты в горошек»;Открытый;Санкт-Петербург;2010.11.;ЭПСЧ развивающиеся страны не должны принимать крупные международные спортивные и культурные мероприятия
76;ПФ;ОТ «Дебаты в горошек»;Открытый;Санкт-Петербург;2010.11.;ЭПСЧ экономика свободного рынка не делает работников свободными
77;Ф;ОТ «Дебаты в горошек»;Открытый;Санкт-Петербург;2010.11.;ЭПСЧ Дмитрий Медведев должен отказаться от участия в выборах 2012 года в пользу Владимира Путина
78;Р2;II тур МЛЧ 2010/2011 гг.;Для новичков;Москва;2011.;ЭПСЧ подразделения армии в РФ должны быть моноэтническими 
79;Р1;II ВОТ МГУ;Открытый;Москва;2011.03;ЭП против силового вмешательства в гражданскую войну в Ливии
80;Р2;II ВОТ МГУ;Открытый;Москва;2011.03;ЭП против увеличения размера минимального уставного капитала ООО до 500 000 руб.
81;Р3;II ВОТ МГУ;Открытый;Москва;2011.03;ЭП предоставит право всем людям продавать свои органы
82;Р4;II ВОТ МГУ;Открытый;Москва;2011.03;ЭПСЧ постоянно правящие, доминирующие партии должны разделяться по решению суда
83;Р5;II ВОТ МГУ;Открытый;Москва;2011.03;ЭПСЧ государство имеет право заблокировать Интернет (формулировка примерная)
84;ПФ;II ВОТ МГУ;Открытый;Москва;2011.03;ЭПСЧ прогрессивная шкала налогообложения является экономически и социально обоснованной
85;Ф;II ВОТ МГУ;Открытый;Москва;2011.03;ЭП должна предоставить однополым парам право усыновления детей
86;Р1;III тур МЛЧ 2010/2011 гг.;Для новичков;Москва;2011.03;"ЭПСЧ демократические страны должны наказывать телекоммуникационные компании за сделки с авторитарными режимами, в результате которых нарушаются права местного населения на свободу слова
* Тема была заранее известна"
87;Р?;VIII ОК МГЮА;Открытый;Москва;2011.04;ЭП запретит все конкурсы красоты для детей
88;Р?;VIII ОК МГЮА;Открытый;Москва;2011.04;ЭП откажется от использования ядерной энергии
89;Р?;VIII ОК МГЮА;Открытый;Москва;2011.04;ЭП разрешит Международному Уголовному суду инициировать и рассматривать дела в отношении любых субъектов, независимо от ратификации заинтересованными государствами положений Римского статута
90;Р?;VIII ОК МГЮА;Открытый;Москва;2011.04;ЭПСЧ развитые страны не должны оказывать помощь развивающимся странам в целях развития экономики
91;Р?;VIII ОК МГЮА;Открытый;Москва;2011.04;"ЭП введет общеобязательный и безальтернативный досмотр на всех видах транспорта при помощи ""голых"" сканеров"
92;ПФ;VIII ОК МГЮА;Открытый;Москва;2011.04;"ЭПСЧ использование добровольных ""живых"" щитов оправдано во время военных конфликтов"
93;Ф;VIII ОК МГЮА;Открытый;Москва;2011.04;ЭП запретит позитивную дискриминацию
94;Р1;Кубок Сибири 2011;Открытый;Новосибирск;2011.05;ЭП национализирует нефтедобывающие компании
95;Р2;Кубок Сибири 2011;Открытый;Новосибирск;2011.05;ЭПСЧ следует приравнять супружескую измену к правонарушению
96;Р3;Кубок Сибири 2011;Открытый;Новосибирск;2011.05;ЭП отменит обязательное исполнение федеральных стандартов высшего образования
97;Р4;Кубок Сибири 2011;Открытый;Новосибирск;2011.05;ЭП разрешит в РФ использование связи с непроницаемой для спецслужб системой шифрования данных
98;Р5;Кубок Сибири 2011;Открытый;Новосибирск;2011.05;ЭПСЧ регионы должны обладать правом выхода из состава государства
99;Р6;Кубок Сибири 2011;Открытый;Новосибирск;2011.05;ЭП запретит любые забастовки
100;ЧФ;Кубок Сибири 2011;Открытый;Новосибирск;2011.05;ЭП прекратит государственную поддержку сохранения традиционного образа жизни коренных народов
101;ПФ;Кубок Сибири 2011;Открытый;Новосибирск;2011.05;ЭП будет немедленно освобождать лиц, осужденных за преступления сексуального характера, в обмен на добровольную кастрацию
102;Ф;Кубок Сибири 2011;Открытый;Новосибирск;2011.05;ПВК – Декабрь 1991 г. Вы – Ельцин, Кравчук и Шушкевич. Не подписывайте Беловежское соглашение
103;Р?;Полемика;Открытый;Санкт-Петербург;2011.05;ЭПСЧ согласие отца ребёнка должно быть необходимым условием совершения аборта
104;Р1;Финальный тур МЛЧ 2010/2011;Городской;Москва;2011.;ЭП введёт мажоритарную избирательную систему взамен пропорциональной (формулировка приблизительная)
105;Р2;Финальный тур МЛЧ 2010/2011;Городской;Москва;2011.;ЭП лишит права вето постоянных членов СБ ООН (формулировка приблизительная)
106;Р3;Финальный тур МЛЧ 2010/2011;Городской;Москва;2011.;ЭП криминализует практику БДСМ (формулировка приблизительная)
107;Р4;Финальный тур МЛЧ 2010/2011;Городской;Москва;2011.;ЭП введёт «амнистию капиталов» (формулировка приблизительная)
108;ПФ;Финальный тур МЛЧ 2010/2011;Городской;Москва;2011.;ЭП запретит любую рекламу, кроме социальной
109;Ф;Финальный тур МЛЧ 2010/2011;Городской;Москва;2011.05;ЭП запретит родителям крестить или посвящать другим способом детей в религию
110;Ф;Pro et contra I;Открытый;Екатеринбург;2011.09;ЭПСЧ государство обязано выдавать тела убитых террористов их родственникам
111;Р1;IV КП МГЮА;Открытый;Москва;2011.10;ЭПСЧ, что США не должны накладывать вето на решение СБ ООН о принятии Палестины в ООН
112;Р2;IV КП МГЮА;Открытый;Москва;2011.10;ЭП установит квоты для семейных женщин в крупных корпорациях
113;Р3;IV КП МГЮА;Открытый;Москва;2011.10;ЭП запретит СМИ использовать программные средства в целях улучшения образа людей
114;Р4;IV КП МГЮА;Открытый;Москва;2011.10;ЭПСЧ за проституцию должны нести ответственность не проститутки, а их клиенты
115;Фмк;IV КП МГЮА;Открытый;Москва;2011.10;ЭП запретит жестокие виды спорта
116;ПФ;IV КП МГЮА;Открытый;Москва;2011.10;"ЭПСЧ государства еврозоны должны создать единое министерство финансов, обладающее приоритетов по отношению к государственным министерствам финансов в области бюджетной и налоговой политики/
ЭП создаст на территории ЕвроЗоны единое ведомство, обладающее высшей компетенцией по отношению к государственным министерствам в области бюджетной и налоговой политики"
117;Ф;IV КП МГЮА;Открытый;Москва;2011.10;ЭПСЧ принудительная стерилизация хронических алкоголиков и наркоманов морально оправдана
118;Р1;ОТ «Страх и ненависть в Петербурге»;Открытый;Санкт-Петербург;2011.10;ЭП сделает доступ к лекциям ведущих мировых ВУЗов свободным
119;Р2;ОТ «Страх и ненависть в Петербурге»;Открытый;Санкт-Петербург;2011.10;ЭП наведет порядок в Сирии
120;Р3;ОТ «Страх и ненависть в Петербурге»;Открытый;Санкт-Петербург;2011.10;ЭП легализует производство и реализацию роботизированных секс-игрушек
121;Р4;ОТ «Страх и ненависть в Петербурге»;Открытый;Санкт-Петербург;2011.10;ЭП вернет все исторические артефакты в места их создания
122;Р5;ОТ «Страх и ненависть в Петербурге»;Открытый;Санкт-Петербург;2011.10;ЭПСЧ все социальные сети – это новые финансовые пузыри
123;ПФ;ОТ «Страх и ненависть в Петербурге»;Открытый;Санкт-Петербург;2011.10;ЭП даст право голоса на национальных выборах иностранцам, постоянно проживающим на территории государства
124;Ф;ОТ «Страх и ненависть в Петербурге»;Открытый;Санкт-Петербург;2011.10;ЭПСЧ мир станет безопаснее, если во главе стран встанут женщины
125;Р1;ОК НГУ 2011;Открытый;Новосибирск;2011.11;ЭП будет начислять величину штрафов в зависимости от благосостояния ответчика
126;Р2;ОК НГУ 2011;Открытый;Новосибирск;2011.11;ЭПСЧ развитые страны не должны принимать квалифицированных мигрантов из развивающихся стран
127;Р3;ОК НГУ 2011;Открытый;Новосибирск;2011.11;ЭПСЧ спортивные организации должны наказывать спортсменов в том случае, если они совершают преступления за пределами поля
128;Р4;ОК НГУ 2011;Открытый;Новосибирск;2011.11;ЭП приватизирует высшее образование
129;Р5;ОК НГУ 2011;Открытый;Новосибирск;2011.11;ЭП будет рассматривать в качестве законного брака сожительство разнополых партнеров в течение шести месяцев
130;Р6;ОК НГУ 2011;Открытый;Новосибирск;2011.11;ЭПСЧ хирургия для изменения пола должна включаться в бесплатную государственную медицинскую помощь
131;Р7;ОК НГУ 2011;Открытый;Новосибирск;2011.11;ЭП признает новое правительство Ливии только при условии независимого открытого расследования обстоятельств смерти Каддафи
132;Ф;ОК НГУ 2011;Открытый;Новосибирск;2011.11;ЭП будет преследовать лиц, осуществивших домашнее насилие, вне зависимости от согласия жертв
133;Р1;I тур МЛЧ сезона 2011/2012;Для новичков;Москва;2011.11;ЭПСЧ при разводах по причине измены всё имущество, приобретенное в браке, должно отходить пострадавшей стороне
134;Р2;I тур МЛЧ сезона 2011/2012;Для новичков;Москва;2011.11;ЭП запретит забастовки сотрудников транспортной сферы (Одна из трёх тем по жребию)
135;Р2;I тур МЛЧ сезона 2011/2012;Для новичков;Москва;2011.11;ЭП разрешит совершать жертвоприношения животных на улицах на Курбан-байрам (Одна из трёх тем по жребию)
136;Р2;I тур МЛЧ сезона 2011/2012;Для новичков;Москва;2011.11;ЭПСЧ Россия должна оказать финансовую помощь Еврозоне (Одна из трёх тем по жребию)
137;Р3;I тур МЛЧ сезона 2011/2012;Для новичков;Москва;2011.11;ЭП будет штрафовать не только пьяных водителей, но и пассажиров, которые едут вместе с ними
138;Р1;I ОТ Великого Новгорода;Джедайский;Великий Новгород;2011.11;ЭП запретит выбирать ребёнка усыновляющими семьями (формулировка примерная)
139;Р2;I ОТ Великого Новгорода;Джедайский;Великий Новгород;2011.11;ЭП разрешит странам добровольно выходить из еврозоны (формулировка примерная)
140;Р3;I ОТ Великого Новгорода;Джедайский;Великий Новгород;2011.11;ЭП разрешит проводить ритуал жертвоприношения во время праздника Кубан-байрам в черте города (формулировка прмерная)
141;Ф;I ОТ Великого Новгорода;Джедайский;Великий Новгород;2011.11;ЭП разрешит свидетелям Иеговы отказывать в переливании крови своим детям (формулировка прмерная)
142;Показат. игра ;I Позвольте..!?;Открытый;Казань;2011.11;ЭП введет сухой закон в РФ
143;Р1;I Позвольте..!?;Открытый;Казань;2011.11;ЭПСЧ отец не должен нести никакой ответственности за нежеланного ребенка, рожденного вне брака
144;Р2;I Позвольте..!?;Открытый;Казань;2011.11;ЭПСЧ после свержения режима в восстановлении страны должны принимать участие только компании из стран-участниц военной операции
145;Р3;I Позвольте..!?;Открытый;Казань;2011.11;ЭПСЧ человек, болеющий заразной смертельной болезнью, должен иметь клеймо на видном месте своего тела
146;Р4;I Позвольте..!?;Открытый;Казань;2011.11;ЭП сожалеет об обмене Гилада Шалита на 1027 террористов-заключенных
147;Р5;I Позвольте..!?;Открытый;Казань;2011.11;ЭПСЧ все вузы в мире должны преподавать на английском языке
148;ПФ;I Позвольте..!?;Открытый;Казань;2011.11;ЭПСЧ количество голосов на выборах у избирателя должно зависеть от размера подоходного налога, который он платит
149;Ф;I Позвольте..!?;Открытый;Казань;2011.11;ЭП создаст единый учебник истории для всех стран СНГ
150;Р1;ОТ «Неспящие в Петербурге»;Открытый;Санкт-Петербург;2011.12;ЭПСЧ если бы Бога не было, то его стоило бы выдумать
151;Р2;ОТ «Неспящие в Петербурге»;Открытый;Санкт-Петербург;2011.12;ЭПСЧ Европейский Союз должен признать независимость Абхазии
152;Р3;ОТ «Неспящие в Петербурге»;Открытый;Санкт-Петербург;2011.12;ЭП введет запрет на использование плакатов с изображением Сталина во время празднования Дня Победы
153;Р4;ОТ «Неспящие в Петербурге»;Открытый;Санкт-Петербург;2011.12;ЭПСЧ Путин должен уйти
154;Р5;ОТ «Неспящие в Петербурге»;Открытый;Санкт-Петербург;2011.12;ЭП введёт уголовную ответственность за недоносительство о тяжких и особо тяжких преступлениях
155;ПФ;ОТ «Неспящие в Петербурге»;Открытый;Санкт-Петербург;2011.12;Вопрос об обязательном сексуальном воспитании в школах, вне зависимости от согласия родителей
156;Ф;ОТ «Неспящие в Петербурге»;Открытый;Санкт-Петербург;2011.12;ЭП легализует дуэли
157;Р1;ФЛД сезона 2011 г.;ТВ;Москва;2011.;ЭП поддержит сухопутную военную операцию в Ливии
158;Р2;ФЛД сезона 2011 г.;ТВ;Москва;2011.;ЭП введёт уголовную ответственность за коррупционные преступления своих подчинённых
159;Р3;ФЛД сезона 2011 г.;ТВ;Москва;2011.;ЭП приватизирует все СМИ
160;Р4;ФЛД сезона 2011 г.;ТВ;Москва;2011.;ЭП запретит иностранцам усыновлять российских детей 
161;Р5;ФЛД сезона 2011 г.;ТВ;Москва;2011.;ЭП разрешит скрытое ношение огнестрельного оружия 
162;Р6;ФЛД сезона 2011 г.;ТВ;Москва;2011.;ЭП перенесёт столицу из Москвы 
163;Р7;ФЛД сезона 2011 г.;ТВ;Москва;2011.;ЭПСЧ реформа образования должна одобряться на всенародном референдуме
164;Р8;ФЛД сезона 2011 г.;ТВ;Москва;2011.;ЭП разрешит работодателям увольнять своих сотрудников без объяснения причин
165;Р9;ФЛД сезона 2011 г.;ТВ;Москва;2011.;ЭП запретит любую рекламу табачных изделий
166;Р10;ФЛД сезона 2011 г.;ТВ;Москва;2011.;ЭПСЧ родителей должны лишать родительских прав за то, что те не обеспечивают необходимый уровень качества жизни детей
167;Р11;ФЛД сезона 2011 г.;ТВ;Москва;2011.;ЭПСЧ компании, обеспечивающие схемы добровольного медицинского и пенсионного страхования своим сотрудникам, должны быть освобождены от уплаты взносов в страховые фонды
168;Р12;ФЛД сезона 2011 г.;ТВ;Москва;2011.;ЭП предлагает сделать обязательным участие в предвыборных дебатах для кандидатов в президенты и лидеров партий 
169;Р13;ФЛД сезона 2011 г.;ТВ;Москва;2011.;ЭП поддерживает обязательное тестирование на наркотики учеников школ и студентов ВУЗов
170;Р14;ФЛД сезона 2011 г.;ТВ;Москва;2011.;ЭП введёт систему обязательного распределения выпускников ВУЗов, обучавшихся на бюджетной основе
171;Р15;ФЛД сезона 2011 г.;ТВ;Москва;2011.;ЭПСЧ больных анорексией необходимо лечить принудительно
172;Р16;ФЛД сезона 2011 г.;ТВ;Москва;2011.;ЭП введёт прогрессивную шкалу налогообложения
173;Р17;ФЛД сезона 2011 г.;ТВ;Москва;2011.;ЭП введёт конфискацию имущества за экономические преступления
174;Р18;ФЛД сезона 2011 г.;ТВ;Москва;2011.;ЭПСЧ деятельное раскаяние не является основанием для освобождения от уголовной ответственности
175;Р19;ФЛД сезона 2011 г.;ТВ;Москва;2011.;ЭП запретит уроки религии в школе
176;Р20;ФЛД сезона 2011 г.;ТВ;Москва;2011.;ЭП отменит суды присяжных в России
177;Р21;ФЛД сезона 2011 г.;ТВ;Москва;2011.;ЭПС недопустимым обжалование оправдательного приговора суда по инициативе прокуратуры
178;Р22;ФЛД сезона 2011 г.;ТВ;Москва;2011.;ЭП будет давать гражданство РФ всем детям, родившимся на территории РФ, вне зависимости от гражданства их родителей
179;Р23;ФЛД сезона 2011 г.;ТВ;Москва;2011.;ЭП увеличит пенсионный возраст
180;Р24;ФЛД сезона 2011 г.;ТВ;Москва;2011.;ЭП обяжет курильщиков самостоятельно платить за медицинское обслуживание
181;Р25;ФЛД сезона 2011 г.;ТВ;Москва;2011.;ЭП легализует изготовление и распространение порнографии
182;Р26;ФЛД сезона 2011 г.;ТВ;Москва;2011.;ЭП национализирует нефтедобывающие компании
183;Р27;ФЛД сезона 2011 г.;ТВ;Москва;2011.;ЭП запретит иностранцам служить в российской армии
184;Р28;ФЛД сезона 2011 г.;ТВ;Москва;2011.;ЭП запретит насилие в мультипликационных фильмах
185;ПФ;ФЛД сезона 2011 г.;ТВ;Москва;2011.;ЭП сделает накопительную часть пенсий добровольной
186;ПФ;ФЛД сезона 2011 г.;ТВ;Москва;2011.;ЭП разрешит эксперименты по репродуцированному клонированию человека
187;Игра за 3-е место;ФЛД сезона 2011 г.;ТВ;Москва;2011.;ЭПСЧ государство должно минимизировать распространение информации о терактах (в т.ч. не признавать факт теракта)
188;Ф;ФЛД сезона 2011 г.;ТВ;Москва;2011.;ЭПС необходимым исключить проблемные страны из еврозоны
189;Показат. игра;Игра вне турнира;Игра вне турнира;Москва;2012.01-07.;ЭП легализует короткоствольное оружие
190;Р1;II тур МЛЧ сезона 2011/2012;Для новичков;Москва;2012.02;ЭПСЧ Россия должна прекратить поддерживать Сирию в Совбезе ООН
191;Р2;II тур МЛЧ сезона 2011/2012;Для новичков;Москва;2012.02;ЭП разрешит матерям воспитывать детей в заключении (после трёхлетнего возраста) (Одна из трёх тем по жребию)
192;Р2;II тур МЛЧ сезона 2011/2012;Для новичков;Москва;2012.02;ЭП обяжет футбольные клубы проводить голосование среди фанатов (обязательное для исполнения) по важным вопросам, касающимся будущего клуба (Одна из трёх тем по жребию)
193;Р2;II тур МЛЧ сезона 2011/2012;Для новичков;Москва;2012.02;ЭПСЧ международные террористы не должны подвергаться аресту и быть представленными перед судом, если есть возможность их уничтожения (Одна из трёх тем по жребию)
194;Р3;II тур МЛЧ сезона 2011/2012;Для новичков;Москва;2012.02;ЭП будет поощрять детский труд в развивающихся странах 
195;Р1;ОТ «Залечь на дно в Петербурге»;Открытый;Санкт-Петербург;2012.02;ЭП запретит производство и продажу военных игрушек
196;Р2;ОТ «Залечь на дно в Петербурге»;Открытый;Санкт-Петербург;2012.02;ЭП запретит малоимущим родителям заводить второго ребенка
197;Р3;ОТ «Залечь на дно в Петербурге»;Открытый;Санкт-Петербург;2012.02;ЭП запретит рекламу инвестиционных инструментов
198;Р4;ОТ «Залечь на дно в Петербурге»;Открытый;Санкт-Петербург;2012.02;ЭП введет 100% налог на наследство
199;Р5;ОТ «Залечь на дно в Петербурге»;Открытый;Санкт-Петербург;2012.02;ЭПСЧ государство имеет право на уничтожение исторических доказательств для предотвращения социальных волнений
200;ПФ;ОТ «Залечь на дно в Петербурге»;Открытый;Санкт-Петербург;2012.02;ЭП поддерживает целенаправленное уничтожение иранских учёных, занимающихся ядерными разработками
201;Ф;ОТ «Залечь на дно в Петербурге»;Открытый;Санкт-Петербург;2012.02;ЭП осуждает ученых, занимающихся разработкой человекоподобных роботов
202;Р1;IV Зимний кубок;Открытый;Новосибирск;2012.02;ЭП обяжет олигархов заплатить «налог на приватизацию»
203;Р2;IV Зимний кубок;Открытый;Новосибирск;2012.02;ЭПСЧ государства обязательно должны признавать в качестве государственного язык, являющийся родным для более чем 25 % населения страны
204;Р3;IV Зимний кубок;Открытый;Новосибирск;2012.02;ЭП введет ответственность за тунеядство
205;Р4;IV Зимний кубок;Открытый;Новосибирск;2012.02;1928 год. Вы – Политбюро. Откажитесь от свёртывания Новой экономической политики
206;Р5;IV Зимний кубок;Открытый;Новосибирск;2012.02;ЭП запретит любое вмешательство третьих сторон во внутригосударственные конфликты
207;Р6;IV Зимний кубок;Открытый;Новосибирск;2012.02;ЭПСЧ все государства должны ввести ответственность за отрицание Холокоста
208;Ф;IV Зимний кубок;Открытый;Новосибирск;2012.02;24 сентября 2011 года. Вы – Съезд партии “Единая Россия”. Выдвиньте Д.А. Медведева на второй президентский срок
209;Показат. игра ;KAZAN OPEN;Открытый;Казань;2012.03;ЭП легализует браки, заключаемые родителями для детей в традиционных мусульманских семьях
210;Р1;KAZAN OPEN;Открытый;Казань;2012.03;ЭПСЧ суд присяжных не должен рассматривать дела в отношении публично известных людей
211;Р2;KAZAN OPEN;Открытый;Казань;2012.03;ЭП введет уголовную ответственность за употребление наркотиков
212;Р3;KAZAN OPEN;Открытый;Казань;2012.03;ЭП запретит применение телесных наказаний по отношению к детям
213;ПФ;KAZAN OPEN;Открытый;Казань;2012.03;ЭП верит в любовь на расстоянии
214;Ф;KAZAN OPEN;Открытый;Казань;2012.03;ЭПСЧ врачи никогда не должны лгать пациентам
215;Р1;III ВОТ МГУ;Открытый;Москва;2012.03;ЭПСЧ Интернет-пользователи должны нести ответственность за скачивание нелицензионного контента
216;Р2;III ВОТ МГУ;Открытый;Москва;2012.03;ЭПСЧ дети, принадлежащие к этническим меньшинствам, должны усыновляться только представителями этих меньшинств
217;Р3;III ВОТ МГУ;Открытый;Москва;2012.03;ЭП разрешит покупку голосов на выборах
218;Р4;III ВОТ МГУ;Открытый;Москва;2012.03;ЭП приравняет тело профессиональных бойцов к холодному оружию для целей уголовного права
219;Р5;III ВОТ МГУ;Открытый;Москва;2012.03;ЭП разрешит биологические эксперименты над солдатами
220;ПФ;III ВОТ МГУ;Открытый;Москва;2012.03;ЭП введёт налог на спекулятивные финансовые операции
221;Ф;III ВОТ МГУ;Открытый;Москва;2012.03;ЭП осуществит «реколонизацию» беднейших стран мира
222;Р1;Кубок Жальгириса IDEA ;Открытый;Вильнюс (Литва);2012.04;ЭП отменит двойное гражданство
223;Р2;Кубок Жальгириса IDEA ;Открытый;Вильнюс (Литва);2012.04;ЭП предоставит иммигрантам право голоса
224;Р3;Кубок Жальгириса IDEA ;Открытый;Вильнюс (Литва);2012.04;ЭП будет продавать гражданство
225;Р4;Кубок Жальгириса IDEA ;Открытый;Вильнюс (Литва);2012.04;ЭП отменит институт политического убежища
226;ПФ;Кубок Жальгириса IDEA ;Открытый;Вильнюс (Литва);2012.04;ЭПСЧ ассимиляция лучше политики мультикультурализма
227;Ф;Кубок Жальгириса IDEA ;Открытый;Вильнюс (Литва);2012.04;ЭПСЧ авторитаризм эффективнее демократии
228;Р1;II Позвольте..!?;Открытый;Казань;2012.04;ЭП легализует полигамные браки
229;Р2;II Позвольте..!?;Открытый;Казань;2012.04;ЭП криминализует отказ от оказания посильной помощи человеку, который находится в критической ситуации
230;Р3;II Позвольте..!?;Открытый;Казань;2012.04;ЭП запретит попрошайничество
231;Р4;II Позвольте..!?;Открытый;Казань;2012.04;ЭП обяжет чиновников и членов их семей пользоваться только государственными учебными учреждениями и медициной
232;Р5;II Позвольте..!?;Открытый;Казань;2012.04;ЭПСЧ содержание беженцев должно оплачиваться государствами, гражданами которых они являются
233;ПФ;II Позвольте..!?;Открытый;Казань;2012.04;ЭПСЧ международный олимпийский комитет должен исключить из числа участников олимпийских игр те государства, в которых действует запрет на участие женщин в международных спортивных соревнованиях
234;Ф;II Позвольте..!?;Открытый;Казань;2012.04;ЭПСЧ хакерские атаки, направленные на прекращение работы сайтов и электронных систем, являются легитимной формой гражданского протеста
235;Р1;III тур МЛЧ сезона 2011/2012;Для новичков;Москва;2012.04;ЭП увеличит пенсионный возраст для женщин в зависимости от количества детей
236;Р2;III тур МЛЧ сезона 2011/2012;Для новичков;Москва;2012.04;ЭПСЧ государство может проводить эксперименты лекарств на смертельно больных без их ведома (Одна из трёх тем по жребию)
237;Р2;III тур МЛЧ сезона 2011/2012;Для новичков;Москва;2012.04;ЭП поддерживает создание независимого государства туарегов (Одна из трёх тем по жребию)
238;Р2;III тур МЛЧ сезона 2011/2012;Для новичков;Москва;2012.04;ЭП обяжет добывающие компании инвестировать в альтернативные источники энергии (Одна из трёх тем по жребию)
239;Р3;III тур МЛЧ сезона 2011/2012;Для новичков;Москва;2012.04;ЭПСЧ парламент должен формироваться посредством жребия
240;Р1;Внутренний турнир МГУ 2012;Внутренний;Москва;2012.04;ЭП отменит лишение свободы
241;Р2;Внутренний турнир МГУ 2012;Внутренний;Москва;2012.04;ЭПСЧ при наличии технических возможностей обеспечить обсуждение законопроекта и голосования по нему парламент должен быть упразднён
242;Р3;Внутренний турнир МГУ 2012;Внутренний;Москва;2012.04;ЭП отменит институт политического убежища
243;Ф;Внутренний турнир МГУ 2012;Внутренний;Москва;2012.04;ЭПСЧ мораль выше закона
244;Р1;IX ОК МГЮА;Открытый;Москва;2012.04;ЭП разрешит государству использовать органы умерших без их волеизъявления или волеизъявления их родственников
245;Р2;IX ОК МГЮА;Открытый;Москва;2012.04;ЭПСЧ наркодилеры должны наказываться за преступления, совершаемые их клентами
246;Р3;IX ОК МГЮА;Открытый;Москва;2012.04;ЭПСЧ без сексуального влечения люди были бы лучше
247;Р4;IX ОК МГЮА;Открытый;Москва;2012.04;ЭП освободит Юлию Тимошенко в обмен на гарантии, что она никогда больше не будет заниматься политикой
248;Р5;IX ОК МГЮА;Открытый;Москва;2012.04;ЭП введет налог на эмиграцию
249;Р6;IX ОК МГЮА;Открытый;Москва;2012.04;ЭП запретит этнические и религиозные партии в странах Ближнего Востока
250;Р7;IX ОК МГЮА;Открытый;Москва;2012.04;ЭПС общественную неприязнь достаточным поводом для цензуры искусства
251;ПФ;IX ОК МГЮА;Открытый;Москва;2012.04;ЭПСЧ жертва имеет право простить преступника (ЭПСЧ прощение со стороны жертвы должно отменять уголовную ответственность за преступление)
252;Ф;IX ОК МГЮА;Открытый;Москва;2012.04;ЭПСЧ женщина на высоких каблуках не свободнее, чем женщина в парандже
253;Р1;Весомый Аргумент I;Открытый;Новосибирск;2012.04;ЭП повсеместно введёт раздельное обучение в школах (по половому признаку)
254;Р2;Весомый Аргумент I;Открытый;Новосибирск;2012.04;ЭПСЧ гражданин должен иметь право продать свой голос на выборах
255;Р3;Весомый Аргумент I;Открытый;Новосибирск;2012.04;ЭПСЧ налог на наследство должен быть существенным
256;Р4;Весомый Аргумент I;Открытый;Новосибирск;2012.04;ЭП разрешит однополые браки
257;Р5;Весомый Аргумент I;Открытый;Новосибирск;2012.04;ЭП разрешит государствам продавать гражданство
258;Р6;Весомый Аргумент I;Открытый;Новосибирск;2012.04;ЭП создаст специальные зоны с легализованным оборотом любых видов наркотиков
259;Р7;Весомый Аргумент I;Открытый;Новосибирск;2012.04;ЭП введет визовый режим между Россией и странами Средней Азии
260;ПФ;Весомый Аргумент I;Открытый;Новосибирск;2012.04;ЭП запретит высшим руководителям государств публично демонстрировать свою религиозную принадлежность
261;Ф;Весомый Аргумент I;Открытый;Новосибирск;2012.04;ЭПСЧ руководители местных органов внутренних дел должны избираться населением этих районов
262;Показат. игра;II Полемика;Открытый;Санкт-Петербург;2012.05;Отмена моратория на смертную казнь для национальных террористов (примерная формулировка)
263;Р1;II Полемика;Открытый;Санкт-Петербург;2012.05;ЭПСЧ Северная Корея должна выступить с предложением объединения Кореи (примерная формулировка)
264;Р2;II Полемика;Открытый;Санкт-Петербург;2012.05;ЭП не будет судить жертв домашнего насилия, которые убили своего супруга (примерная формулировка)
265;Р3;II Полемика;Открытый;Санкт-Петербург;2012.05;ЭП введет 100% налог на наследство
266;Р4;II Полемика;Открытый;Санкт-Петербург;2012.05;ЭПСЧ все церкви должны отказаться от своих привилегий (примерная формулировка)
267;Р5;II Полемика;Открытый;Санкт-Петербург;2012.05;ЭП сфальсифицирует результаты выборов, чтобы избавиться от репрессивного диктатора (при условии, что тайна не раскроется) (примерная формулировка)
268;Р6;II Полемика;Открытый;Санкт-Петербург;2012.05;ЭПСЧ государство должно субсидировать гомосексуальную порнографию (примерная формулировка)
269;Р7;II Полемика;Открытый;Санкт-Петербург;2012.05;ЭП отменит все пенсии (примерная формулировка)
270;ПФ;II Полемика;Открытый;Санкт-Петербург;2012.05;ЭП сожалеет об упадке рабочего движения (примерная формулировка)
271;Ф;II Полемика;Открытый;Санкт-Петербург;2012.05;ЭП разрешит все азартные игры и учреждения  (примерная формулировка)
272;Р1;Финальный тур МЛЧ сезона 2011/2012;Городской;Москва;2012.05;ЭП установит автоматы по продаже презервативов в школах
273;Р2;Финальный тур МЛЧ сезона 2011/2012;Городской;Москва;2012.05;ЭП запретит убийство животных для любых целей, кроме прямой самозащиты
274;Р3;Финальный тур МЛЧ сезона 2011/2012;Городской;Москва;2012.05;ЭП ликвидирует все городские гетто
275;Р4;Финальный тур МЛЧ сезона 2011/2012;Городской;Москва;2012.05;ЭП запретит любые формы протекционизма
276;Р5;Финальный тур МЛЧ сезона 2011/2012;Городской;Москва;2012.05;ЭП запретит использование в медицинских целях результатов испытаний, проведенных с нарушением прав человека (пояснение: кейс разного рода нацистских лабораторий)
277;ПФ;Финальный тур МЛЧ сезона 2011/2012;Городской;Москва;2012.05;ЭПСЧ в странах, где запрещены аборты, случаи изнасилования и инцеста не должны быть исключением
278;Ф;Финальный тур МЛЧ сезона 2011/2012;Городской;Москва;2012.05;"THW not use Israel's second strike capabilities
* You are the commander of an Israeli submarine in the Persian Gulf. It is the day after Israel was annihilated in a surprise Iranian nuclear attack"
279;Р1;Debate ON;Открытый;Омск;2012.05;ЭП запретит рекламу лекарственных средств
280;Р2;Debate ON;Открытый;Омск;2012.05;ЭП разрешит частные тюрьмы
281;Р3;Debate ON;Открытый;Омск;2012.05;ЭПСЧ все СМИ должны быть организованы как кооперативы, управляемые самими журналистами
282;Р4;Debate ON;Открытый;Омск;2012.05;ЭПСЧ результаты научных исследований, обладающих потенциально высокой опасностью, не должны публиковаться
283;Р5;Debate ON;Открытый;Омск;2012.05;ЭПСЧ ООН должна иметь свою армию
284;Р6;Debate ON;Открытый;Омск;2012.05;ЭП запретит продажу эксклюзивных прав на трансляцию крупнейших спортивных соревнований платным телеканалам
285;Ф;Debate ON;Открытый;Омск;2012.05;ЭПСЧ Интернет способствует демократизации
286;Р2;II ОТ «Кубок Новгородской Республики»;Джедайский;Великий Новгород;2012.05;ЭПСЧ двусторонние переговоры Израиля и Палестинской Автономии не являются жизнеспособным инструментом для создания двух государств (формулировка примерная)
287;Р3;II ОТ «Кубок Новгородской Республики»;Джедайский;Великий Новгород;2012.05;ЭП обяжет использовать презервативы в порнографии (формулировка примерная)
288;Р4;II ОТ «Кубок Новгородской Республики»;Джедайский;Великий Новгород;2012.05;ЭПСЧ высокочастотный трейдинг препятствует развитию экономики
289;Р5;II ОТ «Кубок Новгородской Республики»;Джедайский;Великий Новгород;2012.05;ЭПСЧ страны ЕС должны оказывать поддержку христианству, а не другим религиям
290;Ф;II ОТ «Кубок Новгородской Республики»;Джедайский;Великий Новгород;2012.05;ЭП даст родителям право на эвтаназию детей, родившихся с серьезными пороками развития
291;Р1;Первый Костромской Сбор бояр «Не Вопрос»;Открытый;Кострома;2012.05;ЭПСЧ объекты искусства не должны находиться в частной собственности
292;Р2;Первый Костромской Сбор бояр «Не Вопрос»;Открытый;Кострома;2012.05;ЭП запретит коммерческую деятельность, основанную на “сверхъестественных” способностях
293;Р3;Первый Костромской Сбор бояр «Не Вопрос»;Открытый;Кострома;2012.05;ЭПСЧ в России должны быть отменены все ограничения на свободу собраний
294;Р4;Первый Костромской Сбор бояр «Не Вопрос»;Открытый;Кострома;2012.05;ЭП снимет все ограничения на службу в армии
295;Р5;Первый Костромской Сбор бояр «Не Вопрос»;Открытый;Кострома;2012.05;ЭП криминализует выкуп похищенных людей
296;ПФ;Первый Костромской Сбор бояр «Не Вопрос»;Открытый;Кострома;2012.05;ЭП сожалеет об изобретении контрацепции
297;Ф;Первый Костромской Сбор бояр «Не Вопрос»;Открытый;Кострома;2012.05;ЭПСЧ детей должно воспитывать только государство
298;Р1;I Летний ОТ “2+2″;Открытый;Санкт-Петербург;2012.07;ЭПСЧ положительные главные герои произведений искусства не должны нарушать закон
299;Р2;I Летний ОТ “2+2″;Открытый;Санкт-Петербург;2012.07;ЭП запретит любому гражданину любой страны зарабатывать более 10 млрд долл в год
300;Р3;I Летний ОТ “2+2″;Открытый;Санкт-Петербург;2012.07;ЭП будет выдавать разрешения на рождение детей
301;ЧФ;I Летний ОТ “2+2″;Открытый;Санкт-Петербург;2012.07;ЭПСЧ в странах ЕС должны официально поддержать христианство
302;Ф;I Летний ОТ “2+2″;Открытый;Санкт-Петербург;2012.07;ЭП помилует преступников при широкой общественной поддержке
303;Р1;Pro et contra II;Открытый;Екатеринбург;2012.09;ЭПСЧ врачи никогда не должны лгать пациентам
304;Р2;Pro et contra II;Открытый;Екатеринбург;2012.09;ЭП разрешит шариатские суды на Северном Кавказе по взаимному согласию сторон
305;Р3;Pro et contra II;Открытый;Екатеринбург;2012.09;ЭП даст право голоса на выборах несовершеннолетним, сдавшим специальный экзамен на знание гражданских прав и государственного устройства
306;Р4;Pro et contra II;Открытый;Екатеринбург;2012.09;ЭП запретит публикацию научных трудов, указывающих на расовые/этнические различия
307;Р5;Pro et contra II;Открытый;Екатеринбург;2012.09;ЭП обяжет священников доносить о преступлениях, ставших известными из исповеди
308;ПФ;Pro et contra II;Открытый;Екатеринбург;2012.09;ЭП выберет единое место для проведения олимпийских игр
309;Ф;Pro et contra II;Открытый;Екатеринбург;2012.09;ЭП разрешит тестировать на заключенных медицинские препараты в обмен на смягчение наказания
310;Показат. игра;Международная академия дебатов IDEA имени Чингиза Айтматова;Открытый;Иссык-Куль (Киргизия);2012.09;ЭПСЧ американские СМИ должны объединяться с правительством для пропаганды во время военных действий
311;Р1;Международная академия дебатов IDEA имени Чингиза Айтматова;Открытый;Иссык-Куль (Киргизия);2012.09;ЭП запретит папарацци вмешиваться в частную жизнь публичных людей (формулировка примерная)
312;Р2;Международная академия дебатов IDEA имени Чингиза Айтматова;Открытый;Иссык-Куль (Киргизия);2012.09;ЭП сделает все СМИ государственными (формулировка примерная)
313;Р3;Международная академия дебатов IDEA имени Чингиза Айтматова;Открытый;Иссык-Куль (Киргизия);2012.09;ЭП запретит осквернять религиозную символику (формулировка примерная)
314;Р4;Международная академия дебатов IDEA имени Чингиза Айтматова;Открытый;Иссык-Куль (Киргизия);2012.09;ЭП разрешит блокировать доступ к интернет-контенту до решения суда (формулировка примерная)
315;Р5;Международная академия дебатов IDEA имени Чингиза Айтматова;Открытый;Иссык-Куль (Киргизия);2012.09;ЭП легализует порнографию (формулировка примерная)
316;Р6;Международная академия дебатов IDEA имени Чингиза Айтматова;Открытый;Иссык-Куль (Киргизия);2012.09;ЭПСЧ СМИ имеют моральное обязательство искать и разглашать сведения, содержащие гос. тайну (формулировка примерная)
317;ЧФ;Международная академия дебатов IDEA имени Чингиза Айтматова;Открытый;Иссык-Куль (Киргизия);2012.09;ЭП введёт возрастной ценз на пользование соц. сетями (формулировка примерная)
318;ПФ;Международная академия дебатов IDEA имени Чингиза Айтматова;Открытый;Иссык-Куль (Киргизия);2012.09;ЭП запретит распространение информации о терактах и захватах заложников на необходимый период
319;Ф;Международная академия дебатов IDEA имени Чингиза Айтматова;Открытый;Иссык-Куль (Киргизия);2012.09;ЭП сожалеет о сериале «Бригада»
320;Р1;11-й Кубок Сибири 2012;Открытый;Новосибирск;2012.09;ЭП поддерживает создание моноэтнических классов в школах
321;Р2;11-й Кубок Сибири 2012;Открытый;Новосибирск;2012.09;ЭП ограничит размер средств, которые могут расходовать корпорации на любой вид юридической помощи
322;Р3;11-й Кубок Сибири 2012;Открытый;Новосибирск;2012.09;ЭП введет возможность негативного голосования на выборах
323;Р4;11-й Кубок Сибири 2012;Открытый;Новосибирск;2012.09;ЭП запретит частную медицину
324;Р5;11-й Кубок Сибири 2012;Открытый;Новосибирск;2012.09;ЭПСЧ в случае критической ситуации при родах, исключающей возможность спасение и матери, и ребенка, врач должен спасать ребенка
325;Р6;11-й Кубок Сибири 2012;Открытый;Новосибирск;2012.09;"ЭП поддерживает насильственную профориентацию с целью оптимального распределения граждан в системе разделения труда
* Человечеством была изобретена технология, позволяющая в 16 лет определять с вероятностью в 95% предрасположенность человека к определенной профессии"
326;Ф;11-й Кубок Сибири 2012;Открытый;Новосибирск;2012.09;ЭПСЧ Западные страны не должны запрещать показ фильма «Невинность мусульман»
327;Р1;III ОТ Новгорода «Речевой Бугурт»;Джедайский;Великий Новгород;2012.09;ЭП будет наказывать участников массовых беспорядков по жребию
328;Р2;III ОТ Новгорода «Речевой Бугурт»;Джедайский;Великий Новгород;2012.09;ЭП запретит разработку лекарств, позволяющих задавать пол и сексуальную ориентацию будущего ребенка
329;Р3;III ОТ Новгорода «Речевой Бугурт»;Джедайский;Великий Новгород;2012.09;ЭПС недопустимым финансирование демократии из-за рубежа
330;Р4;III ОТ Новгорода «Речевой Бугурт»;Джедайский;Великий Новгород;2012.09;ЭПСЧ религиозным человеком быть лучше, чем атеистом
331;Р5;III ОТ Новгорода «Речевой Бугурт»;Джедайский;Великий Новгород;2012.09;ЭП отменит свидетельский иммунитет для родственников подсудимого
332;ПФ;III ОТ Новгорода «Речевой Бугурт»;Джедайский;Великий Новгород;2012.09;ЭП обяжет преступника быть донором органов в пользу жертвы, пострадавшей в результате совершенного им преступления
333;Ф;III ОТ Новгорода «Речевой Бугурт»;Джедайский;Великий Новгород;2012.09;Являясь железнодорожником, ЭП опустит рычаг и спасет поезд
334;Речевой поединок;III ОТ Новгорода «Речевой Бугурт»;Джедайский;Великий Новгород;2012.09;ЭПСЧ обман о своём социальном статусе с целью добиться от девушки секса должен быть наказуем
335;Р1;5-й турнир «Fire – 2012»;Открытый;Харьков (Украина);2012.10;ЭП уравняет пенсионный возраст М и Ж
336;Р2;5-й турнир «Fire – 2012»;Открытый;Харьков (Украина);2012.10;ЭП введёт уголовную ответственность с обязательным ограничением свободы за вождение в нетрезвом виде
337;Р3;5-й турнир «Fire – 2012»;Открытый;Харьков (Украина);2012.10;ЭП разрешит спортивным клубам тратить ровно столько денег, сколько они зарабатывают
338;Р4;5-й турнир «Fire – 2012»;Открытый;Харьков (Украина);2012.10;ЭПСЧ Youtube должен был удалить фильм «Невинность мусульман» с момента начала народных волнений
339;Р5;5-й турнир «Fire – 2012»;Открытый;Харьков (Украина);2012.10;ЭПСЧ западные страны должны списать все долги любой авторитарной стране после ее перехода к демократии
340;Р6;5-й турнир «Fire – 2012»;Открытый;Харьков (Украина);2012.10;ЭП введет штраф за откровенный сексуальный внешний вид
341;Р7;5-й турнир «Fire – 2012»;Открытый;Харьков (Украина);2012.10;ЭПСЧ дети с ограниченными возможностями должны учиться с «обычными» детьми
342;ПФ;5-й турнир «Fire – 2012»;Открытый;Харьков (Украина);2012.10;ЭПСЧ консьюмеризм приводит к развитию общества
343;Ф;5-й турнир «Fire – 2012»;Открытый;Харьков (Украина);2012.10;ЭП выбирает бессмертие
344;Р1;«С Дону выдачи нет!»;Открытый;Ростов-на-Дону;2012.10;ЭП введёт уголовную ответственность за отказ своевременно покинуть жилище в случае заблаговременного предупреждения о надвигающейся катастрофе
345;Р2;«С Дону выдачи нет!»;Открытый;Ростов-на-Дону;2012.10;ЭП обяжет социальные сети предоставлять доступ к аккаунтам несовершеннолетних детей их родителям
346;Р3;«С Дону выдачи нет!»;Открытый;Ростов-на-Дону;2012.10;ЭПСЧ территориально-административные образования должны иметь право на выход из страны по итогам регионального референдума
347;Р4;«С Дону выдачи нет!»;Открытый;Ростов-на-Дону;2012.10;ЭП отменит все виды обязательного страхования
348;Р5;«С Дону выдачи нет!»;Открытый;Ростов-на-Дону;2012.10;ЭПСЧ высшее образование во всем мире должно вестись на английском языке
349;ПФ;«С Дону выдачи нет!»;Открытый;Ростов-на-Дону;2012.10;ЭПСЧ русская православная церковь должна выступить с официальным заявлением о прощении участниц панк-группы Pussy Riot и прошением об их помиловании
350;Ф;«С Дону выдачи нет!»;Открытый;Ростов-на-Дону;2012.10;"ЭП удержит власть любыми способами
* Грузия, сентябрь 2012. Вы – Михаил Саакашвили.  Вам достоверно докладывают, что Ваша партия проиграет предстоящие выборы"
351;Р1;TopGames 2012;Открытый;Челябинск;2012.10;ЭП отменит все возрастные ограничения для чиновников высшего ранга
352;Р2;TopGames 2012;Открытый;Челябинск;2012.10;ЭП запретит публиковать в СМИ информацию об уголовных делах, по которым еще не вынесено судебное решение
353;Р3;TopGames 2012;Открытый;Челябинск;2012.10;ЭПСЧ все страны имеют право владеть ядерным оружием
354;Р4;TopGames 2012;Открытый;Челябинск;2012.10;ЭП будет принудительно кормить участников голодовок
355;Р5;TopGames 2012;Открытый;Челябинск;2012.10;ЭП поддерживает участие священников в выборах
356;ПФ;TopGames 2012;Открытый;Челябинск;2012.10;ЭП запретит государству проводить операции на финансовых рынках
357;Ф;TopGames 2012;Открытый;Челябинск;2012.10;ЭП верит в коммунизм
358;Р1;Турнир МФТИ;Открытый;Москва;2012.10;"ЭП внедрит всем своим гражданам невозможность нарушения закона
* Иимеется система, позволяющая внедрять в голову людям любые ограничения на поведение"
359;Р2;Турнир МФТИ;Открытый;Москва;2012.10;ЭП упразднит государство
360;Р3;Турнир МФТИ;Открытый;Москва;2012.10;ЭП будет отправлять ракеты на Марс, несмотря на то, что люди на Земле умирают от голода
361;Р4;Турнир МФТИ;Открытый;Москва;2012.10;ЭПСЧ российская либеральная оппозиция должна сотрудничать с любыми радикальными группами для достижения своих целей
362;ПФ;Турнир МФТИ;Открытый;Москва;2012.10;"ЭП уничтожит Адольфа Гитлера
* У человечества имеется возможность вернуться в прошлое на машине времени"
363;Ф;Турнир МФТИ;Открытый;Москва;2012.10;ЭП коронует Путина
364;Р1;V КП МГЮА;Открытый;Москва;2012.10;ЭП запретит занимать государственные должности тем, кто не прошел службу в армии
365;Р2;V КП МГЮА;Открытый;Москва;2012.10;ЭПСЧ фильмы о жизни святых должны сниматься только при сотрудничестве с официальной церковью
366;Р3;V КП МГЮА;Открытый;Москва;2012.10;ЭП запретит корпорациям финансировать академические исследования
367;Р4;V КП МГЮА;Открытый;Москва;2012.10;ЭП позволит компаниям платить более высокую заработную плату сотрудникам, которые по договору соглашаются не иметь детей
368;Р5;V КП МГЮА;Открытый;Москва;2012.10;ЭПСЧ Россия должна в одностороннем порядке отменить визы для всех граждан развитых стран
369;Фмк;V КП МГЮА;Открытый;Москва;2012.10;ЭПСЧ сериалы – зло
370;ПФ;V КП МГЮА;Открытый;Москва;2012.10;ЭП запретит отказ от ребенка
371;Ф;V КП МГЮА;Открытый;Москва;2012.10;ЭП создаст единое государство на базе ООН
372;Р1;ОК НГУ 2012;Открытый;Новосибирск;2012.11;ЭП предоставит заключенным право голосовать на выборах
373;Р2;ОК НГУ 2012;Открытый;Новосибирск;2012.11;ЭП создаст негласный отряд для ликвидации криминальных авторитетов
374;Р3;ОК НГУ 2012;Открытый;Новосибирск;2012.11;ЭП признает уничтожение религиозных и культурных объектов допустимым способом ведения войны
375;Р4;ОК НГУ 2012;Открытый;Новосибирск;2012.11;Судно получило повреждение, несовместимое с его живучестью. Средств спасения хватит лишь для 50 % пассажиров. ЭП не поддерживает правило «капитан покидает судно последним»
376;Р5;ОК НГУ 2012;Открытый;Новосибирск;2012.11;ЭП откажется от государственных обвинителей в уголовном процессе и заменит их на адвокатов, нанимаемых государством или потерпевшими
377;Р6;ОК НГУ 2012;Открытый;Новосибирск;2012.11;ЭП никогда не будет уничтожать памятники прошедших исторических эпох
378;ПФ;ОК НГУ 2012;Открытый;Новосибирск;2012.11;ЭП откажется от вручения Нобелевской премии мира
379;Ф;ОК НГУ 2012;Открытый;Новосибирск;2012.11;Июль 1942 г., Ставка верховного главнокомандования. Вы – Иосиф Сталин. ЭП не подпишет приказ №227
380;Р1;I OT МЛЧ «Дебатное единство»;Для новичков;Москва;2012.11;ЭП заставит детей, страдающих клинической степенью ожирения, проводить школьные каникулы в специальных лагерях для похудания
381;Р2;I OT МЛЧ «Дебатное единство»;Для новичков;Москва;2012.11;ЭП разрешит суду использовать улики, полученные с нарушением закона
382;Р3;I OT МЛЧ «Дебатное единство»;Для новичков;Москва;2012.11;ЭП запретит бизнес-класс в самолетах
383;Р4;I OT МЛЧ «Дебатное единство»;Для новичков;Москва;2012.11;ЭП запретит медицинские эксперименты над животными
384;Р5;I OT МЛЧ «Дебатное единство»;Для новичков;Москва;2012.11;ЭП запретит любую цензуру книг
385;ПФ;I OT МЛЧ «Дебатное единство»;Для новичков;Москва;2012.11;ЭПС апартеид допустимой формой устройства общества
386;Ф;I OT МЛЧ «Дебатное единство»;Для новичков;Москва;2012.11;ЭП амнистирует членов террористических организаций в случае, если такая организация публично откажется от своих намерений и сдаст оружие
387;Р1;Всесоюзный турнир «Дебаты в Советах»;Открытый;Кострома;2012.11;ЭП создаст зоны свободного оборота и употребления всех наркотиков
388;Р2;Всесоюзный турнир «Дебаты в Советах»;Открытый;Кострома;2012.11;ЭПСЧ 1-ое правительство имеет право выбрать любую тему
389;Р3;Всесоюзный турнир «Дебаты в Советах»;Открытый;Кострома;2012.11;ЭП запретит любые трансферы оружия между государствами
390;Р4;Всесоюзный турнир «Дебаты в Советах»;Открытый;Кострома;2012.11;ЭП будет выдавать лицензии на убийства в обмен на осуществление любых работ в пользу общества по его заказу на некоторый срок
391;Р5;Всесоюзный турнир «Дебаты в Советах»;Открытый;Кострома;2012.11;ЭП криминализует публичное восхваление личности Сталина
392;ПФ;Всесоюзный турнир «Дебаты в Советах»;Открытый;Кострома;2012.11;ЭПСЧ государство должно устанавливать максимальную ставку потребительского кредитования
393;Ф;Всесоюзный турнир «Дебаты в Советах»;Открытый;Кострома;2012.11;Ученые достоверно установили, что 21 декабря 2012 года Земля и все ее жители будут уничтожены в результате неминуемого столкновения планеты с астероидом. Не спасется никто. ЭПСЧ информация должна быть скрыта от общественности
394;Ф спикеров;Всесоюзный турнир «Дебаты в Советах»;Открытый;Кострома;2012.11;ЭПСЧ мужчиной быть лучше, чем женщиной 
395;Р1;III турнир «Позвольте!»;Открытый;Казань;2012.11;ЭП запретит слишком худым моделям работать по профессии
396;Р2;III турнир «Позвольте!»;Открытый;Казань;2012.11;ЭП не будет наказывать беднейшие слои населения за преступления, совершенные из-за нужды
397;Р3;III турнир «Позвольте!»;Открытый;Казань;2012.11;ЭПСЧ развитые страны не должны проводить ответных протекционистских мер в ответ на протекционистские меры со стороны развивающихся стран
398;Р4;III турнир «Позвольте!»;Открытый;Казань;2012.11;ЭП с помощью лотереи будет обязывать граждан участвовать в тестировании новых вакцин
399;Р5;III турнир «Позвольте!»;Открытый;Казань;2012.11;"ЭПСЧ государство должно заказать создание мультфильма для борьбы со сложным влиянием в обществе с гендерными стереотипами
* Исполнитель не сможет отказаться от заказа"
400;ПФ;III турнир «Позвольте!»;Открытый;Казань;2012.11;ЭП запретит изображать террористов в произведениях искусства
401;Ф;III турнир «Позвольте!»;Открытый;Казань;2012.11;ЭПСЧ если люди физически не могли бы врать, то этот мир был бы лучше
402;Р1;1-й тур Новосибирской лиги дебатов 2012/2013;Городской;Новосибирск;2012.11;ЭП предпочла бы, чтобы пьеса Шекспира «Ромео и Джульетта» заканчивалась хэппи-эндом
403;Р2;1-й тур Новосибирской лиги дебатов 2012/2013;Городской;Новосибирск;2012.11;ЭП будет платить награду «охотникам за головами» за задержание разыскиваемых лиц
404;Р3;1-й тур Новосибирской лиги дебатов 2012/2013;Городской;Новосибирск;2012.11;В случае, если истинность одной из религии станет достоверно установлена, ЭП будет принимать законы, основываясь на постулатах этой религии
405;Ф;1-й тур Новосибирской лиги дебатов 2012/2013;Городской;Новосибирск;2012.11;ЭП будет публиковать поименные результаты голосования избирателей на выборах
406;Р1;I Джедайский турнир;Джедайский;Москва;2012.11;ЭП запретит помещать родителей в дом престарелых при наличии трудоспособных детей
407;Р2;I Джедайский турнир;Джедайский;Москва;2012.11;ЭП откажет Израилю в праве на защиту до тех пор, пока не будут выведены еврейские поселения с Западного берега реки Иордан
408;Р3;I Джедайский турнир;Джедайский;Москва;2012.11;ЭП запретит физическому лицу получать ежегодный доход более 10 млн. рублей
409;Р4;I Джедайский турнир;Джедайский;Москва;2012.11;"ЭП будет использовать технологию, позволяющую подбирать партнёров так, чтобы они приносили максимальную пользу обществу, для заключения всех браков.
* Пояснение: отказаться от заключения такого брака нельзя"
410;Р5;I Джедайский турнир;Джедайский;Москва;2012.11;ЭП поддерживает деятельность драгхантеров
411;ПФ;I Джедайский турнир;Джедайский;Москва;2012.11;ЭП введёт санкции против стран, ограничивающих доступ в Интернет для своих граждан 
412;Ф;I Джедайский турнир;Джедайский;Москва;2012.11;ЭП введёт налог на детей мигрантов 
413;Р1;V Завалинки;Открытый;Тюмень;2012.12;ЭП разрешит использовать тела для трансплантации органов вне зависимости от воли умерших людей
414;Р2;V Завалинки;Открытый;Тюмень;2012.12;ЭП криминализирует нелегальную миграцию
415;Р3;V Завалинки;Открытый;Тюмень;2012.12;ЭП поддерживает немецкую налоговую полицию (случай приобретения у работника австрийского банка информации о счетах граждан Германии)
416;Р4;V Завалинки;Открытый;Тюмень;2012.12;ЭПСЧ общественно важные произведения искусства должны находиться только в государственной собственности
417;Р5;V Завалинки;Открытый;Тюмень;2012.12;ЭП лишит пенсионеров права голосовать на выборах
418;ПФ;V Завалинки;Открытый;Тюмень;2012.12;ЭП упразднит все формы антимонопольного регулирования
419;Ф;V Завалинки;Открытый;Тюмень;2012.12;ЭПСЧ анархия лучше тоталитаризма
420;Р1;KARJALA DEBATE!;Открытый;Петрозаводск;2012.12;ЭП криминализует вождение автомобиля в состоянии алкогольного опьянения
421;Р2;KARJALA DEBATE!;Открытый;Петрозаводск;2012.12;ЭПСЧ главы ОВД должны быть избираемыми
422;Р3;KARJALA DEBATE!;Открытый;Петрозаводск;2012.12;ЭП будет препятствовать свержению выбранной власти в Египте
423;Р4;KARJALA DEBATE!;Открытый;Петрозаводск;2012.12;ЭП запретит кредитование физических лиц
424;ПФ;KARJALA DEBATE!;Открытый;Петрозаводск;2012.12;ЭП одобряет законопроект о списке Магнитского
425;Ф;KARJALA DEBATE!;Открытый;Петрозаводск;2012.12;ЭПСЧ российская система высшего образования провалилась
426;Р1;Дебаты в МММЦ;Открытый;Москва;2012.12;ЭП запретит использование животных в развлекательных целях (по сути, речь идет о цирках, зоопарках, сафари, корриде и проч.)
427;Р2;Дебаты в МММЦ;Открытый;Москва;2012.12;ЭПСЧ все судебные дела, в рамках которых рассматриваются преступление против жизни и здоровья человека, должен рассматривать суд присяжных
428;Р3;Дебаты в МММЦ;Открытый;Москва;2012.12;ЭП уравняет количество мужчин и женщин в парламенте
429;Р4;Дебаты в МММЦ;Открытый;Москва;2012.12;ЭП обяжет одиноких людей вступать в брак
430;Ф;Дебаты в МММЦ;Открытый;Москва;2012.12;ЭП разрешит родителям продавать своих детей (за исключением случаев, когда ребёнок приобретается с целью насилия над ним)
431;Р1;III ОТ КФ РАП на кубок им. Ф. Плевако;Открытый;Казань;2012.12;ЭП разрешит брачные договоры, предусматривающие тюремное заключение за супружескую измену
432;Р2;III ОТ КФ РАП на кубок им. Ф. Плевако;Открытый;Казань;2012.12;ЭПСЧ обычные полицейские не должны носить смертоносное оружие
433;Р3;III ОТ КФ РАП на кубок им. Ф. Плевако;Открытый;Казань;2012.12;ЭПСЧ феминистические движения должны требовать запрета порнографии
434;Р4;III ОТ КФ РАП на кубок им. Ф. Плевако;Открытый;Казань;2012.12;ЭП уволит менеджеров компаний, которых государство спасло от банкротства
435;Р5;III ОТ КФ РАП на кубок им. Ф. Плевако;Открытый;Казань;2012.12;ЭПСЧ Евросоюзу пора выкинуть некоторых членов
436;ПФ;III ОТ КФ РАП на кубок им. Ф. Плевако;Открытый;Казань;2012.12;ЭП поддерживает учёных, фабрикующих доказательства, преувеличивающие влияние человека на изменение климата
437;Ф;III ОТ КФ РАП на кубок им. Ф. Плевако;Открытый;Казань;2012.12;ЭПСЧ прощение со стороны жертвы должно отменять уголовную ответственность
438;Ф спикеров;III ОТ КФ РАП на кубок им. Ф. Плевако;Открытый;Казань;2012.12;ЭПСЧ страны, страдающие от перенаселения должны вести политику «одного ребёнка на семью»
439;Р1;Турнир «Город ЧЕ»;Открытый;Чебоксары;2012.12;ЭП запретит известным общественным деятелям (артисты, спортсмены) агитировать электорат голосовать за определенную партию
440;Р2;Турнир «Город ЧЕ»;Открытый;Чебоксары;2012.12;Если наукой будет доказано, что гомосексуализм носит приобретенный характер и может быть излечен медицинскими методами, ЭП принудительно излечит всех гомосексуалистов
441;Р3;Турнир «Город ЧЕ»;Открытый;Чебоксары;2012.12;ЭПС демпинг допустимой стратегией бизнеса
442;Р4;Турнир «Город ЧЕ»;Открытый;Чебоксары;2012.12;ЭП создаст молельные комнаты в школах
443;Р5;Турнир «Город ЧЕ»;Открытый;Чебоксары;2012.12;ЭПСЧ убийство женщины должно наказываться сильнее, чем убийство мужчины
444;ПФ;Турнир «Город ЧЕ»;Открытый;Чебоксары;2012.12;ЭПСЧ мировое сообщество должно полностью закрывать границы стран на время гражданской войны (кроме случаев вывода беженцев)
445;Ф;Турнир «Город ЧЕ»;Открытый;Чебоксары;2012.12;ЭП отменит институт брака
446;Р1;Городской турнир Лиги Дебатов Екатеринбурга;Городской;Екатеринбург;2012.12;ЭП введет специальный налог для граждан, не прошедших службу в армии
447;Р2;Городской турнир Лиги Дебатов Екатеринбурга;Городской;Екатеринбург;2012.12;ЭПСЧ важные решения, касающиеся здоровья детей, должны приниматься специалистами в области медицины, а не родителями ребенка
448;Р3;Городской турнир Лиги Дебатов Екатеринбурга;Городской;Екатеринбург;2012.12;ЭПСЧ результаты выборов при явке менее 70% подлежат аннулированию
449;Р4;Городской турнир Лиги Дебатов Екатеринбурга;Городской;Екатеринбург;2012.12;ЭПСЧ люди не должны давать милостыню нищим
450;ПФ;Городской турнир Лиги Дебатов Екатеринбурга;Городской;Екатеринбург;2012.12;ЭП уничтожит культурное наследие тоталитарных режимов
451;Ф;Городской турнир Лиги Дебатов Екатеринбурга;Городской;Екатеринбург;2012.12;Вы создали первое на планете существо, наделенное искусственным интеллектом. ЭПСЧ его необходимо уничтожить
452;Р1;ОТ «Дебаты напоследок»;Открытый;Санкт-Петербург;2012.12;ЭП обяжет детей российских высших чиновников отслужить в армии по призыву
453;Р2;ОТ «Дебаты напоследок»;Открытый;Санкт-Петербург;2012.12;ЭПСЧ художники, создавшие произведения массовой культуры при поддержке преступных тоталитарных режимов, должны нести уголовную ответственность
454;Р3;ОТ «Дебаты напоследок»;Открытый;Санкт-Петербург;2012.12;ЭП поддерживает практику списков, подобных списку Магнитского
455;Р4;ОТ «Дебаты напоследок»;Открытый;Санкт-Петербург;2012.12;ЭП выступает против миссионерской деятельности
456;Р5;ОТ «Дебаты напоследок»;Открытый;Санкт-Петербург;2012.12;ЭП поддерживает практику прогрессивного налогообложения в зависимости от размера капитала банка
457;ЧФ;ОТ «Дебаты напоследок»;Открытый;Санкт-Петербург;2012.12;ЭП введёт инструменты прямой демократии в сети интернет
458;ПФ;ОТ «Дебаты напоследок»;Открытый;Санкт-Петербург;2012.12;ЭП выступает против использования агентов под прикрытием
459;Ф;ОТ «Дебаты напоследок»;Открытый;Санкт-Петербург;2012.12;ЭПСЧ либеральная идеология означает конец западной цивилизации
460;Р1;ФЛД сезона 2012 г.;ТВ;Москва;2012.;ЭПСЧ количество голосов на выборах должно быть пропорциональным налоговым выплатам физического лица
461;Р2;ФЛД сезона 2012 г.;ТВ;Москва;2012.;ЭП поддерживает использование детского труда в развивающихся странах
462;Р3;ФЛД сезона 2012 г.;ТВ;Москва;2012.;ЭПСЧ страны СНГ должны выработать единый учебник истории
463;Р4;ФЛД сезона 2012 г.;ТВ;Москва;2012.;ЭП ликвидирует право вето для постоянных членов в Совете Безопасности ООН
464;Р5;ФЛД сезона 2012 г.;ТВ;Москва;2012.;ЭП обяжет футбольные клубы проводить обязательные для исполнения голосования среди фанатов по всем важным вопросам, касающимся будущего клуба
465;Р6;ФЛД сезона 2012 г.;ТВ;Москва;2012.;ЭПС оправданным введение ограничения социальных сетей со стороны государства в целях общественной безопасности
466;Р7;ФЛД сезона 2012 г.;ТВ;Москва;2012.;ЭП обяжет государства признать в качестве государственного языка, родного для четверти населения страны
467;Р8;ФЛД сезона 2012 г.;ТВ;Москва;2012.;ЭП предоставит политикам, отстранённым от власти, иммунитет от преследования за действия, совершённые во время пребывания у власти
468;Р9;ФЛД сезона 2012 г.;ТВ;Москва;2012.;ЭПСЧ развитые страны не должны принимать квалифицированных мигрантов из развивающихся стран
469;Р10;ФЛД сезона 2012 г.;ТВ;Москва;2012.;ЭП запретит развивающимся странам проводить крупные мировые спортивные мероприятия
470;Р11;ФЛД сезона 2012 г.;ТВ;Москва;2012.;ЭПСЧ государство имеет право на уничтожение исторических доказательств для предотвращения социальных волнений
471;Р12;ФЛД сезона 2012 г.;ТВ;Москва;2012.;ЭПСЧ при разводах по причине измены всё имущество, приобретенное в браке, должно отходить пострадавшей стороне
472;Р13;ФЛД сезона 2012 г.;ТВ;Москва;2012.;ЭПСЧ человек, болеющий заразной смертельной болезнью, должен иметь клеймо на видном месте своего тела
473;Р14;ФЛД сезона 2012 г.;ТВ;Москва;2012.;ЭП обяжет олигархов заплатить «налог на приватизацию»
474;Р15;ФЛД сезона 2012 г.;ТВ;Москва;2012.;ЭПСЧ дети, принадлежащие к этническим меньшинствам, должны усыновляться только представителями этих меньшинств
475;Р16;ФЛД сезона 2012 г.;ТВ;Москва;2012.;ЭПСЧ Запад должен признать независимость Абхазии и Южной Осетии
476;Р17;ФЛД сезона 2012 г.;ТВ;Москва;2012.;ЭП сделает ставку на развитие малоэтажного строительства в городском и окологородском пространстве
477;Р18;ФЛД сезона 2012 г.;ТВ;Москва;2012.;ЭП признает тела профессиональных бойцов оружием для целей уголовного права
478;Р19;ФЛД сезона 2012 г.;ТВ;Москва;2012.;ЭПСЧ международные террористы не должны подвергаться аресту и быть представленными перед судом, если есть возможность их уничтожения
479;Р20;ФЛД сезона 2012 г.;ТВ;Москва;2012.;ЭПСЧ Россия должна ввести визовый режим со странами Средней Азии
480;Р21;ФЛД сезона 2012 г.;ТВ;Москва;2012.;ЭП выступает за введение единой денежной единицы на территории Таможенного союза
481;Р22;ФЛД сезона 2012 г.;ТВ;Москва;2012.;ЭПС общественную неприязнь достаточным поводом для цензуры искусства
482;Р23;ФЛД сезона 2012 г.;ТВ;Москва;2012.;ЭПСЧ необходимо разрешить проведение гей-парадов
483;Р24;ФЛД сезона 2012 г.;ТВ;Москва;2012.;ЭП освободит Юлию Тимошенко в обмен на гарантии, что она никогда больше не будет заниматься политикой
484;ЧФ;ФЛД сезона 2012 г.;ТВ;Москва;2012.;ЭПСЧ белоленточная оппозиция провалилась
485;ЧФ;ФЛД сезона 2012 г.;ТВ;Москва;2012.;ЭП запретит ношение религиозных атрибутов в российских школах
486;ЧФ;ФЛД сезона 2012 г.;ТВ;Москва;2012.;ЭП запретит государственное финансирование профессиональных спортивных команд
487;ЧФ;ФЛД сезона 2012 г.;ТВ;Москва;2012.;ЭП предоставит заключённым возможность принимать участие в клинических испытаниях лекарственных препаратов в обмен на смягчение наказания
488;ПФ;ФЛД сезона 2012 г.;ТВ;Москва;2012.;ЭПСЧ, будучи отцом, вы должны опустить рычаг и спасти поезд
489;ПФ;ФЛД сезона 2012 г.;ТВ;Москва;2012.;Вы являетесь капитаном израильской атомной подводной лодки с ядерными боеголовками на борту. Иран нанёс ядерный удар по Израилю и уничтожил его. ЭПСЧ вы, будучи капитаном подводной лодки, не должны наносить ответный удар
490;Игра за 3-е место;ФЛД сезона 2012 г.;ТВ;Москва;2012.;ЭПСЧ без сексуального влечения человек был бы лучше
491;Ф;ФЛД сезона 2012 г.;ТВ;Москва;2012.;ЭПСЧ развивающиеся страны нуждаются в авторитарном режиме
492;Р1;2-й тур Новосибирской лиги дебатов 2012/2013;Городской;Новосибирск;2013.01;ЭП против включения абортов в перечень бесплатных медицинских услуг
493;Р2;2-й тур Новосибирской лиги дебатов 2012/2013;Городской;Новосибирск;2013.01;ЭПСЧ Координационный совет оппозиции должен ввести квоту в 50% для представителей регионов
494;Р3;2-й тур Новосибирской лиги дебатов 2012/2013;Городской;Новосибирск;2013.01;ЭП прекратит любую экономическую и гуманитарную помощь странам третьего мира, которые имеют проблему перенаселения, но не ввели политику жесткого ограничения рождаемости
495;Ф;2-й тур Новосибирской лиги дебатов 2012/2013;Городской;Новосибирск;2013.01;ЭП поддерживает люстрацию
496;Р?;СОЗВЕЗДИЕ РАП-2013;Внутренний;Казань;2013.02;ЭП создаст отдельную территорию с полным отсутствием законов (ну грубо говоря такой легальный Содом). ЭП создаст территорию, где не работают никакие законы (примерная формулировка)
497;Р?;СОЗВЕЗДИЕ РАП-2013;Внутренний;Казань;2013.02;ЭП легализует проституцию в специальных зонах по аналогии с игорными (по сути это о доступе к услугам проституток особо богатых членов общества) (примерная формулировка)
498;Р?;СОЗВЕЗДИЕ РАП-2013;Внутренний;Казань;2013.02;ЭП привяжет доходы топ-менеджеров к среднему уровню дохода сотрудников компаний (т.е. топы не могут повысить себе зарплату, не повысив остальным) (примерная формулировка)
499;Р?;СОЗВЕЗДИЕ РАП-2013;Внутренний;Казань;2013.02;ЭП лимитирует расходы родителей на детей. ЭП ограничит расходы родителей на детей (примерная формулировка)
500;Р1;МДЭТ “Economics”;Открытый;Днепропетровск (Украина);2013.02;ЭПСЧ гос. закупки  должно осуществляться только отечественными товарами
501;Р2;МДЭТ “Economics”;Открытый;Днепропетровск (Украина);2013.02;ЭПСЧ государство не должно спасать частные компании во время кризиса
502;Р3;МДЭТ “Economics”;Открытый;Днепропетровск (Украина);2013.02;"ЭПСЧ государство должно поддержать ""народные корпорации"" (в которых более 50% акций принадлежать сотрудникам)"""
503;Р4;МДЭТ “Economics”;Открытый;Днепропетровск (Украина);2013.02;ЭП запретит банкам передавать частные кредитные обязательства в коллекторские агенства
504;ПФ (рус.);МДЭТ “Economics”;Открытый;Днепропетровск (Украина);2013.02;ЭП поддержит вступление Украины в Таможенный Союз
505;Ф (рус.);МДЭТ “Economics”;Открытый;Днепропетровск (Украина);2013.02;ЭП вернётся к золотому стандарту
506;Ф (eng.);МДЭТ “Economics”;Открытый;Днепропетровск (Украина);2013.02;ЭП выбирает деиндустрализацию развивающихся стран
507;Р1;ОТ НИУ ВШЭ 2013;Открытый;Москва;2013.02;ЭП создаст единый чемпионат СНГ по футболу
508;Р2;ОТ НИУ ВШЭ 2013;Открытый;Москва;2013.02;ЭП раздаст всем гражданам акции компаний, владеющих природными ресурсами государства
509;Р3;ОТ НИУ ВШЭ 2013;Открытый;Москва;2013.02;ЭП создаст независимое государство на севере Мали
510;Р4;ОТ НИУ ВШЭ 2013;Открытый;Москва;2013.02;ЭП введёт полный запрет на использование в кино и литературе персонажей, употребляющих наркотики
511;Р5;ОТ НИУ ВШЭ 2013;Открытый;Москва;2013.02;ЭП запретит консультантам и консалтинговым фирмам оказывать услуги авторитарным режимам
512;ПФ;ОТ НИУ ВШЭ 2013;Открытый;Москва;2013.02;ЭП вернёт плановую экономику (примерная формулировка)
513;Ф;ОТ НИУ ВШЭ 2013;Открытый;Москва;2013.02;ЭП создаст единую открытую базу всех лиц, болеющих или когда-либо болевших венерическими заболеваниями
514;Р1;Открытый рыцарский турнир: Битва за Кубок Севера;Открытый (только мужчины);Москва;2013.02;ЭПСЧ феминистки должны отказаться от практики обнаженных протестов
515;Р2;Открытый рыцарский турнир: Битва за Кубок Севера;Открытый (только мужчины);Москва;2013.02;ЭП отменит подоходный налог
516;Р3;Открытый рыцарский турнир: Битва за Кубок Севера;Открытый (только мужчины);Москва;2013.02;ЭПСЧ гуманитарные миссии ООН провалились
517;Р4;Открытый рыцарский турнир: Битва за Кубок Севера;Открытый (только мужчины);Москва;2013.02;ЭП будет преподавать в школах на уроках сексуального воспитания техники сексуального удовлетворения
518;Р5;Открытый рыцарский турнир: Битва за Кубок Севера;Открытый (только мужчины);Москва;2013.02;ЭП запретит пересадку печени алкоголикам
519;ПФ;Открытый рыцарский турнир: Битва за Кубок Севера;Открытый (только мужчины);Москва;2013.02;ЭП будет сотрудничать с криминальными авторитетами в России
520;Ф;Открытый рыцарский турнир: Битва за Кубок Севера;Открытый (только мужчины);Москва;2013.02;ЭП запретит суррогатное материнство
521;Р1;Весенний Зимний кубок;Открытый;Новосибирск;2013.03;ЭП разрешит работникам России по собственной инициативе отказываться от взносов в пенсионный фонд
522;Р2;Весенний Зимний кубок;Открытый;Новосибирск;2013.03;ЭП запретит иметь детей родителям, больным ВИЧ
523;Р3;Весенний Зимний кубок;Открытый;Новосибирск;2013.03;ЭПСЧ использование военной силы за пределами государства должно разрешаться на референдуме
524;Р4;Весенний Зимний кубок;Открытый;Новосибирск;2013.03;ЭП откажется от института помилования
525;Р5;Весенний Зимний кубок;Открытый;Новосибирск;2013.03;ПВК: 2006. ЭП не будет подавать заявку на проведение олимпийских игр в Сочи
526;ПФ;Весенний Зимний кубок;Открытый;Новосибирск;2013.03;ЭП даст родителям дополнительные голоса на выборах за своих несовершеннолетних детей
527;Ф;Весенний Зимний кубок;Открытый;Новосибирск;2013.03;ЭПСЧ государства не должны прощать долги другим странам
528;Р1;II OT МЛЧ;Для новичков;Москва;2013.03;ЭП введёт УО за наличие татуировок и других символов, подтверждающих принадлежность к элементам организованной преступности
529;Р2;II OT МЛЧ;Для новичков;Москва;2013.03;ЭПСЧ государство не должно использовать истории самопожертвования солдат в целях пропаганды
530;Р3;II OT МЛЧ;Для новичков;Москва;2013.03;ЭП поддерживает практику вручения наград в области кино на основании политических соображений
531;Р4;II OT МЛЧ;Для новичков;Москва;2013.03;ЭП легализует активную эвтаназию
532;Р5;II OT МЛЧ;Для новичков;Москва;2013.03;ЭП сожалеет о закате Pax americana
533;ПФ;II OT МЛЧ;Для новичков;Москва;2013.03;ЭПС аморальным смену гражданства по налоговым соображениям
534;Ф;II OT МЛЧ;Для новичков;Москва;2013.03;ЭП запретит малообеспеченным людям приобретать дорогие товары потребления
535;Р1;Juventas II: дорогу молодым;Для новичков;Екатеринбург;2013.03;ЭП запретит домашнее обучение
536;Р2;Juventas II: дорогу молодым;Для новичков;Екатеринбург;2013.03;ЭП откажется от выплаты компенсаций пострадавшим в ЧС
537;Р3;Juventas II: дорогу молодым;Для новичков;Екатеринбург;2013.03;ЭП будет лишать гражданства всех уклоняющихся от уплаты налогов
538;Р4;Juventas II: дорогу молодым;Для новичков;Екатеринбург;2013.03;ЭП лишит РПЦ статуса «освобождённый от уплаты налогов»
539;Р5;Juventas II: дорогу молодым;Для новичков;Екатеринбург;2013.03;ЭПСЧ решение о выводе иностранных войск с территории государства должно приниматься на референдуме гражданами этого государства
540;ПФ;Juventas II: дорогу молодым;Для новичков;Екатеринбург;2013.03;Достоверно известно о существовании инопланетного разума. ЭП скроет этот факт от человечества
541;Ф;Juventas II: дорогу молодым;Для новичков;Екатеринбург;2013.03;ЭП криминализует сдачу ребёнка в детский дом
542;Р1;МОСТ БГУ-2013;Открытый;Минск (Беларусь);2013.03;ЭПСЧ применение физического насилия является оправданным при лечении наркомании
543;Р2;МОСТ БГУ-2013;Открытый;Минск (Беларусь);2013.03;ЭПСЧ феминизм приносит больше вреда, чем пользы
544;Р3;МОСТ БГУ-2013;Открытый;Минск (Беларусь);2013.03;ЭП запретит потребительское кредитование физических лиц
545;Р4;МОСТ БГУ-2013;Открытый;Минск (Беларусь);2013.03;ЭП откажется от права нации на самоопределение
546;Р5;МОСТ БГУ-2013;Открытый;Минск (Беларусь);2013.03;ЭПСЧ государство не имеет права вмешиваться в семейные конфликты без заявления потерпевшей стороны
547;ПФ;МОСТ БГУ-2013;Открытый;Минск (Беларусь);2013.03;ЭП запретит официальным представителям церкви официальные публичные встречи с государственными чиновниками
548;Ф;МОСТ БГУ-2013;Открытый;Минск (Беларусь);2013.03;ЭП лишит бездомных права голоса
549;Р1;3-й тур Новосибирской лиги дебатов 2012/2013;Городской;Новосибирск;2013.03;ЭП запретит публикацию видео- и аудиозаписей, сделанных террористами
550;Р2;3-й тур Новосибирской лиги дебатов 2012/2013;Городской;Новосибирск;2013.03;ЭПСЧ в случае конца света спасаемые должны выбираться лотереей среди всех жителей Земли
551;Р3;3-й тур Новосибирской лиги дебатов 2012/2013;Городской;Новосибирск;2013.03;ЭП разрешит рабочим продавать свои права рабочего работодателю
552;Ф;3-й тур Новосибирской лиги дебатов 2012/2013;Городской;Новосибирск;2013.03;ЭП амнистирует диктаторов, добровольно отказавшихся от власти
553;Р1;Императорский диспут;Открытый;Томск;2013.03;ЭП накажет тех, кто наживался на Апокалипсисе
554;Р2;Императорский диспут;Открытый;Томск;2013.03;ЭП введет одноразовое налогообложение вкладов в Кипровских банках
555;Р3;Императорский диспут;Открытый;Томск;2013.03;ЭП осуждает образ жизни Child-free
556;Р4;Императорский диспут;Открытый;Томск;2013.03;ЭП отменит сроки давности для экономических преступлений
557;Р5;Императорский диспут;Открытый;Томск;2013.03;ЭПСЧ главы религиозных конфессий должны быть избираемыми
558;ПФ;Императорский диспут;Открытый;Томск;2013.03;ЭПСЧ глобализация приносит больше вреда, чем пользы
559;Ф;Императорский диспут;Открытый;Томск;2013.03;ЭП выдаст лицензию на убийство/ЭП выдаст каждому гражданину лицензию на одно убийство
560;Показат. игра;Кубок Жальгириса IDEA;Открытый;Вильнюс (Литва);2013.03;ЭП запретит любую рекламу
561;Показат. игра;Кубок Жальгириса IDEA;Открытый;Вильнюс (Литва);2013.03;ЭП запретит работодателям получать доступ к криминальному прошлому сотрудников
562;Р1;Кубок Жальгириса IDEA;Открытый;Вильнюс (Литва);2013.03;ЭП будет выдавать только временные (3-5 лет) свидетельства о браке, по истечении срока которых, их необходимо будет продлевать по обоюдному согласию сторон
563;Р2;Кубок Жальгириса IDEA;Открытый;Вильнюс (Литва);2013.03;"ЭП будет принуждать все закрытые религиозные сообщества (типа хасидских евреев или свидетелей Иеговы) давать своим членам, достигшим 18-летнего возраста уехать по ""Румспрингу"""
564;Р3;Кубок Жальгириса IDEA;Открытый;Вильнюс (Литва);2013.03;ЭПСЧ Южная Корея должна обладать ядерным оружием
565;Р4;Кубок Жальгириса IDEA;Открытый;Вильнюс (Литва);2013.03;ЭПСЧ налог для компаний должен зависеть от степени их воздействия на окружающую среду
566;Р5;Кубок Жальгириса IDEA;Открытый;Вильнюс (Литва);2013.03;ЭП разрешит полиции провоцировать граждан на преступления
567;ПФ;Кубок Жальгириса IDEA;Открытый;Вильнюс (Литва);2013.03;ЭП даст людям негативные голоса на выборах
568;Ф;Кубок Жальгириса IDEA;Открытый;Вильнюс (Литва);2013.03;ЭПСЧ организованная религия несет больше зла, чем добра
569;Р1;IV ВОТ МГУ;Открытый;Москва;2013.03;ЭП установит размер зарплаты преподавателя вуза в зависимости от отзывов студентов
570;Р2;IV ВОТ МГУ;Открытый;Москва;2013.03;ЭПСЧ государство должно субсидировать трансляции спортивных соревнований среди инвалидов
571;Р3;IV ВОТ МГУ;Открытый;Москва;2013.03;ЭПСЧ новый президент Венесуэлы должен отказаться от проведения политики антиамериканизма
572;Р4;IV ВОТ МГУ;Открытый;Москва;2013.03;"ЭП сожалеет о широком распространении промискуитета в современном обществе
* Промискуитет – беспорядочная, ничем и никем не ограниченная половая связь со многими партнёрами"
573;Р5;IV ВОТ МГУ;Открытый;Москва;2013.03;ЭП не будет препятствовать вымиранию либо вытеснению национальных языков
574;ПФ;IV ВОТ МГУ;Открытый;Москва;2013.03;ЭПСЧ жертвовать деньги на бездомных животных, пока на Земле от голода умирают люди, аморально
575;Ф;IV ВОТ МГУ;Открытый;Москва;2013.03;"ЭП запретит Girl Intelligence Agency
* Девчачье разведывательное управление (GIA – Girl Intelligence Agency) – организация, работающая в сфере партизанского маркетинга в США, включающая в себя около 40 000 «секретных агентов» возраста 8-29 лет по всей стране.
«Секретные агенты» распространяют товары среди своих приятелей и одноклассников. GIA также проводит встречи для своих агентов и их подруг, изучая потребительское поведение. Агентство делает это для распространения бесплатных рекламных товаров, включая новые диски и косметику. GIA учит девочек ""втираться в доверие и выпытывать у подружек что-нибудь интересненькое"" — например, что они считают модным сегодня.
Их клиенты: Nestle, Procter & Gamble, Lego, Sara Lee, Johnson & Johnson, Dreamworks, Disney, Warner Brothers, Twentieth Century Fox, Sony и другие"
576;Показат. игра;KAZAN OPEN;Открытый;Казань;2013.03;ЭП легализует браки, заключаемые родителями для детей в традиционных мусульманских семьях
577;Р1;KAZAN OPEN;Открытый;Казань;2013.03;ЭП запретит людям быть председателем партии одному человеку более 2х сроков (формулировка примерная)
578;Р2;KAZAN OPEN;Открытый;Казань;2013.03;ЭП запретит религиозным организациям спонсировать образовательные учреждения (кроме исключительно религиозных) (формулировка примерная)
579;Р3;KAZAN OPEN;Открытый;Казань;2013.03;ЭП введёт визовый режим со странами Средней Азии (формулировка примерная)
580;Р4;KAZAN OPEN;Открытый;Казань;2013.03;ЭПСЧ страны, где аборты запрещены, случаи изнасилования не должны быть исключением (формулировка примерная)
581;Р5;KAZAN OPEN;Открытый;Казань;2013.03;ЭП легализует все виды наркотиков (формулировка примерная)
582;ПФ;KAZAN OPEN;Открытый;Казань;2013.03;ЭП ограничит доступ к высшему образованию (формулировка примерная)
583;Ф;KAZAN OPEN;Открытый;Казань;2013.03;ЭП сделает выборы платными (формулировка примерная)
584;Р1;ОТ Карелии «Онежские прения»;Открытый;Петрозаводск;2013.04;ЭП запретит любую рекламу, кроме социальной
585;Р2;ОТ Карелии «Онежские прения»;Открытый;Петрозаводск;2013.04;ЭПСЧ церковь должна отлучать прихожан за совершение преступлений по мотивам оскорбления религиозных чувств
586;Р3;ОТ Карелии «Онежские прения»;Открытый;Петрозаводск;2013.04;ЭП отменит все запреты и ограничения в науке и медицине, базирующиеся на морали и этике
587;Р4;ОТ Карелии «Онежские прения»;Открытый;Петрозаводск;2013.04;ЭП запретит тренинги по пикапу
588;Р5;ОТ Карелии «Онежские прения»;Открытый;Петрозаводск;2013.04;ЭП ограничит рождаемость в бедных странах
589;ПФ;ОТ Карелии «Онежские прения»;Открытый;Петрозаводск;2013.04;ЭПСЧ мир, в котором люди расплачиваются своим временем, лучше нашего мира
590;Ф;ОТ Карелии «Онежские прения»;Открытый;Петрозаводск;2013.04;ЭПСЧ объекты и субъекты, находящиеся вне правового поля государства, не должны защищаться государством
591;Р1;Debate On: Back to the Future;Открытый;Омск;2013.04;ЭП стерилизует всех, кто имеет любые генетические недостатки, отражающиеся на качестве жизни
592;Р2;Debate On: Back to the Future;Открытый;Омск;2013.04;"ЭП (Военный совет в Филях) СЧ нужно защищать Москву до последнего
* 1812 год, Отечественная война, Наполеон на подступах к Москве"
593;Р3;Debate On: Back to the Future;Открытый;Омск;2013.04;ЭПСЧ государство должно финансировать СМИ, основной деятельностью которых явлеятся критика власти, причем финансировать только такие СМИ
594;Р4;Debate On: Back to the Future;Открытый;Омск;2013.04;ЭП признает Сталина величайшим деятелем в истории России
595;Р5;Debate On: Back to the Future;Открытый;Омск;2013.04;ЭПСЧ без профессионального спорта мир был бы лучше
596;Р6;Debate On: Back to the Future;Открытый;Омск;2013.04;"ЭП запретит использование этой технологии
* Создано средство, значительно улучшающее умственные способности человека, но при этом существенно сокращающее его жизнь"
597;ПФ;Debate On: Back to the Future;Открытый;Омск;2013.04;СССР, 1924. ЭП откажется от бальзамирования тела Ленина
598;Ф;Debate On: Back to the Future;Открытый;Омск;2013.04;ЭП заставит всех детей учиться в интернате
599;Р1;IV Открытый кубок ЮУрГУ;Открытый;Челябинск;2013.04;ЭП запретит выдавать субсидии на старт бизнеса
600;Р2;IV Открытый кубок ЮУрГУ;Открытый;Челябинск;2013.04;ЭП изменит законодательство таким образом, чтобы при разводе по причине измены все имущество, приобретённое в браке, отходило пострадавшей стороне.
601;Р3;IV Открытый кубок ЮУрГУ;Открытый;Челябинск;2013.04;ЭПСЧ религиозным человеком быть лучше, чем атеистом
602;Р4;IV Открытый кубок ЮУрГУ;Открытый;Челябинск;2013.04;ЭП запретит международное усыновление
603;ПФ;IV Открытый кубок ЮУрГУ;Открытый;Челябинск;2013.04;ЭП обяжет чиновников учиться и лечиться только в государственных учреждениях
604;Ф;IV Открытый кубок ЮУрГУ;Открытый;Челябинск;2013.04;ЭПСЧ если жертва простила своего обидчика, его следует освободить от уголовной ответственности.
605;Р1;Кубок ректора ЧГПУ;Открытый;Чебоксары;2013.04;ЭП разрешит производителям критиковать продукцию своих конкурентов
606;Р2;Кубок ректора ЧГПУ;Открытый;Чебоксары;2013.04;ЭПС допустимым наказание через публичный позор
607;Р3;Кубок ректора ЧГПУ;Открытый;Чебоксары;2013.04;ЭПСЧ если друг сообщил вам о своём намерении совершить убийство, вы не должны обращаться в полицию
608;Р4;Кубок ректора ЧГПУ;Открытый;Чебоксары;2013.04;ЭП запретит тренинги по пикапу
609;Р5;Кубок ректора ЧГПУ;Открытый;Чебоксары;2013.04;ЭП введёт систему распределения для студентов, обучающихся за счёт бюджета
610;ПФ;Кубок ректора ЧГПУ;Открытый;Чебоксары;2013.04;ЭП против всех законов, защищающих чувства верующих
611;Ф;Кубок ректора ЧГПУ;Открытый;Чебоксары;2013.04;ЭП отменит границы самообороны
612;Р1;X ОК МГЮА;Открытый;Москва;2013.04;ЭП разрешит любой допинг
613;Р2;X ОК МГЮА;Открытый;Москва;2013.04;ЭП не будет распространять на человека действие никаких законов, кроме тех, с которыми он согласился
614;Р3;X ОК МГЮА;Открытый;Москва;2013.04;"ЭПСЧ произведения искусства не должны цензурироваться на основании действий их создателя, если они явно не выражены в этих произведениях
* 2-го апреля Tate убрала все картины Грэхэма Оведена. Грэхэм Оведен - художник, рисовавший детей, недавно был признан виновным в сексуальных домогательствах по отношению к детям"
615;Р4;X ОК МГЮА;Открытый;Москва;2013.04;ЭПСЧ Bitcoin – это благо для человечества
616;Р5;X ОК МГЮА;Открытый;Москва;2013.04;ЭП запретит биотопливо
617;Р6;X ОК МГЮА;Открытый;Москва;2013.04;ЭП введёт доктрину переноса ответственности
618;ЧФ;X ОК МГЮА;Открытый;Москва;2013.04;ЭП введёт принудительную эвтаназию для людей с физическими и/или психическими отклонениями
619;ПФ;X ОК МГЮА;Открытый;Москва;2013.04;ЭП вернёт в уголовный кодекс статью за тунеядство
620;Ф;X ОК МГЮА;Открытый;Москва;2013.04;ЭПСЧ человек может жениться или выходить замуж только один раз
621;Р1;Малахитовая шкатулка;Открытый;Челябинск;2013.04;ЭП запретит родителям воспитывать детей в экопоселениях
622;Р2;Малахитовая шкатулка;Открытый;Челябинск;2013.04;ЭПСЧ миллиардеры, заработавшие свое состояние без высшего образования, имеют моральный долг пропагандировать перед молодежью ценность высшего образования
623;Р3;Малахитовая шкатулка;Открытый;Челябинск;2013.04;ЭП проведет референдум о закрытии предприятий, несущих существенный вред экологии, среди населения территорий, подверженных этому вреду
624;Р4;Малахитовая шкатулка;Открытый;Челябинск;2013.04;ЭП предоставит активное избирательное право только беднейшим 50% населения
625;Р5;Малахитовая шкатулка;Открытый;Челябинск;2013.04;ЭП запретит экономические блоки
626;ПФ;Малахитовая шкатулка;Открытый;Челябинск;2013.04;ЭП не предоставит женщинам преференций при распределении мест в спасательных шлюпках
627;Ф;Малахитовая шкатулка;Открытый;Челябинск;2013.04;ЭП оправдает мат в СМИ и произведениях искусства
628;Р1;Финальная часть МЛЧ;Городской;Москва;2013.04;ЭП разрешит антирекламу
629;Р2;Финальная часть МЛЧ;Городской;Москва;2013.04;ЭП восхищается вкладом К. Тарантино в мировую культуру
630;Р3;Финальная часть МЛЧ;Городской;Москва;2013.04;В странах, где введен мораторий на смертную казнь, лица, приговоренные по самым резонансным делам к высшей мере наказания, ЭПСЧ решение о смертной казни должно быть принято на референдуме
631;Р4;Финальная часть МЛЧ;Городской;Москва;2013.04;ЭПСЧ США должны без объявления войны провести военную операцию по свержению режима чучхе
632;Р5;Финальная часть МЛЧ;Городской;Москва;2013.04;ЭП будет стимулировать миграцию этнически русского населения в республики Северного Кавказа
633;ПФ;Финальная часть МЛЧ;Городской;Москва;2013.04;"ЭПСЧ Великобритания должна была ограничить трансляцию этой песни и участие её в рейтингах радиокомпаний
* После сообщения о смерти Маргарет Тэтчер в британских музыкальных чартах быстро стал зреть скандал. Песня «Дин-дон! Ведьма мертва» из мюзикла «Волшебник страны Оз» 1940-х годов начала стремительно подниматься вверх. Всего за три дня версия «Ведьмы» в исполнении Эллы Фитцджеральд и Джуди Гарленд добралась до 10-го места в официальных чартах. В Лондоне опасаются, что к моменту похорон Маргарет Тэтчер 17 апреля шлягер может оказаться на первых строчках."
634;Ф;Финальная часть МЛЧ;Городской;Москва;2013.04;В случае возникновения массовых волнений в Москве по свержению действующей власти, ЭПСЧ либеральный гражданин не должен присоединяться к протестующим
635;Р1;Финал Новосибирской лиги дебатов 2012/2013;Городской;Новосибирск;2013.04;ЭП снизит минимальный возраст привлечения к уголовной ответственности
636;Р2;Финал Новосибирской лиги дебатов 2012/2013;Городской;Новосибирск;2013.04;ЭПСЧ вузы не должны поощрять любые виды внеучебной деятельности, кроме научных кружков
637;Р3;Финал Новосибирской лиги дебатов 2012/2013;Городской;Новосибирск;2013.04;ЭПС оправданным сбивать пассажирские самолёты, захваченные террористами
638;Ф;Финал Новосибирской лиги дебатов 2012/2013;Городской;Новосибирск;2013.04;ЭП поддерживает принудительную стерилизацию лиц, страдающих алкогольной или наркотической зависимостью
639;Р1;Полемика;Открытый;Санкт-Петербург;2013.05;В случае развода родителей по причине измены ЭП оставит ребенка с неизменявшим родителем
640;Р2;Полемика;Открытый;Санкт-Петербург;2013.05;ЭП запретит публикацию порочащих сведений о личной жизни публичных людей, даже если они достоверны
641;Р3;Полемика;Открытый;Санкт-Петербург;2013.05;ЭПСЧ ЦБ (ЕЦБ, ФРС, ЦБ РФ) должны отказаться от низких процентных ставок по кредитам
642;Р4;Полемика;Открытый;Санкт-Петербург;2013.05;ЭПСЧ страны Западной Европы должны последовать примеру Швейцарии и ввести ограничения на выдачу разрешений на работу гражданам стран ЕС из Восточной Европы и Прибалтики
643;Р5;Полемика;Открытый;Санкт-Петербург;2013.05;ЭП разрешит государству осуществлять тотальный контроль всех средств связи
644;Р6;Полемика;Открытый;Санкт-Петербург;2013.05;ЭП запретит использование беспилотников в военных операциях
645;ЧФ;Полемика;Открытый;Санкт-Петербург;2013.05;ЭП обяжет ритейлеров за каждый килограмм товара, уничтоженного по причине истекающего и/или истекшего срока годности, производить дотации в пользу фондов борьбы с голодом
646;ПФ;Полемика;Открытый;Санкт-Петербург;2013.05;"ЭПСЧ у вас есть моральное обязательство уступить
* Вы представитель большинства, придерживающийся прогрессивных убеждений. Вас хотят назначить на высокопоставленный пост, на который также претендует равнокомпетентный представитель меньшинства, который займет этот пост, если вы уступите"
647;Ф;Полемика;Открытый;Санкт-Петербург;2013.05;ЭП запретит СМИ публиковать фото и видео с применением насилия со стороны полиции
648;Р1;Весомый аргумент II ;Открытый;Новосибирск;2013.05;ЭП поддерживает свержение Башара Асада любой ценой
649;Р2;Весомый аргумент II ;Открытый;Новосибирск;2013.05;ЭП введет реструктуризацию ипотечных кредитов за счет выкупа обязательств государством и последующей сдачей жилья в социальный найм бывшему заемщику
650;Р3;Весомый аргумент II ;Открытый;Новосибирск;2013.05;ЭП легализует браки между близкими родственниками
651;Р4;Весомый аргумент II ;Открытый;Новосибирск;2013.05;ЭП против государственных программ стимулирования рождаемости
652;Р5;Весомый аргумент II ;Открытый;Новосибирск;2013.05;ЭП выступает против практики использования агентов под прикрытием
653;ПФ;Весомый аргумент II ;Открытый;Новосибирск;2013.05;ЭП увеличит долю налоговых средств, остающихся в субъектах, за счет снижения доли, поступающей в федеральный бюджет
654;Ф;Весомый аргумент II ;Открытый;Новосибирск;2013.05;ЭП поддерживает национализацию элит в России
655;Р1;Внутренний турнир МГЮА ;Внутренний;Москва;2013.05;ЭПСЧ в теленовостях не должно содержаться оценки событий
656;Р2;Внутренний турнир МГЮА ;Внутренний;Москва;2013.05;"ЭПСЧ не должно быть компаний, деятельность которых основана на вранье
* имеются в виду false-агенства, при обращении в которые вам за деньги помогут придумать и даже воплотить в жизнь красивую отмазу - например, для жены, которой вы изменили с любовницей, или для начальника, к которому вы опоздали на работу + агентства, которые разыгрывают людей"
657;Р3;Внутренний турнир МГЮА ;Внутренний;Москва;2013.05;ЭП одобряет создание частных армий
658;Ф;Внутренний турнир МГЮА ;Внутренний;Москва;2013.05;ЭПСЧ ООН совершила ошибку, признав Национальную коалицию оппозиционных сил единственным легитимным представителем народа Сирии
659;Р1;ОТ «Вятка 2013» ;Открытый;Киров;2013.05;ЭП запретит пластические операции, проводимые с целью улучшения внешности
660;Р2;ОТ «Вятка 2013» ;Открытый;Киров;2013.05;ЭП (Аргентина) введёт доллар США в качестве национальной валюты
661;Р3;ОТ «Вятка 2013» ;Открытый;Киров;2013.05;ЭПСЧ женщина должна заниматься домашними делами и воспитывать детей 
662;Р4;ОТ «Вятка 2013» ;Открытый;Киров;2013.05;ЭП запретит использование современной военной техники на парадах, посвященных 9 мая
663;Р5;ОТ «Вятка 2013» ;Открытый;Киров;2013.05;ЭП введёт образовательный ценз на рождение и воспитание детей
664;ПФ;ОТ «Вятка 2013» ;Открытый;Киров;2013.05;ЭПСЧ природные ресурсы должны стать достоянием всего человечества
665;Ф;ОТ «Вятка 2013» ;Открытый;Киров;2013.05;ЭП разрешит продавать себя в рабство
666;Показат. игра;Игра вне турнира;Игра вне турнира;Москва;2013.08-12.;ЭПСЧ в войнах обороняющееся государство может не придерживаться норм и правил ведения войны
667;Показат. игра;Игра вне турнира;Игра вне турнира;Москва;2013.08-12.;ЭП даст родителям доступ к аккаунтам их детей в социальных сетях
668;Р1;Pro et Contra III ;Открытый;Екатеринбург;2013.09;"ЭП разрешит анскулинг
*Анскулинг - система обучения, при которой ребенок не ходит в школу, а получает знания в произвольной форме в зависимости от его интересов и/или представлений родителей. Анскулинг отличается от домашнего обучения тем, что при последнем ребенок все же следует школьной программе, а при анскулинге это необязательно."
669;Р2;Pro et Contra III ;Открытый;Екатеринбург;2013.09;ЭП заморозит на год тарифы естественных монополий
670;Р3;Pro et Contra III ;Открытый;Екатеринбург;2013.09;"ЭП, являясь Бараком Обамой, помилует Брэдли Мэннинга
* Брэдли Мэннинг – военнослужащий армии США, обвиненный в раскрытии большого объема секретных документов и передаче их в WikiLeaks и приговоренный по этому делу к 35 годам лишения свободы"
671;Р4;Pro et Contra III ;Открытый;Екатеринбург;2013.09;ЭП запретит рекламу изделий из меха
672;Р5;Pro et Contra III ;Открытый;Екатеринбург;2013.09;ЭПСЧ Сергей Собянин должен согласиться на второй тур [выборов мэра Москвы]
673;Р6;Pro et Contra III ;Открытый;Екатеринбург;2013.09;ЭП будет платить людям с избыточным весом, чтобы они сбросили вес
674;ПФ;Pro et Contra III ;Открытый;Екатеринбург;2013.09;"ЭПСЧ Россия в обмен на осуществление своей инициативы должна предоставить гарантию поддержки западной интервенции в Сирию, если сирийские власти не выполнят условия инициативы
* 9 сентября Россия выступила с инициативой полностью передать химоружие в Сирии под международный контроль. Это предложение поддержали сирийские власти, а оппозиция назвала инициативу неприемлемой. Западные страны приветствовали инициативу, но усомнились в том, что режим Асада выполнит ее условия."
675;Ф;Pro et Contra III ;Открытый;Екатеринбург;2013.09;ЭПСЧ государство должно выплачивать компенсации жертвам нераскрытых преступлений
676;Р1;Международная академия дебатов IDEA им. Чингиза Айтматова ;Открытый;Иссык-Куль (Киргизия);2013.09;ЭП обяжет кандидатов выдвигаться не от партий, а самостоятельно
677;Р2;Международная академия дебатов IDEA им. Чингиза Айтматова ;Открытый;Иссык-Куль (Киргизия);2013.09;ЭПСЧ Интернет должен быть пространством без внешней цензуры
678;Р3;Международная академия дебатов IDEA им. Чингиза Айтматова ;Открытый;Иссык-Куль (Киргизия);2013.09;ЭПСЧ государство, производящее гуманитарную интервенцию в другую страну, должно затем оказывать интенсивную помощь вплоть до восстановления уровня до интервенции
679;Р4;Международная академия дебатов IDEA им. Чингиза Айтматова ;Открытый;Иссык-Куль (Киргизия);2013.09;ЭП запретит коллективное курение табака
680;Р5;Международная академия дебатов IDEA им. Чингиза Айтматова ;Открытый;Иссык-Куль (Киргизия);2013.09;ЭПСЧ высшие руководящие посты в силовых структурах должны занимать только представители оппозиционных партий или беспартийные
681;Р6;Международная академия дебатов IDEA им. Чингиза Айтматова ;Открытый;Иссык-Куль (Киргизия);2013.09;ЭП обяжет продавца указывать не только цену товара, но и цену закупки
682;ЧФ;Международная академия дебатов IDEA им. Чингиза Айтматова ;Открытый;Иссык-Куль (Киргизия);2013.09;ЭП запретит патентовать медицинские открытия
683;ПФ;Международная академия дебатов IDEA им. Чингиза Айтматова ;Открытый;Иссык-Куль (Киргизия);2013.09;ЭПСЧ в случае, если бы мы могли точно знать, как сам преступник относится к своему преступлению, то правосудие должно было основываться не на общественной морали, а на его субъективном восприятии поступка
684;Ф;Международная академия дебатов IDEA им. Чингиза Айтматова ;Открытый;Иссык-Куль (Киргизия);2013.09;Вы – человек, которому предоставилась возможность узнать, существует ли судьба. ЭП не станет узнавать
685;Р1;XII Кубок Сибири ;Открытый;Новосибирск;2013.10;ЭП запретит чиновникам участвовать в религиозных мероприятиях
686;Р2;XII Кубок Сибири ;Открытый;Новосибирск;2013.10;ЭП отменит все налоги для начинающих предпринимателей, открывающих производства в регионах.
687;Р3;XII Кубок Сибири ;Открытый;Новосибирск;2013.10;ЭПСЧ если сам автор опубликовал произведение в Интернете, государство не должно регулировать авторское право
688;Р4;XII Кубок Сибири ;Открытый;Новосибирск;2013.10;ЭП введет налог на развод
689;Фмк;XII Кубок Сибири ;Открытый;Новосибирск;2013.10;ЭП отменит платное образование
690;ПФ;XII Кубок Сибири ;Открытый;Новосибирск;2013.10;ЭП разрешит требовать суда присяжных не только обвиняемому, но и жертве
691;Ф;XII Кубок Сибири ;Открытый;Новосибирск;2013.10;ЭП позволит гражданам отказываться от прав в обмен на освобождение от обязанностей
692;Показат. игра;Турнир «Слово молодым!» ;Для новичков;Санкт-Петербург;2013.10;ЭП разрешит продавать себя в рабство
693;Р1;Турнир «Слово молодым!» ;Для новичков;Санкт-Петербург;2013.10;ЭП введет образовательный ценз на участие в выборах
694;Р2;Турнир «Слово молодым!» ;Для новичков;Санкт-Петербург;2013.10;"ЭПСЧ японское правительство должно было одобрить просьбу
* Во время аварии на АЭС Фукусима-1 японские рабочие и инженеры, находившиеся на пенсии, обратились к японскому правительству, чтобы получить право участвовать, пусть и ценой собственной жизни, в ликвидации последствий катастрофы. Японское правительство отказало им"
695;Р3;Турнир «Слово молодым!» ;Для новичков;Санкт-Петербург;2013.10;ЭП введёт налог на вредную и жирную еду, а также на сахаросодержащие напитки
696;Р4;Турнир «Слово молодым!» ;Для новичков;Санкт-Петербург;2013.10;ЭП запретит политикам носить религиозные символы
697;Р5;Турнир «Слово молодым!» ;Для новичков;Санкт-Петербург;2013.10;ЭП отменит госдиплом в вузах
698;ЧФ;Турнир «Слово молодым!» ;Для новичков;Санкт-Петербург;2013.10;"ЭП запретит Bang with friends и подобные ему приложения
* Bang with friends - приложение в facebook, позволяющие поставить галочки тем людям из фрэндлиста, с которыми вы были бы не против иметь секс без обязательств. В случае, если такой друг тоже установил себе приложение и поставил напротив вашего имени ответную галочку, вам обоим на почту приходит оповещение, подтверждающее, что вы оба изъявили это желание."
699;ПФ;Турнир «Слово молодым!» ;Для новичков;Санкт-Петербург;2013.10;ЭПСЧ мир был бы лучше, если бы люди не умели мечтать
700;Ф;Турнир «Слово молодым!» ;Для новичков;Санкт-Петербург;2013.10;ЭПСЧ риски терроризма не стоили потраченных на них усилий
701;Показат. игра;Fire-2013 ;Открытый;Харьков (Украина);2013.10;ЭП введёт единый язык на территории всего мира
702;Р1;Fire-2013 ;Открытый;Харьков (Украина);2013.10;ЭП разрешит все виды полигамии.
703;Р2;Fire-2013 ;Открытый;Харьков (Украина);2013.10;ЭПСЧ Германия должна была предложить политическое убежище Эдварду Сноудену
704;Р3;Fire-2013 ;Открытый;Харьков (Украина);2013.10;ЭПСЧ экологические организации должны отказаться от нелегальных акций для привлечения внимания к проблемам окружающей среды
705;Р4;Fire-2013 ;Открытый;Харьков (Украина);2013.10;ЭПСЧ Республиканская партия США должна отказаться от практики повышения потолка госдолга
706;Р5;Fire-2013 ;Открытый;Харьков (Украина);2013.10;ЭП обяжет работодателей выделять квоты для приема на работу бывших заключённых
707;Р6;Fire-2013 ;Открытый;Харьков (Украина);2013.10;ЭПСЧ страны ЕС должны иметь право лишать людей гражданства, приобретенного не по праву крови (происхождения)
708;Фмк;Fire-2013 ;Открытый;Харьков (Украина);2013.10;ЭПСЧ оппозиция в Украине должна выдвинуть единого кандидата на президентских выборах уже в первом туре
709;ПФ;Fire-2013 ;Открытый;Харьков (Украина);2013.10;ЭП не верит в универсальность прав человека
710;Ф;Fire-2013 ;Открытый;Харьков (Украина);2013.10;ЭПСЧ Россия должна использовать все возможные методы для вовлечения Украины в Таможенный Союз
711;Р1;Top Games 2013 ;Открытый;Челябинск;2013.10;ЭП сделает Россию клерикальным государством
712;Р2;Top Games 2013 ;Открытый;Челябинск;2013.10;ЭП отменит запрет быть избранными лицам, осужденным за совершение тяжких и особо тяжких преступлений
713;Р3;Top Games 2013 ;Открытый;Челябинск;2013.10;ЭП запретит социальные сети
714;Р4;Top Games 2013 ;Открытый;Челябинск;2013.10;ЭП введет войска в Сирию
715;Р5;Top Games 2013 ;Открытый;Челябинск;2013.10;ЭП отменит социальное обеспечение
716;ПФ;Top Games 2013 ;Открытый;Челябинск;2013.10;ЭПСЧ нормы международного гуманитарного права не должны применяться к странам-агрессорам
717;Ф;Top Games 2013 ;Открытый;Челябинск;2013.10;Если будет создана машина времени, нужно запретить её использовать
718;Р1;VI КП МГЮА ;Открытый;Москва;2013.10;ЭП отменит Нобелевскую премию мира
719;Р2;VI КП МГЮА ;Открытый;Москва;2013.10;"ЭП будет экономически стимулировать дезурбанизацию.
*Дезурбанизация - процесс, выражающийся в расселении населения вне крупных городов, противоположный процессу урбанизации"
720;Р3;VI КП МГЮА ;Открытый;Москва;2013.10;"ЭПСЧ Россия должна немедленно рассекретить все документы, касающиеся Катынского расстрела
* 21 октября Европейский суд по правам человека (ЕСПЧ) вынес решение по Катынскому делу. Суд отказался рассматривать вопрос об эффективности расследования, проведенного Россией, ввиду отсутствия компетенции, однако признал ее нарушившей свои обязательства перед судом в связи с отказом предоставить в суд ключевые документы по делу. На данный момент эти документы, как и многие другие касающиеся «Катынского расстрела», унесшего жизни тысяч польских граждан, Россия отказывается передавать кому-либо в связи с их секретностью."
721;Р4;VI КП МГЮА ;Открытый;Москва;2013.10;ЭП разрешит добровольное тестирование медицинских препаратов на заключенных в обмен на уменьшение срока заключения 
722;Р5;VI КП МГЮА ;Открытый;Москва;2013.10;ЭПСЧ законы шариата в тех странах, где они разрешены, должны распространяться только на мусульманское население 
723;Фмк;VI КП МГЮА ;Открытый;Москва;2013.10;"ЭП введёт обязательное изучение «гендерных основ» в школе
* Гендерные основы (исследования) – ознакомление учащихся с основами междисциплинварной научной области, посвящённой исследованию гендерной идентичности. Данная область науки предполагает изучение феминизма, ЛГБТ, проблем гендерной политики, пола как социо-культурной модели поведения"
724;ПФ;VI КП МГЮА ;Открытый;Москва;2013.10;"ЭП обяжет родственников террористов расплачиваться за теракты
* Под словом расплачиваться подразумевается материальная компенсация"
725;Ф;VI КП МГЮА ;Открытый;Москва;2013.10;ЭП отменит систему обязательного налогообложения
726;Показат. игра;Внутренний турнир «Дело чести» ;Городской;Санкт-Петербург;2013.11;ЭП запретит ранние браки в традиционных обществах
727;Р1;Внутренний турнир «Дело чести» ;Городской;Санкт-Петербург;2013.11;ЭП запретит мотоциклы
728;Р2;Внутренний турнир «Дело чести» ;Городской;Санкт-Петербург;2013.11;ЭП против анонимности в Интернете
729;Р3;Внутренний турнир «Дело чести» ;Городской;Санкт-Петербург;2013.11;ЭП запретит актёрам с традиционной сексуальной ориентацией исполнять роли гомосексуалистов
730;Р4;Внутренний турнир «Дело чести» ;Городской;Санкт-Петербург;2013.11;ЭПСЧ в войнах обороняющееся государство может не придерживаться норм и правил ведения войны
731;Р5;Внутренний турнир «Дело чести» ;Городской;Санкт-Петербург;2013.11;ЭПСЧ лидеры религиозных организаций должны избираться прихожанами
732;ПФ;Внутренний турнир «Дело чести» ;Городской;Санкт-Петербург;2013.11;ЭПСЧ Саудовская Аравия должна выбрать пять звёзд вместо пятидесяти
733;Ф;Внутренний турнир «Дело чести» ;Городской;Санкт-Петербург;2013.11;В результате случайной связи на вечеринке девушка, которую вы не любите, от вас забеременела. ЭПСЧ делом чести будет сделать ей предложение
734;Показат. игра;III ОТ МЛЧ ;Для новичков;Москва;2013.11;ЭПСЧ всё высшее образование должно быть платным
735;Р1;III ОТ МЛЧ ;Для новичков;Москва;2013.11;ЭПСЧ футбольные клубы не должны нести ответственность за беспорядки фанатов
736;Р2;III ОТ МЛЧ ;Для новичков;Москва;2013.11;ЭП легализует пытки террористов
737;Р3;III ОТ МЛЧ ;Для новичков;Москва;2013.11;"ЭП поддерживает требования организации «За мультикультурную Швецию»
* В 2011 году шведская девушка, член организации «За мультикультурную Швецию» была жестоко изнасилована и убита афрошведом (выходцем из Сомали), который был пойман, после чего организация «За мультикультурную Швецию» обратилась к властям с прошением не распространять информацию о национальности преступника"
738;Р4;III ОТ МЛЧ ;Для новичков;Москва;2013.11;"ЭП отменит налоговые льготы для религиозных организаций
* В настоящий момент религиозные организации имеют налоговые льготы: они освобождаются от уплаты налога на землю со зданиями религиозного и благотворительного назначения, от налога на имущество, используемое для религиозной деятельности, от налога на прибыль от полученных в связи с совершением религиозных обрядов, церемоний, реализации религиозной литературы и других предметов религиозного предназначения"
739;ЧФ;III ОТ МЛЧ ;Для новичков;Москва;2013.11;"ЭП обяжет родителей давать деньги на карманные расходы детям в размере некоторого процента от их зарплаты
* допустимо уточнить, что есть максимальная планка или размер зависит в т.ч. от возраста ребёнка"
740;ПФ;III ОТ МЛЧ ;Для новичков;Москва;2013.11;"ЭПСЧ шотландцы должны проголосовать за отделение
* В 2014 г. в Шотландии пройдёт референдум об отдедении Шотландии от Великобритании"
741;Ф;III ОТ МЛЧ ;Для новичков;Москва;2013.11;ЭПС недопустимым бойкот международных спортивных мероприятий, мотивированный претензиями к внутренней политике страны, принимающей соревнование
742;Р1;Городской турнир ;Городской;Воронеж;2013.11;ЭП обяжет ведущие мировые университеты выложить лекции в открытый доступ
743;Р2;Городской турнир ;Городской;Воронеж;2013.11;"ЭП введёт принцип ""three strikes law"" (за третье совершённое преступление следует жёсткое наказание – пожизненное заключение или лишение свободы на очень долгий срок)"
744;Р3;Городской турнир ;Городской;Воронеж;2013.11;ЭПСЧ государство не должно финансировать лекарство от бесплодия
745;Р4;Городской турнир ;Городской;Воронеж;2013.11;ЭП введёт негативные голоса на выборах
746;ПФ;Городской турнир ;Городской;Воронеж;2013.11;ЭП будет распространять гуманитарную помощь только через религиозные организации.
747;Ф;Городской турнир ;Городской;Воронеж;2013.11;"ЭП введёт гендерные детские сады по всему миру
* Напр., не будет такого, что девочки играют в куклы, а мальчики в машинки"
748;Р1;IV турнира «Позвольте!» ;Открытый;Казань;2013.11;ЭП легализует все виды развлечений, связанных с применением насилия над людьми
749;Р2;IV турнира «Позвольте!» ;Открытый;Казань;2013.11;ЭПСЧ мир был бы лучше без искусства
750;Р3;IV турнира «Позвольте!» ;Открытый;Казань;2013.11;Имеется технология, позволяющая полностью изменять память, удалять нежелательные воспоминания и имплантировать желаемые. ЭПС допустимым использование данной технологии
751;Р4;IV турнира «Позвольте!» ;Открытый;Казань;2013.11;"ЭП обяжет женщин, у чьих плодов склонность более 50 процентов, делать аборт
* Изобретено устройство, которое определяет склонность человека к совершению преступлений ещё в чреве матери"
752;Р5;IV турнира «Позвольте!» ;Открытый;Казань;2013.11;"ЭП будет снабжать наркотиком всех желающих в любых количествах
* Изобретён полностью безопасный наркотик, который вводит человека в состояние абсолютной эйфории, полностью лишает свободу воли и снижает уровень дееспособности до минимума"
753;ПФ;IV турнира «Позвольте!» ;Открытый;Казань;2013.11;ЭП откроет для «Ока Большого Брата» каждый дом
754;Ф;IV турнира «Позвольте!» ;Открытый;Казань;2013.11;"ЭП уничтожит Бога
* Доказано существование единого Бога и жизни после смерти. Доказано, что Бога можно уничтожить, сохранив жизнь во Вселенной"
755;Р1;ОК НГУ 2013 ;Открытый;Новосибирск;2013.11;ЭПСЧ тренерами национальных сборных должны быть только граждане этих стран
756;Р2;ОК НГУ 2013 ;Открытый;Новосибирск;2013.11;ЭП запретит русский марш
757;Р3;ОК НГУ 2013 ;Открытый;Новосибирск;2013.11;ЭПСЧ значительная часть средств, выделяемых на борьбу с наркотиками, должна быть направлена в качестве материальной помощи в развивающиеся страны, в которых производят эти наркотики
758;Р4;ОК НГУ 2013 ;Открытый;Новосибирск;2013.11;ЭП обяжет получателя патента обеспечить его воплощение в кратчайшие сроки
759;Р5;ОК НГУ 2013 ;Открытый;Новосибирск;2013.11;ЭПСЧ религиозные организации не должны выражать официальную позицию по вопросам, не связанным напрямую с верой
760;ПФ;ОК НГУ 2013 ;Открытый;Новосибирск;2013.11;ЭПСЧ национальные памятники жертвам войны должны отдавать дань павшим войнам со всех сторон конфликта
761;Ф;ОК НГУ 2013 ;Открытый;Новосибирск;2013.11;ЭП разрешит амнистировать лиц, виновных в разглашении государственной тайны, на референдуме
762;Р1;II Джедайский турнир МГУ ;Джедайский;Москва;2013.11;ЭП запретит ломбарды
763;Р2;II Джедайский турнир МГУ ;Джедайский;Москва;2013.11;ЭП обяжет транссексуалов [поменявших свой пол] сообщать о том, что они являются транссексуалами, лицам, с кем они намерены вступить в половую связь или построить отношения
764;Р3;II Джедайский турнир МГУ ;Джедайский;Москва;2013.11;ЭПС допустимым открытое обещание государствами предоставления финансовой помощи и иных благ другим государствам в случае прихода к власти определенного кандидата/политической партии
765;Р4;II Джедайский турнир МГУ ;Джедайский;Москва;2013.11;ЭП поддерживает директиву ЕС, в которой прописано, что в руководство крупных компаний должно входить не менее 40% женщин
766;Р5;II Джедайский турнир МГУ ;Джедайский;Москва;2013.11;ЭП запретит женщинам, которые отказались от своего ребёнка, в дальнейшем иметь детей
767;ПФ;II Джедайский турнир МГУ ;Джедайский;Москва;2013.11;"ЭПСЧ если будет достоверно установлено, что педофилия является врождённой разновидностью сексуальной ориентации, государство не имеет права даже снижать уголовную ответственность за педофилию без тотальной поддержки такой идеи обществом
* На недавней парламентской сессии канадские психологи заявили о том, что педофилия является «такой же сексуальной ориентацией, как и гомосексуализм или гетеросексуализм», а не преступлением, как её принято считать. Против этого заявления выступил всего лишь один член парламента. Парламентарии приняли законодательный акт, предусматривающий внесение поправок в уголовный кодекс Канады в статьи, касающиеся сексуального преступления против детей."
768;Ф;II Джедайский турнир МГУ ;Джедайский;Москва;2013.11;"ЭПСЧ ни одна власть не имеет права отправлять людей на войну
* Референдум считается формой власти"
769;Р1;Слова;Открытый;Санкт-Петербург;2013.12;ЭП не подаёт милостыню
770;Р2;Слова;Открытый;Санкт-Петербург;2013.12;"ЭПСЧ природа может позаботиться о себе сама.
* Эта тема о том, что люди не должны заботиться о природе"
771;Р3;Слова;Открытый;Санкт-Петербург;2013.12;Mars One – частный проект, предпологающий полёт на Марс с последующим основанием колонии на его поверхности и трансляцией всего происходящего по телевидению. ЭП запретит реализацию программы Mars One.
772;Р4;Слова;Открытый;Санкт-Петербург;2013.12;ЭП установит законодательный запрет на финансирование абортов за счет бюджетных средств (за ислючением случаев абортов по медицинским показаниям и при наличии неотвратимой угрозы жизни женщины).
773;Р5;Слова;Открытый;Санкт-Петербург;2013.12;ЭПСЧ Россия должна вернуть Германии все произведения искусства, вывезенные во время Второй мировой войны
774;ЧФ;Слова;Открытый;Санкт-Петербург;2013.12;"ЭПСЧ бывших лидеров государств имеет право судить только их народ
* Речь идёт как о преступлениях против своего народа, так и о преступлениях за пределами страны против другого народа"
775;ПФ;Слова;Открытый;Санкт-Петербург;2013.12;"ЭПСЧ граждане Великобритании должны проголосовать за выход из состава ЕС
* В 2017 г. в Великобритании планируется референдум о выходе из состава ЕС"
776;Ф;Слова;Открытый;Санкт-Петербург;2013.12;ЭП будет субсидировать продвижение альтернативного понимания мужественности: метросексуал, домохозяин, слабый мужчина и др.
777;Р1;IV ОТ КФ РАП на кубок им. Ф. Плевако ;Открытый;Казань;2013.12;ЭП отменит право частной собственности на жилье
778;Р2;IV ОТ КФ РАП на кубок им. Ф. Плевако ;Открытый;Казань;2013.12;ЭП отменит тюремное заключение
779;Р3;IV ОТ КФ РАП на кубок им. Ф. Плевако ;Открытый;Казань;2013.12;ЭПСЧ Украина должна выбрать Россию
780;Р4;IV ОТ КФ РАП на кубок им. Ф. Плевако ;Открытый;Казань;2013.12;ЭП отменит все льготы для поступления в ВУЗ
781;Р5;IV ОТ КФ РАП на кубок им. Ф. Плевако ;Открытый;Казань;2013.12;ЭПСЧ без ревности мир был бы лучше
782;ПФ;IV ОТ КФ РАП на кубок им. Ф. Плевако ;Открытый;Казань;2013.12;ЭПСЧ России хватит кормить Москву
783;ПФ;IV ОТ КФ РАП на кубок им. Ф. Плевако ;Открытый;Казань;2013.12;ЭП сожалеет о широкой популярности социальных сетей
784;Ф;IV ОТ КФ РАП на кубок им. Ф. Плевако ;Открытый;Казань;2013.12;ЭП приравняет эмиграцию к государственной измене
785;Показат. игра;II «С Дону выдачи нет!» ;Открытый;Ростов-на-Дону;2013.12;ЭПСЧ любые поправки в Конституцию России возможно вносить только после общенародного референдума, в котором примут участие более половины граждан, обладающих активным избирательным правом
786;Р1;II «С Дону выдачи нет!» ;Открытый;Ростов-на-Дону;2013.12;ЭП запретит продажу сигарет лицам, родившимся после 2000 года
787;Р2;II «С Дону выдачи нет!» ;Открытый;Ростов-на-Дону;2013.12;ЭП введет уголовную ответственность за публичную пропаганду или одобрение сепаратизма в России
788;Р3;II «С Дону выдачи нет!» ;Открытый;Ростов-на-Дону;2013.12;ЭП, получив информацию, что его любимая компания (бренд одежды) использует детский труд в неразвитых странах, перестанет покупать и носить такую одежду
789;Р4;II «С Дону выдачи нет!» ;Открытый;Ростов-на-Дону;2013.12;"ЭП позвонит провайдеру.
* В Великобритании доступ к порносайтам можно получить только после звонка провайдеру от совершеннолетнего пользователя для авторизации. Вы – мать двух подростков (16-18 лет): парня и девушки. Вы часто бываете вне дома. Вы не заходите на порносайты сами. Вы не знаете, на какие ресурсы заходят или пытаются зайти ваши дети."
790;Р5;II «С Дону выдачи нет!» ;Открытый;Ростов-на-Дону;2013.12;"ЭП введет blind voting
* Blind voting - электоральная система, при которой избиратель голосует не за партии или кандидата, а за программные позиции. В избирательных бюллетенях не указывается, какая партия/кандидат какую программу представляют. "
791;ПФ;II «С Дону выдачи нет!» ;Открытый;Ростов-на-Дону;2013.12;"ЭП на месте Всемирного сионистского правительства, зная, что холокост приведет к созданию Израиля, поможет Гитлеру в приходе к власти в 1933 году.
* Всемирное сионистское правительство – заговор, имеющий значительное влияние в мире, участниками которого являются евреи. Их цель – обеспечение блага для евреев, в том числе, создание независимого еврейского государство в святой земле. Мы презюмируем, что оно существует."
792;Ф;II «С Дону выдачи нет!» ;Открытый;Ростов-на-Дону;2013.12;"ЭП займется разработкой контр-вируса
* Уравнение демографического апокалипсиса – научно доказанная теорема, согласно которой человечество прекратит свое существование из-за перенаселения уже в этом тысячелетии с вероятностью более 95%. В романе Дэна Брауна ""Инферно"" изобретен и запущен векторный вирус, поражающий всех людей, и делающий каждого случайно выбранного третьего абсолютно и неизлечимо бесплодным"
793;Р1;Завалинка-2013 ;Открытый;Тюмень;2013.12;ЭП откажется от бюджетной поддержки борьбы с орфанными заболеваниями в пользу обычных
794;Р2;Завалинка-2013 ;Открытый;Тюмень;2013.12;ЭП запретит матерям скрывать, кто отец ребенка
795;Р3;Завалинка-2013 ;Открытый;Тюмень;2013.12;"ЭП скроет эту информацию.
* Достоверно установлено, что мир устроен согласно представлениям одной из религий"
796;Р4;Завалинка-2013 ;Открытый;Тюмень;2013.12;ЭП предпочтет меры пропаганды законодательному запрету в случае борьбы с этно-культурными/религиозными обычаями, признанными недопустимыми
797;Р5;Завалинка-2013 ;Открытый;Тюмень;2013.12;ЭП одобряет итальянскую забастовку
798;ПФ;Завалинка-2013 ;Открытый;Тюмень;2013.12;ЭП будет предлагать женщинам, решившим делать аборт, родить ребенка за деньги, чтобы потом использовать его для антропологических исследований.
799;Ф;Завалинка-2013 ;Открытый;Тюмень;2013.12;ЭП представит только донорам возможность становиться акцепторами
800;Р1;Внутренний турнир МГУ ;Внутренний;Москва;2013.12;ЭПСЧ США должны провести военную операцию по свержению северокорейского режима
801;Р2;Внутренний турнир МГУ ;Внутренний;Москва;2013.12;ЭП запретит преступникам (в т.ч. отсидевшим) публиковать мемуары
802;Р3;Внутренний турнир МГУ ;Внутренний;Москва;2013.12;ЭПСЧ лидеры религиозных организаций должны избираться прихожанами
803;Ф;Внутренний турнир МГУ ;Внутренний;Москва;2013.12;ЭП разделит Украину на 2 государства (Восточную Украину и Западную Украину)
804;Р1;I батл-турнира «Без границ» ;Открытый;Белгород;2013.12;ЭП позволит осужденным на пожизненное заключение выбирать смертную казнь
805;Р2;I батл-турнира «Без границ» ;Открытый;Белгород;2013.12;ЭП откажется от использования наличных денег
806;Р3;I батл-турнира «Без границ» ;Открытый;Белгород;2013.12;ЭПСЧ оппозиция в странах СНГ должна перейти к насильственным методам сопротивления
807;Р4;I батл-турнира «Без границ» ;Открытый;Белгород;2013.12;ЭП будет проводить в школах и ВУЗах обязательное тестирование учащихся на употребление наркотиков
808;Р5;I батл-турнира «Без границ» ;Открытый;Белгород;2013.12;ЭПСЧ государство должно проводить политику поддержки вегетарианства
809;Ф;I батл-турнира «Без границ» ;Открытый;Белгород;2013.12;ЭПСЧ Бога нет
810;ЧФ;Императорский турнир ;Закрытый;Санкт-Петербург;2013.12;ЭП законодательно защитит права атеистов (Формулировка примерная)
811;ЧФ;Императорский турнир ;Закрытый;Санкт-Петербург;2013.12;ЭП (среднестатистический украинец) не выйдет на Майдан (Формулировка примерная)
812;ЧФ;Императорский турнир ;Закрытый;Санкт-Петербург;2013.12;ЭП будет конфисковывать автомобили у водителей, повторно задержанных за вождение в пьяном состоянии в течение года (Формулировка примерная)
813;ЧФ;Императорский турнир ;Закрытый;Санкт-Петербург;2013.12;ЭПСЧ у семьи на выборах должен быть 1 голос (при этом «одиночки» не имеют права голоса) (Формулировка примерная)
814;ПФ;Императорский турнир ;Закрытый;Санкт-Петербург;2013.12;ЭП разрешит заключение профессиональных спортивных контрактов с любого возраста (Формулировка примерная)
815;ПФ;Императорский турнир ;Закрытый;Санкт-Петербург;2013.12;ЭПСЧ Россия должна перейти от рыночной к плановой экономике 
816;Ф;Императорский турнир ;Закрытый;Санкт-Петербург;2013.12;Изобретено устройство, позволяющее определить продолжительность жизни (дату смерти по биологическим причинам). ЭП запретит его использование (Формулировка примерная)
817;Р1;Тот самый турнир в Костроме;Открытый;Кострома;2013.12;ЭП запретит помилование
818;Р2;Тот самый турнир в Костроме;Открытый;Кострома;2013.12;ЭПСЧ Колумбия должна призвать международные войска для борьбы с наркокартелями
819;Р3;Тот самый турнир в Костроме;Открытый;Кострома;2013.12;ЭП откажет в искусственном оплодотворении одиноким женщинам
820;Р4;Тот самый турнир в Костроме;Открытый;Кострома;2013.12;ЭП запретит компаниям быстрого питания давать игрушки вместе с нездоровой пищей
821;Р5;Тот самый турнир в Костроме;Открытый;Кострома;2013.12;ЭП (Дед Мороз) подарит игрушку ребенку, который плохо себя вёл
822;ПФ;Тот самый турнир в Костроме;Открытый;Кострома;2013.12;ЭП запретит «Подслушано в дебатах»
823;Ф;Тот самый турнир в Костроме;Открытый;Кострома;2013.12;ЭП разрешит клонирование человека
824;Показат. игра;Игра вне турнира;Игра вне турнира;Москва;2014.01-06.;ЭП запретит потребительское кредитование физических лиц
825;Р1;Зимний Открытый Турнир НИУ ВШЭ СПб 2014 ;Открытый;Санкт-Петербург;2014.01;ЭПСЧ Интернет сделал журналистику лучше 
826;Р2;Зимний Открытый Турнир НИУ ВШЭ СПб 2014 ;Открытый;Санкт-Петербург;2014.01;ЭП введет вступительный экзамен для тех, кто меняет религию
827;Р3;Зимний Открытый Турнир НИУ ВШЭ СПб 2014 ;Открытый;Санкт-Петербург;2014.01;ЭП введёт жёсткие санкции против Ирака до тех пор, пока руководство страны кардинально не изменит политику, проводимую в отношение к суннитскому населению страны
828;Р4;Зимний Открытый Турнир НИУ ВШЭ СПб 2014 ;Открытый;Санкт-Петербург;2014.01;ЭП введет безусловный основной доход
829;Р5;Зимний Открытый Турнир НИУ ВШЭ СПб 2014 ;Открытый;Санкт-Петербург;2014.01;ЭП запретит проведение акций против кавказофобии и исламофобии в Москве
830;ПФ;Зимний Открытый Турнир НИУ ВШЭ СПб 2014 ;Открытый;Санкт-Петербург;2014.01;ЭП запретит предоставлять политическое убежище
831;Ф;Зимний Открытый Турнир НИУ ВШЭ СПб 2014 ;Открытый;Санкт-Петербург;2014.01;ЭП разрешит отказываться от части социальных гарантий в обмен на снижение налогового бремени
832;Р1;ОТ НИУ ВШЭ 2014 ;Открытый;Москва;2014.02;ЭП проведет всероссийский референдум об отделении Кавказа
833;Р2;ОТ НИУ ВШЭ 2014 ;Открытый;Москва;2014.02;ЭП сделает как в Колорадо (разрешит частным предпринимателям отказывать в обслуживании- продаже услуг представителям LGBT сообщества, если это противоречит их религиозным убеждениям)
834;Р3;ОТ НИУ ВШЭ 2014 ;Открытый;Москва;2014.02;ЭПСЧ во время Олимпиады в Сочи российской оппозиции нужно приостановить критику власти
835;Р4;ОТ НИУ ВШЭ 2014 ;Открытый;Москва;2014.02;ЭП поддержит корректировку произведений классической литературы в рамках современного понимания политкорректности
836;Р5;ОТ НИУ ВШЭ 2014 ;Открытый;Москва;2014.02;ЭП будет предоставлять Украине систематическую финансовую помощь 
837;ПФ;ОТ НИУ ВШЭ 2014 ;Открытый;Москва;2014.02;ЭП сожалеет о широком распространении среди молодёжи философии «занимайся только тем, чем нравится»
838;Ф;ОТ НИУ ВШЭ 2014 ;Открытый;Москва;2014.02;ЭП поддержит десакрализацию Великой Отечественной Войны
839;Р1;ОТ МФТИ ;Открытый;Москва;2014.02;ЭПСЧ израильские музыканты должны начать исполнять произведения Вагнера
840;Р2;ОТ МФТИ ;Открытый;Москва;2014.02;ЭП будет автоматически перераспределять часть зарплаты работающего супруга его неработающей супруге – домохозяйке
841;Р3;ОТ МФТИ ;Открытый;Москва;2014.02;ЭП предпочитает систему, в которой большая часть правовых норм формируется судебными прецедентами, системе, в которой большая часть правовых норм формируется законодательством
842;Р4;ОТ МФТИ ;Открытый;Москва;2014.02;ЭП сожалеет о замещении человеческого труда кибернетическим в результате развития технологий
843;Р5;ОТ МФТИ ;Открытый;Москва;2014.02;ЭПСЧ разрушение/осквернение религиозных и культурных объектов - легитимная тактика ведения войны
844;ПФ;ОТ МФТИ ;Открытый;Москва;2014.02;ЭП будет совершать преступления в своих интересах, зная, что оно не будет подвергнуто общественному осуждению и наказанию
845;Ф;ОТ МФТИ ;Открытый;Москва;2014.02;"ЭП с позиции русского жителя Украины предпочтёт первый вариант второму
* Первый вариант: к власти в Украине приходят националисты, и Украина становится относительно демократическим государством по модели современной Прибалтики, но при этом с пакетом законов, направленных на украинизацию этнических русских.
Второй вариант: на Востоке Украины сохраняется власть Януковича или подобных политиков, и на этих территориях сохраняется авторитарный режим, как в РФ или Белоруссии."
846;Р1;МОСТ БГУ-2014 ;Открытый;Минск (Беларусь);2014.03;ЭПСЧ космополитизм лучше, чем любая национальная идея
847;Р2;МОСТ БГУ-2014 ;Открытый;Минск (Беларусь);2014.03;"ЭП отменит любые ограничения на публичную наготу
*В интересах данной темы судьи не рассматривают публичное самоудовлетворение"
848;Р3;МОСТ БГУ-2014 ;Открытый;Минск (Беларусь);2014.03;ЭП будет выставлять на аукционы право управления городами-банкротами
849;Р4;МОСТ БГУ-2014 ;Открытый;Минск (Беларусь);2014.03;ЭП разрешит осуждённым заменять любое наказание на смертную казнь, даже в тех странах, где не легализована смертная казнь
850;Р5;МОСТ БГУ-2014 ;Открытый;Минск (Беларусь);2014.03;ЭП будет предоставлять бесплатно сексуальные услуги инвалидам в странах, где легализована проституция
851;ПФ;МОСТ БГУ-2014 ;Открытый;Минск (Беларусь);2014.03;"ЭП запретит отрицание Холокоста
* Отрицание Холокоста (ревизионизм) — утверждения, согласно которым Холокоста не существовало в том виде, в котором его описывает общепринятая историография. При этом в основном оспариваются следующие положения:
- массовая гибель евреев была результатом целенаправленной политики официальных властей Третьего рейха;
- для массового уничтожения евреев были созданы и использовались газовые камеры и лагеря смерти;
- число жертв среди еврейского населения на территориях, подконтрольных национал-социалистам и их союзникам, достигает от 5 до 6 миллионов человек."
852;Ф;МОСТ БГУ-2014 ;Открытый;Минск (Беларусь);2014.03;ЭП будет учить детей в школах подвергать сомнению любые авторитеты
853;Р1;V ОТ КФ РАП на кубок им. Ф. Плевако ;Открытый;Казань;2014.03;ЭПСЧ высшее образование должно быть без диплома
854;Р2;V ОТ КФ РАП на кубок им. Ф. Плевако ;Открытый;Казань;2014.03;ЭП обяжет человека самому представлять себя в суде
855;Р3;V ОТ КФ РАП на кубок им. Ф. Плевако ;Открытый;Казань;2014.03;ЭП поддержит романтизацию малопрестижных профессий
856;Р4;V ОТ КФ РАП на кубок им. Ф. Плевако ;Открытый;Казань;2014.03;ЭП будет использовать тело человека после смерти без его согласия
857;Р5;V ОТ КФ РАП на кубок им. Ф. Плевако ;Открытый;Казань;2014.03;ЭП запретит прививать патриотизм
858;ПФ;V ОТ КФ РАП на кубок им. Ф. Плевако ;Открытый;Казань;2014.03;ЭПСЧ ограничения свободы слова не должны распространяться на страницы книг/ показы в кинотеатрах/ альбомы муз. групп / спектакли/ платные кабельные каналы
859;Ф;V ОТ КФ РАП на кубок им. Ф. Плевако ;Открытый;Казань;2014.03;ЭП сожалеет о концепте греха
860;Р1;V ВОТ МГУ 2014 ;Открытый;Москва;2014.03;В странах с обязательной воинской повинностью ЭП будет призывать женщин в армию
861;Р2;V ВОТ МГУ 2014 ;Открытый;Москва;2014.03;"ЭП введёт в развитых странах обязательную национализацию всех компаний, которые являются ""слишком большими, чтобы обанкротиться"" (too big to fail)"
862;Р3;V ВОТ МГУ 2014 ;Открытый;Москва;2014.03;ЭП бойкотирует товары, произведённые израильскими компаниями на Западном Берегу реки Иордан
863;Р4;V ВОТ МГУ 2014 ;Открытый;Москва;2014.03;ЭП разрешит двум взрослым ответственным людям, с обоюдного согласия сторон, разрешать любые конфликты при помощи дуэли
864;Р5;V ВОТ МГУ 2014 ;Открытый;Москва;2014.03;ЭП для выдвижения своей кандидатуры на выборах любого уровня сделает обязательной службу в армии, работу в здравоохранении, образовании или службах экстренной помощи
865;ЧФ;V ВОТ МГУ 2014 ;Открытый;Москва;2014.03;ЭП сожалеет о романтизации преступного и аморального образа жизни современным кинематографом
866;ПФ;V ВОТ МГУ 2014 ;Открытый;Москва;2014.03;"ЭП поставила бы своей целью переезд в одну из стран Запада на постоянное место жительства
* Вы – молодой, успешный, холостой человек, заканчивающий образование в одном из лучших российских ВУЗов и обладающий отличным знанием английского языка."
867;Ф;V ВОТ МГУ 2014 ;Открытый;Москва;2014.03;ЭПСЧ право народов на самоопределение всегда важнее, чем целостность государств, в которых эти народы проживают
868;Р1;Juventas III: дорогу молодым ;Джедайский;Екатеринбург;2014.03;ЭП введет минимальный возрастной ценз на регистрацию аккаунта в социальных сетях
869;Р2;Juventas III: дорогу молодым ;Джедайский;Екатеринбург;2014.03;ЭП запретит Бэби-боксы. Бэби-бокс – специально оборудованное в медицинском учреждении место в виде окошка со стороны улицы, в котором женщины могут анонимно и без любых юридических последствий оставить нежеланных новорожденных детей. Через 30 секунд после того, как женщина положила ребенка, дверь блокируется, а на пульт дежурной медсестры поступает сигнал об оставленном младенце.
870;Р3;Juventas III: дорогу молодым ;Джедайский;Екатеринбург;2014.03;ЭПСЧ комедианты не должны использовать расистские, сексистские и гомофобные высказывания в своих выступлениях
871;Р4;Juventas III: дорогу молодым ;Джедайский;Екатеринбург;2014.03;ЭПСЧ суды присяжных должны состоять только из представителей того же социально-экономического класса, что и обвиняемый
872;Р5;Juventas III: дорогу молодым ;Джедайский;Екатеринбург;2014.03;ЭП предоставит иммунитет от преследования за совершённые преступления диктаторам, добровольно отказавшимся от власти
873;ПФ;Juventas III: дорогу молодым ;Джедайский;Екатеринбург;2014.03;ЭП запретит проведение массовых международных спортивных соревнований в развивающихся странах
874;Ф;Juventas III: дорогу молодым ;Джедайский;Екатеринбург;2014.03;ЭП сожалеет о распаде Советского Союза
875;Р1;Императорский диспут ;Открытый;Томск;2014.03;ЭПСЧ арендодатель должен учитывать интересы местного населения при сдаче коммерческих площадей
876;Р2;Императорский диспут ;Открытый;Томск;2014.03;ЭП в развивающихся странах введет ограниченную демократию
877;Р3;Императорский диспут ;Открытый;Томск;2014.03;ЭП в случае изобретения препарата, позволяющего изменять сексуальную ориентацию, скроет информацию о нем
878;Р4;Императорский диспут ;Открытый;Томск;2014.03;ЭП введет налог на бездетность в развитых странах
879;Р5;Императорский диспут ;Открытый;Томск;2014.03;ЭПСЧ право не свидетельствовать есть у каждого, а не только у родственников
880;ПФ;Императорский диспут ;Открытый;Томск;2014.03;В случае революционного свержения режима ЭП запретит самим революционным силам и их лидерам участвовать в выборах и входить в состав нового правительства
881;Ф;Императорский диспут ;Открытый;Томск;2014.03;ЭПСЧ движение феминисток должно активно пропагандировать постоянные моногамные отношения
882;Показат. игра;deBattle 2014 ;Открытый;Воронеж;2014.03;ЭП отменит срок давности для преступлений
883;Р1;deBattle 2014 ;Открытый;Воронеж;2014.03;ЭПСЧ разработчики World of Warcraft и тому подобных игр должны установить ограничение на прокачку одного игрового персонажа (не более трёх часов в день)
884;Р2;deBattle 2014 ;Открытый;Воронеж;2014.03;ЭП обяжет владельцев СМИ назначать и увольнять главных редакторов только с согласия большинства журналистов этого СМИ
885;Р3;deBattle 2014 ;Открытый;Воронеж;2014.03;ЭП введет экономические санкции против стран, которые устанавливают верхний потолок цены тех или иных товаров
886;Р4;deBattle 2014 ;Открытый;Воронеж;2014.03;"ЭП не будет использовать ""технологию молодости""
* В романе О. Хаксли ""О дивный новый мир"" существует технология, позволяющая человеку сохранить молодость на протяжении всей жизни. Побочным эффектом является то, что по достижении приблизительно 50-летнего возраста наступает внезапная и скоропостижная смерть. Вам - среднестатистическому человеку - предложен выбор: использовать ""технологию молодости"" или же прожить обыкновенную жизнь."
887;Р5;deBattle 2014 ;Открытый;Воронеж;2014.03;"ЭП будет применять данную технологию в отношении злостных рецидивистов
— А вы об этом слыхали? — благосклонно улыбнулся Страшила.-
Хорошо, я вам объясню свою идею. После волшебного сна люди просыпаются подобные новорожденным младенцам — не так ли?
— Да!
— Их снова воспитывают в течение нескольких дней и напоминают все, что они знали, но позабыли?
— Да!
— Так кто же вам мешает внушить тому же королю Ментахо, когда он проснется, что до своего очарованного сна он был не королем, а кузнецом, или слесарем, или пахарем, и научить его основам нового ремесла?
 (с) А.Волков. ""Семь подземных королей"""
888;ПФ;deBattle 2014 ;Открытый;Воронеж;2014.03;"ЭП (Американская ассоциация врачей и фармацевтов) снимет запрет для своих членов на участие в процедуре смертной казни
* В большинстве штатов США смертная казнь осуществляется путём введения осуждённому медицинского препарата (т.н. ""техасского коктейля""), состоящего из трёх компонентов, которые последовательно вызывают глубокий сон, останавливают дыхание и сердце. Американская ассоциация врачей запрещает членам этой ассоциации участвовать в проведении смертной казни (вводить препарат) под страхом лишения лицензии врача, что означает невозможность работы врачом на территории США. Данный запрет был установлен Ассоциацией по собственной инициативе, однако Верховный Суд США подтвердил, что у неё есть право налагать ограничения, которые являются неприемлемыми в соответствии с моральными нормами. В результате смертную казнь проводят люди, как правило, не имеющие никакой медицинской подготовки (им лишь объясняют, куда надо вставлять шприц). При этом достоверно установлено, что в ряде случаев из-за недостатка медицинских знаний смерть осуждённого наступала после продолжительных мучений"
889;Ф;deBattle 2014 ;Открытый;Воронеж;2014.03;ЭП введёт обязательный квалификационный экзамен для лиц, желающих стать родителями или усыновителями
890;Р1;IV ОТ МЛЧ ;Для новичков;Москва;2014.04;ЭП запретит компьютерные игры, связанные с насилием
891;Р2;IV ОТ МЛЧ ;Для новичков;Москва;2014.04;ЭП будет субсидировать операции по смене пола
892;Р3;IV ОТ МЛЧ ;Для новичков;Москва;2014.04;ЭПСЧ борьба с курением должна ограничиваться только защитой от пассивного курения
893;Р4;IV ОТ МЛЧ ;Для новичков;Москва;2014.04;ЭП отменит институт тайного голосования и будет вести открытую базу отданных голосов
894;Р5;IV ОТ МЛЧ ;Для новичков;Москва;2014.04;ЭПСЧ родители имеют право посвящать детей в исповедуемую ими религию
895;ЧФ;IV ОТ МЛЧ ;Для новичков;Москва;2014.04;"ЭП приедет на ОК МГЮА
* Вы – либеральный дебатёр из Украины"
896;ПФ;IV ОТ МЛЧ ;Для новичков;Москва;2014.04;ЭПСЧ культивирование любви в массовом искусстве опасно и должно быть прекращено
897;Ф;IV ОТ МЛЧ ;Для новичков;Москва;2014.04;"ЭП поддерживает правило финансового fair play в крупных спортивных соревнованиях
* Для допуска к соревнованию клубы должны показывать прибыль (без учёта спонсоров)"
898;Р1;III ОТ КГМУ «Здравые мысли» ;Открытый;Казань;2014.04;ЭПСЧ государство должно выплачивать компенсации родственникам лиц, совершивших суицид
899;Р2;III ОТ КГМУ «Здравые мысли» ;Открытый;Казань;2014.04;ЭП отменит врачебную тайну для высших должностных лиц
900;Р3;III ОТ КГМУ «Здравые мысли» ;Открытый;Казань;2014.04;ЭП будет насильственно экспансировать демократию
901;Р4;III ОТ КГМУ «Здравые мысли» ;Открытый;Казань;2014.04;ЭП будет уничтожать всю информацию о судимости
902;ПФ;III ОТ КГМУ «Здравые мысли» ;Открытый;Казань;2014.04;ЭП обяжет банки выдавать беспроцентные кредиты получателям, которым необходимы деньги на лечение
903;Ф;III ОТ КГМУ «Здравые мысли» ;Открытый;Казань;2014.04;ЭПСЧ Ватикан должен полностью отказаться от критики средств контрацепции
904;Р1;Debate On 2014: Разрушители Мифов ;Открытый;Омск;2014.04;ЭПСЧ ЕГЭ провалился
905;Р2;Debate On 2014: Разрушители Мифов ;Открытый;Омск;2014.04;ЭПСЧ мобильный Интернет имеет больше перспективы, чем сотовая связь
906;Р3;Debate On 2014: Разрушители Мифов ;Открытый;Омск;2014.04;ЭПСЧ полиция вправе применять жёсткие методы допроса (побои, пытки, угрозы, грубость и т.п.) в отношении рецидивистов
907;Р4;Debate On 2014: Разрушители Мифов ;Открытый;Омск;2014.04;ЭПСЧ пол родителя не должен являться основанием при принятии решения, с кем останется ребенок при разводе
908;Р5;Debate On 2014: Разрушители Мифов ;Открытый;Омск;2014.04;ЭПСЧ порнография принесла больше вреда, чем пользы
909;Р6;Debate On 2014: Разрушители Мифов ;Открытый;Омск;2014.04;ЭП отменит ограничение на занятие одним и тем же лицом единоличных избираемых должностей не более двух сроков
910;ПФ;Debate On 2014: Разрушители Мифов ;Открытый;Омск;2014.04;ЭП закрепит на государственном уровне точную цифру стоимости человеческой жизни
911;Ф;Debate On 2014: Разрушители Мифов ;Открытый;Омск;2014.04;ЭПСЧ бедность – порок
912;Р1;I турнир Уральской лиги дебатов ;Открытый;Екатеринбург;2014.04;ЭП деромантизирует образ людей, совершающих кровавые революции
913;Р2;I турнир Уральской лиги дебатов ;Открытый;Екатеринбург;2014.04;ЭП не выпустит преступника из тюрьмы, пока он не получит повышение квалификации или не пройдет курсы переквалификации
914;Р3;I турнир Уральской лиги дебатов ;Открытый;Екатеринбург;2014.04;ЭП, будучи феминисткой в России, откажется от губной помады
915;Р4;I турнир Уральской лиги дебатов ;Открытый;Екатеринбург;2014.04;ЭП рада возникновению fat acceptance movement (движение против предвзятости к жирным)
916;Р5;I турнир Уральской лиги дебатов ;Открытый;Екатеринбург;2014.04;ЭП разрешит заключать брачные контракты, предусматривающие тюремные заключения за супружеские измены
917;ПФ;I турнир Уральской лиги дебатов ;Открытый;Екатеринбург;2014.04;ЭП, будучи могучим ураганом, который заботится о человечестве, и имея принудительный выбор разрушить либо США, либо Китай, разрушит Китай
918;Ф;I турнир Уральской лиги дебатов ;Открытый;Екатеринбург;2014.04;ЭП посмеется над толерантностью
919;Р1;Финал МЛЧ 2014 ;Городской;Москва;2014.04;ЭП разрешит использовать доказательства, полученные в результате провокации со стороны правоохранительных органов
920;Р2;Финал МЛЧ 2014 ;Городской;Москва;2014.04;"ЭП проведет люстрацию на Украине
* Требования к люстрации:
- вина должна быть доказана;
- право на защиту;
- цель – защита неокрепшей демократии;
- ограничена временными рамками."
921;Р3;Финал МЛЧ 2014 ;Городской;Москва;2014.04;ЭП (Турция) поддерживает запрет на ношение женщинами хиджаба на работе в государственных органах и организациях
922;Р4;Финал МЛЧ 2014 ;Городской;Москва;2014.04;ЭП запретит непрофессиональным участникам рынка ценных бумаг участвовать в торгах на валютных рынках (например, Forex)
923;Р5;Финал МЛЧ 2014 ;Городской;Москва;2014.04;ЭП запретит участвовать в выборах в Европарламент партиям, выступающим за выход из ЕС (Евроскептики)
924;ПФ;Финал МЛЧ 2014 ;Городской;Москва;2014.04;"ЭП поддерживает процесс национализации элит
* Долгое время в России значительная часть политической и экономической элит имели существенные активы, счета и запасной вариант на Западе (интернационализированная элита). Сейчас есть тенденции к уходу от такой ситуации (элита будет иметь активы только в России)"
925;Ф;Финал МЛЧ 2014 ;Городской;Москва;2014.04;ЭПСЧ государство должно поддерживать семейные ценности
926;Р1;V ОК ЮУрГУ ;Открытый;Челябинск;2014.04;ЭП вернет церковное право на убежище
927;Р2;V ОК ЮУрГУ ;Открытый;Челябинск;2014.04;ЭПСЧ спонсирование протестов в тоталитарных странах является легальным инструментом внешней политики
928;Р3;V ОК ЮУрГУ ;Открытый;Челябинск;2014.04;ЭПСЧ лукизм приемлем
929;Р4;V ОК ЮУрГУ ;Открытый;Челябинск;2014.04;ЭПСЧ Красный Крест должен заявлять о военных преступлениях, свидетелями которых стали его сотрудники
930;Р5;V ОК ЮУрГУ ;Открытый;Челябинск;2014.04;ЭПСЧ краудфандинг предпочтительнее субсидирования
931;ПФ;V ОК ЮУрГУ ;Открытый;Челябинск;2014.04;"ЭП запретит использование этой технологии в отношении аккаунтов умерших.
* Изобретена технология, использующая информацию из аккаунта человека в соц. сетях (сообщения, фото, видео, аудио), для создания AI - виртуального аналога пользователя, с которым можно осуществлять интернет-общение"
932;Ф;V ОК ЮУрГУ ;Открытый;Челябинск;2014.04;ЭП осудит практику приношения клятвы флагу США среди детей
933;Р1;Онежские прения 2014 ;Открытый;Петрозаводск;2014.04;ЭП приравняет блоги к СМИ
934;Р2;Онежские прения 2014 ;Открытый;Петрозаводск;2014.04;ЭП поддерживает применение/разрешение отрядов вигилантов в регионах с высоким уровнем преступности
935;Р3;Онежские прения 2014 ;Открытый;Петрозаводск;2014.04;"ЭП закажет у студии ""Marvel"" создание супергероя-мусульманина"
936;Р4;Онежские прения 2014 ;Открытый;Петрозаводск;2014.04;ЭП запретит ВУЗам использовать посещаемость в качестве критерия выставления оценки по курсу
937;Р5;Онежские прения 2014 ;Открытый;Петрозаводск;2014.04;ЭП введет образовательный ценз (по результатам сдачи теста) при голосовании на выборах
938;ПФ;Онежские прения 2014 ;Открытый;Петрозаводск;2014.04;ЭПСЧ зарплатные ведомости работников должны быть общедоступными
939;Ф;Онежские прения 2014 ;Открытый;Петрозаводск;2014.04;ЭП внесёт условие о соблюдении моральных норм в трудовые договоры лиц, занимающих публичные должности в политической среде
940;Р1;XI ОК МГЮА ;Открытый;Москва;2014.05;ЭП поддерживает продажу гражданства иностранным гражданам всеми странами
941;Р2;XI ОК МГЮА ;Открытый;Москва;2014.05;ЭП введёт налоговые льготы для вегетарианцев
942;Р3;XI ОК МГЮА ;Открытый;Москва;2014.05;ЭП распустит ООН
943;Р4;XI ОК МГЮА ;Открытый;Москва;2014.05;ЭП лишит родительских прав лиц, страдающих аддикцией (зависимостью) от компьютерных игр
944;Р5;XI ОК МГЮА ;Открытый;Москва;2014.05;ЭПСЧ ВУЗы должны иметь право отчислять студентов за недостойное поведение за пределами ВУЗа
945;Р6;XI ОК МГЮА ;Открытый;Москва;2014.05;ЭПСЧ госслужащие не должны иметь права голоса
946;Р7;XI ОК МГЮА ;Открытый;Москва;2014.05;"ЭПС допустимым этническое профилирование в России
* Этническое профилирование – это практика сотрудников полиции и других правоохранительных органов, заключающаяся в использовании этнической принадлежности в качестве основания для проведения следственных действий в отношении данных лиц"
947;Р8;XI ОК МГЮА ;Открытый;Москва;2014.05;ЭПСЧ пол должен определяться не физиологией, а желанием человека
948;Р9;XI ОК МГЮА ;Открытый;Москва;2014.05;ЭПСЧ Россия должна прекратить экспорт необработанных природных ресурсов
949;ПФ;XI ОК МГЮА ;Открытый;Москва;2014.05;ЭП сожалеет о свержении Хосни Мубарака
950;Ф;XI ОК МГЮА ;Открытый;Москва;2014.05;ЭПСЧ СМИ не обязаны говорить правду
951;Р1;Внутренний Итоговый Турнир МГУ 2014 ;Внутренний;Москва;2014.05;В странах, где легализовано рабство, ЭП запретит гладиаторские бои с участием рабов
952;Р2;Внутренний Итоговый Турнир МГУ 2014 ;Внутренний;Москва;2014.05;ЭП будет преследовать лиц, осуществивших домашнее насилие, вне зависимости от согласия жертв на такое преследование
953;Р3;Внутренний Итоговый Турнир МГУ 2014 ;Внутренний;Москва;2014.05;ЭПСЧ государство должно бороться с культурой потребления (консьюмеризма)
954;Ф;Внутренний Итоговый Турнир МГУ 2014 ;Внутренний;Москва;2014.05;ЭПСЧ в развивающихся странах реформы, направленные на снижение социального неравенства, важнее, чем реформы, направленные на экономический рост
955;Р1;Полемика 2014 ;Открытый;Санкт-Петербург;2014.05;ЭПСЧ голоса членов семьи должны учитываться только тогда, когда женщины в этой семье голосуют
956;Р2;Полемика 2014 ;Открытый;Санкт-Петербург;2014.05;"ЭП сожалеет о чрезмерной опеке детей в западном обществе
* Речь идёт о чрезмерной заботе и, как пример, невозможности силой заставить ребёнка пойти в школу"
957;Р3;Полемика 2014 ;Открытый;Санкт-Петербург;2014.05;ЭП откажет в предоставлении материальной помощи развивающимся странам, в которых приняты законы, направленные на жесткое подавление деятельности ЛГБТ сообществ
958;Р4;Полемика 2014 ;Открытый;Санкт-Петербург;2014.05;ЭП не осуждает родителей, отказывающихся от новорождённого ребенка с синдромом ДЦП
959;Р5;Полемика 2014 ;Открытый;Санкт-Петербург;2014.05;ЭП примет Донецкую Народную Республику и Луганскую Народную Республики в состав РФ
960;ПФ;Полемика 2014 ;Открытый;Санкт-Петербург;2014.05;ЭПСЧ либеральное демократическое сообщество России должно осудить Запад в связи с ситуацией на Украине
961;Ф;Полемика 2014 ;Открытый;Санкт-Петербург;2014.05;ЭПСЧ государство не должно защищать людей от самих себя (в трактовке 1-ого правительства: ЭПСЧ государство не должно защищать людей от их желания умереть и от их действий, направленных на их смерть).
962;Р1;ОК НГУ 2014 ;Открытый;Новосибирск;2014.05;ЭП будет принудительно изымать и помещать в интернаты детей из этнических образований, соблюдающих традиции, препятствующие получению этими детьми полноценного образования и медицинской помощи.
963;Р2;ОК НГУ 2014 ;Открытый;Новосибирск;2014.05;ЭПСЧ западные страны должны наложить экономические санкции на РФ, включающие в себя запрет на покупку энергоресурсов
964;Р3;ОК НГУ 2014 ;Открытый;Новосибирск;2014.05;ЭП сожалеет о победе Кончиты Вюрст на Евровидении
965;Р4;ОК НГУ 2014 ;Открытый;Новосибирск;2014.05;ЭП запретит национальные космические проекты
966;Р5;ОК НГУ 2014 ;Открытый;Новосибирск;2014.05;ЭПСЧ онлайн-общение приносит человечеству больше пользы, чем общение вживую
967;ПФ;ОК НГУ 2014 ;Открытый;Новосибирск;2014.05;ЭПСЧ государство должно бороться с культурой консьюмеризма
968;Ф;ОК НГУ 2014 ;Открытый;Новосибирск;2014.05;ЭПСЧ развивающие страны должны отдавать приоритет реформам, направленным на снижение социального неравенства, а не реформам, направленным на экономический рост
969;Р1;ОТ «Вятка-2014» ;Открытый;Киров;2014.05;ЭПСЧ автор не имеет права препятствовать распространению своего произведения
970;Р2;ОТ «Вятка-2014» ;Открытый;Киров;2014.05;ЭПС убийство политических лидеров допустимой тактикой ведения войны
971;Р3;ОТ «Вятка-2014» ;Открытый;Киров;2014.05;ЭП запретит религиозным организациям публично оценивать произведения светской культуры
972;Р4;ОТ «Вятка-2014» ;Открытый;Киров;2014.05;ЭП введёт потолок зарплат в профессиональных спортивных клубах
973;Р5;ОТ «Вятка-2014» ;Открытый;Киров;2014.05;ЭП наложит уголовную ответственность на учителей за детское насилие (совершаемое одними детьми в отношении других)
974;ПФ;ОТ «Вятка-2014» ;Открытый;Киров;2014.05;ЭП отменит любое антимонопольное законодательство
975;Ф;ОТ «Вятка-2014» ;Открытый;Киров;2014.05;"ЭП откажется от исторического титула как основания для возникновения права собственности государств на территорию
* Исторический титул – основание для возникновения права собственности на территорию, основанное на оценке таких исторических фактов, как открытие, историческая справедливость"
976;Р1;Внутренний турнир РЭУ ;Внутренний;Москва;2014.06;ЭП запретит частные школы
977;Р2;Внутренний турнир РЭУ ;Внутренний;Москва;2014.06;ЭП перенесёт все крупные спортивные соревнования в страны с высоким уровнем жизни
978;Р3;Внутренний турнир РЭУ ;Внутренний;Москва;2014.06;ЭП обяжет врачей сообщать о ВИЧ-инфецировании человека его сексуальному партнёру
979;Ф;Внутренний турнир РЭУ ;Внутренний;Москва;2014.06;ЭПСЧ преступление против журналиста должно оцениваться как более тяжкое.
980;Игра вне турнира;Игра вне турнира;Игра вне турнира;Москва;2014.09;ЭП будет платить молодёжи, чтобы она не переезжала из деревни в город
981;Р1;XIII Кубок Чехова ;Открытый;Таганрог;2014.07;ЭП запретит проводить крупные спортивные соревнования в странах с напряженной социальной обстановкой
982;Р2;XIII Кубок Чехова ;Открытый;Таганрог;2014.07;ЭП обяжет СМИ публиковать ссылки на альтернативные мнения и источники информации
983;Р3;XIII Кубок Чехова ;Открытый;Таганрог;2014.07;ЭПСЧ страны-члены ООН должны иметь количество голосов, пропорциональное их населению
984;Р4;XIII Кубок Чехова ;Открытый;Таганрог;2014.07;ЭПСЧ охота этически более допустима, чем выращивание животных на убой
985;Р5;XIII Кубок Чехова ;Открытый;Таганрог;2014.07;ЭП будет отправлять детей в определённом возрасте на год по обмену в семьи другого социального статуса
986;ПФ;XIII Кубок Чехова ;Открытый;Таганрог;2014.07;"ЭП снимет фильм
* Вы – довольно успешный режиссёр качественного кино, вам попал в руки гениальный сценарий, при этом явно противоречащий сегодняшней морали"
987;Ф;XIII Кубок Чехова ;Открытый;Таганрог;2014.07;ЭПСЧ в случае обнаружения у ребёнка исключительных способностей в какой-либо сфере общество имеет право навязать ему жизненный путь
988;Р1;Pro et Contra IV ;Открытый;Екатеринбург;2014.09;ЭП ужесточит лимит на легионеров в российском футболе.
989;Р2;Pro et Contra IV ;Открытый;Екатеринбург;2014.09;ЭП морально оправдывает секты.
990;Р3;Pro et Contra IV ;Открытый;Екатеринбург;2014.09;ЭП запретит материальную помощь из Саудовской Аравии на проповедование ислама в ЕС до тех пор, пока в Саудовской Аравии запрещены другие религии
991;Р4;Pro et Contra IV ;Открытый;Екатеринбург;2014.09;ЭП отменит обязательное пенсионное страхование
992;Р5;Pro et Contra IV ;Открытый;Екатеринбург;2014.09;ЭП запретит освещение в СМИ случаев суицида
993;ПФ;Pro et Contra IV ;Открытый;Екатеринбург;2014.09;ЭП приватизирует государственные корпорации
994;Ф;Pro et Contra IV ;Открытый;Екатеринбург;2014.09;ЭП отменит систему оценок в школе
995;Р1;Международная академия дебатов IDEA им. Чингиза Айтматова ;Открытый;Иссык-Куль (Киргизия);2014.09;ЭП откажется от привлечения натурализованных спортсменов в национальные сборные
996;Р2;Международная академия дебатов IDEA им. Чингиза Айтматова ;Открытый;Иссык-Куль (Киргизия);2014.09;ЭП поддержит выборность судей
997;Р3;Международная академия дебатов IDEA им. Чингиза Айтматова ;Открытый;Иссык-Куль (Киргизия);2014.09;ЭП будет выплачивать комиссию от штрафа лицу, сообщившему о нарушении (преступлении)
998;Р4;Международная академия дебатов IDEA им. Чингиза Айтматова ;Открытый;Иссык-Куль (Киргизия);2014.09;ЭП откажется от широких культурных и законодательных автономий в пользу реинтеграции или выхода из состава государства
999;Р5;Международная академия дебатов IDEA им. Чингиза Айтматова ;Открытый;Иссык-Куль (Киргизия);2014.09;ЭПСЧ в случаях, когда существует выбор между спасением жизни человека с высокой вероятностью, но при этом качество жизни будет низким, и сохранением качества жизни, но существенным риском смерти пациента, врач должен выбрать сохранение жизни даже против воли пациента
1000;Р6;Международная академия дебатов IDEA им. Чингиза Айтматова ;Открытый;Иссык-Куль (Киргизия);2014.09;ЭПСЧ храмы должны содержаться только за счет налога с доходов прихожан этого храма
1001;Игра за 16-е место;Международная академия дебатов IDEA им. Чингиза Айтматова ;Открытый;Иссык-Куль (Киргизия);2014.09;ЭПСЧ развитые страны не должны оказывать безвозмездную помощь странам Африки
1002;ЧФ;Международная академия дебатов IDEA им. Чингиза Айтматова ;Открытый;Иссык-Куль (Киргизия);2014.09;ЭП от лица государства будет доплачивать женщинам, занимающим традиционно «мужские» должности, и мужчинам, занимающим традиционно «женские».
1003;ПФ;Международная академия дебатов IDEA им. Чингиза Айтматова ;Открытый;Иссык-Куль (Киргизия);2014.09;ЭП запретит благотворительным фондам использовать личные данные своих подопечных для привлечения благотворителей
1004;Ф;Международная академия дебатов IDEA им. Чингиза Айтматова ;Открытый;Иссык-Куль (Киргизия);2014.09;ЭПСЧ мы не должны в любой форме награждать за участие в войне и/или подвиги, связанные с войной
1005;Р1;Турнир «Зелень» ;Открытый;Кострома;2014.10;ЭП введет уголовную ответственность за попытку суицида
1006;Р2;Турнир «Зелень» ;Открытый;Кострома;2014.10;ЭП введет уголовную ответсвенность за супружескую измену.
1007;Р3;Турнир «Зелень» ;Открытый;Кострома;2014.10;ЭП амнистирует членов террористических группировок, если эти группировки сложат оружие и публично откажутся от своих целей.
1008;Р4;Турнир «Зелень» ;Открытый;Кострома;2014.10;ЭП лишит церковь всех привелегий.
1009;Р5;Турнир «Зелень» ;Открытый;Кострома;2014.10;ЭП введёт квоты для женщин в топ-менеджменте крупных компаний
1010;Ф;Турнир «Зелень» ;Открытый;Кострома;2014.10;ЭП введёт сухой закон (запретит производство, распространение, употребление алкоголя)
1011;Р1;XIII Кубок Сибири ;Открытый;Новосибирск;2014.10;ЭП запретит не свидетельствовать против родственников
1012;Р2;XIII Кубок Сибири ;Открытый;Новосибирск;2014.10;ЭПСЧ Мэннинг, Ассанж и Сноуден поступили правильно
1013;Р3;XIII Кубок Сибири ;Открытый;Новосибирск;2014.10;ЭП сожалеет, что Барак Обама не сделал свой этнический бэкграунд значимым за время своего пребывания в Белом доме
1014;Р4;XIII Кубок Сибири ;Открытый;Новосибирск;2014.10;ЭПСЧ государство должно пропагандировать то, что сознательное решение не иметь детей - это нормально
1015;Р5;XIII Кубок Сибири ;Открытый;Новосибирск;2014.10;ЭП будет дополнительно поддерживать женщин-предпринимателей
1016;Фмк;XIII Кубок Сибири ;Открытый;Новосибирск;2014.10;ЭП отменит пределы самообороны при защите собственности
1017;ПФ;XIII Кубок Сибири ;Открытый;Новосибирск;2014.10;ЭП поддерживает «право быть забытым» (пользователи вправе требовать от поисковиков удалять упоминания о себе из результатов поиска)
1018;Ф;XIII Кубок Сибири ;Открытый;Новосибирск;2014.10;"ЭП проголосует за Ходорковского
* По неизвестной и не имеющей значения для дебатов причине в самое ближайшее время в России проходят досрочные президентские выборы, во второй тур которых выходят Путин и Ходорковский"
1019;Р1;Кубок РЭУ ;Открытый;Москва;2014.10;ЭП в случаях совершения преступлений на сексуальной почве будет учитывать внешний вид и поведение жертвы как обстоятельство, смягчающее уголовное наказание
1020;Р2;Кубок РЭУ ;Открытый;Москва;2014.10;ЭПСЧ Детройт должен распродать коллекцию Детройтской академии искусств (стоимостью 1 млрд. долл.), чтобы расплатиться с долгами
1021;Р3;Кубок РЭУ ;Открытый;Москва;2014.10;ЭПСЧ Турция должна помочь курдам в борьбе с ИГИЛ (Исламским Государством) путём полноценного военного вмешательства
1022;Р4;Кубок РЭУ ;Открытый;Москва;2014.10;ЭП заставит мигрантов сдавать экзамен на знание истории Великой Отечественной войны
1023;Р5;Кубок РЭУ ;Открытый;Москва;2014.10;ЭП будет учитывать стиль жизни человека при распределении ограниченной медицинской помощи
1024;ПФ;Кубок РЭУ ;Открытый;Москва;2014.10;ЭП будет следить за балансом позитивных и негативных новостей в СМИ
1025;Ф;Кубок РЭУ ;Открытый;Москва;2014.10;ЭПСЧ Католическая церковь должна официально отказаться от устаревших догматов
1026;Р1;Слово молодым ;Для новичков;Санкт-Петербург;2014.10;ЭП будет платить школьникам стипендию, привязанную к успеваемости.
1027;Р2;Слово молодым ;Для новичков;Санкт-Петербург;2014.10;ЭПСЧ взрослые, которые не числятся в списке добровольных доноров после своей смерти, не должны иметь право на трансплантацию органов
1028;Р3;Слово молодым ;Для новичков;Санкт-Петербург;2014.10;"ЭП будет лишать гражданства семьи, чьи члены присоединяются к Исламскому государству
* Речь не только о войне на стороне Исламского государства, а о любом присоединении, например, когда девушка отправляется в ИГ в качестве жены боевика из ИГ."
1029;Р4;Слово молодым ;Для новичков;Санкт-Петербург;2014.10;ЭП отменит суд присяжных
1030;Р5;Слово молодым ;Для новичков;Санкт-Петербург;2014.10;"ЭП сожалеет о существовании системы обслуживания ""всё включено"""
1031;ПФ;Слово молодым ;Для новичков;Санкт-Петербург;2014.10;"ЭП как феминистка не будет пропагандировать идеи body positive своему ребёнку
* body positive – концепция, которая учит любить своё тело вне зависимости от мнения окружающих."
1032;Ф;Слово молодым ;Для новичков;Санкт-Петербург;2014.10;ЭП выбирает мир без боли и страданий
1033;Р1;II Открытый Кубок УрГПУ ;Открытый;Екатеринбург;2014.10;ЭП запретит СМИ освещать половозрастной состав пострадавших/погибших при несчастных случаях
1034;Р2;II Открытый Кубок УрГПУ ;Открытый;Екатеринбург;2014.10;ЭПСЧ экоцид допустимая тактика ведения войны.
1035;Р3;II Открытый Кубок УрГПУ ;Открытый;Екатеринбург;2014.10;ЭП одобряет полиамурность
1036;Р4;II Открытый Кубок УрГПУ ;Открытый;Екатеринбург;2014.10;ЭП в лице России существенно сократит расходы на национальную оборону
1037;Р5;II Открытый Кубок УрГПУ ;Открытый;Екатеринбург;2014.10;ЭП запретит использовать тему санкций в рекламе
1038;ПФ;II Открытый Кубок УрГПУ ;Открытый;Екатеринбург;2014.10;ЭП осудит применение смертной казни в качестве наказания за нарушение религиозных устоев
1039;Ф;II Открытый Кубок УрГПУ ;Открытый;Екатеринбург;2014.10;ЭП не будет проводить турниры по дебатам с призами, представляющими серьёзную материальную ценность для человека.
1040;Р1;VII КП МГЮА ;Открытый;Москва;2014.10;ЭП ограничит проведение семинаров, продажу книг и фильмов по «философии счастья»
1041;Р2;VII КП МГЮА ;Открытый;Москва;2014.10;ЭП отменит «антисанкции»
1042;Р3;VII КП МГЮА ;Открытый;Москва;2014.10;ЭПСЧ участники протестов имеют право на соразмерное сопротивление полиции
1043;Р4;VII КП МГЮА ;Открытый;Москва;2014.10;ЭП обяжет интернет-поисковики ограничивать доступ к поиску информации о физических лицах по запросу от них – т.н. «право на забвение»
1044;Р5;VII КП МГЮА ;Открытый;Москва;2014.10;ЭПСЧ активное избирательное право должно стать обязанностью
1045;Фмк;VII КП МГЮА ;Открытый;Москва;2014.10;ЭП сделает лишение гражданства одним из видов уголовного наказания
1046;ПФ;VII КП МГЮА ;Открытый;Москва;2014.10;ЭП будет выплачивать компенсации гражданам, чьё зарубежное имущество пострадало или было изъято в связи с политическими конфликтами
1047;Ф;VII КП МГЮА ;Открытый;Москва;2014.10;ЭП поддерживает принцип «Права или не права моя страна, но это моя страна», означающий выражение чувства патриотизма, любви к родине, желания служить ее интересам в любом случае, вне зависимости оттого, какую политику – верную или нет – проводит правительство данной страны, нравится эта политика другим странам или нет
1048;Р1;ОТ МФТИ 2014 ;Открытый;Москва, Долгопрудный;2014.11;ЭП введёт обязательное инклюзивное образование для детей с ограниченными возможностями вне зависимости от желания их родителей
1049;Р2;ОТ МФТИ 2014 ;Открытый;Москва, Долгопрудный;2014.11;ЭПСЧ правительство должно определять приоритеты в исследованиях частных фармацевтических компаний
1050;Р3;ОТ МФТИ 2014 ;Открытый;Москва, Долгопрудный;2014.11;ЭПСЧ Китай должен разрешить свободные выборы в Гонконге
1051;Р4;ОТ МФТИ 2014 ;Открытый;Москва, Долгопрудный;2014.11;ЭП обяжет всех мясоедов, не согласных перейти в вегетарианство, посетить скотобойню и лично участвовать в забое животных
1052;Р5;ОТ МФТИ 2014 ;Открытый;Москва, Долгопрудный;2014.11;"ЭПСЧ феминистские организации должны безусловно поддерживать ЛГБТ движение
* На первом съезде Национальной Организации Женщин Глорияй Стайнем заявила, что «лесбиянки - лавандовая угроза феминисткам». На следующем заседании некоторые участницы были с надписью на футболках «Мы – лавандовая угроза!» и с транспарантами «феминизм – теория, лесбийство – практика»"
1053;ПФ;ОТ МФТИ 2014 ;Открытый;Москва, Долгопрудный;2014.11;ЭП введёт уголовную ответственность за похищение даже в случае добровольного освобождения похищенного
1054;Ф;ОТ МФТИ 2014 ;Открытый;Москва, Долгопрудный;2014.11;ЭП отменит позитивную дискриминацию по всем основаниям, кроме материального положения
1055;Р1;Завалинка 2014 ;Открытый;Тюмень;2014.11;ЭП будет платить алкоголикам и наркоманам, если те позволят себя стерилизовать
1056;Р2;Завалинка 2014 ;Открытый;Тюмень;2014.11;ЭПСЧ феминистки должны осудить ограничение на ношение религиозной одежды
1057;Р3;Завалинка 2014 ;Открытый;Тюмень;2014.11;ЭП (развитые страны) не будет давать вид на жительство и гражданство медицинским работникам из развивающихся стран.
1058;Р4;Завалинка 2014 ;Открытый;Тюмень;2014.11;ЭПСЧ у нее как активиста ЛГБТ-сообщества определенной страны есть моральный долг совершить покушение на политика, который активно подавляет права ЛГБТ в этой стране.
1059;Р5;Завалинка 2014 ;Открытый;Тюмень;2014.11;ЭП обяжет врачей информировать полицию и социальные службы о случаях подозрения домашнего насилия.
1060;Фмк;Завалинка 2014 ;Открытый;Тюмень;2014.11;ЭП при наличии общедоступной технологии разрешит воскрешать мертвых
1061;ПФ;Завалинка 2014 ;Открытый;Тюмень;2014.11;ЭП поддержит принцип разделения государств с этническими и религиозными конфликтами с целью их прекращения
1062;Ф;Завалинка 2014 ;Открытый;Тюмень;2014.11;ЭП разрешит продажу своего тела после смерти для любых целей, включая (но не ограничиваясь) продажу на органы или для сексуальных актов
1063;Р1;Осенний Внутренний Турнир МГУ-РЭУ 2014 ;Внутренний;Москва;2014.11;ЭПСЧ государство должно принимать решения о финансировании отдельных образовательных программ в ВУЗах в соответствии с текущим положением на профессиональном рынке
1064;Р2;Осенний Внутренний Турнир МГУ-РЭУ 2014 ;Внутренний;Москва;2014.11;ЭП запретит публичным деятелям высказываться по текущей политической ситуации
1065;Р3;Осенний Внутренний Турнир МГУ-РЭУ 2014 ;Внутренний;Москва;2014.11;ЭПСЧ социальные выплаты должны предоставляться только в виде ваучеров
1066;Р4;Осенний Внутренний Турнир МГУ-РЭУ 2014 ;Внутренний;Москва;2014.11;ЭПСЧ западные СМИ должны прекратить освещать деятельность Исламского государства
1067;Р5;Осенний Внутренний Турнир МГУ-РЭУ 2014 ;Внутренний;Москва;2014.11;ЭП будет строить социальное жилье для бедных в богатых районах
1068;Фмк;Осенний Внутренний Турнир МГУ-РЭУ 2014 ;Внутренний;Москва;2014.11;ЭП запретит искусственные репродуктивные технологии, чтобы мотивировать людей к усыновлению (напр., суррогатное материнство, искусственное оплодотворение)
1069;Ф;Осенний Внутренний Турнир МГУ-РЭУ 2014 ;Внутренний;Москва;2014.11;ЭП запретит отказывать в приёме на работу без объяснения причин
1070;Р1;II Городской турнир ;Городской;Воронеж;2014.11;ЭП сожалеет о распространении культуры фаст-фуда
1071;Р2;II Городской турнир ;Городской;Воронеж;2014.11;ЭП не будет защищать авторское право при распространении трудов автора в Интернете (например, в отношении распространения кино, музыки, видео, литературы)
1072;Р3;II Городской турнир ;Городской;Воронеж;2014.11;ЭП криминализует употребление наркотиков в странах, где запрещен их оборот
1073;Р4;II Городской турнир ;Городской;Воронеж;2014.11;ЭП будет автоматически перераспределять часть зарплаты работающего супруга его неработающей супруге – домохозяйке
1074;ПФ;II Городской турнир ;Городской;Воронеж;2014.11;"ЭП повысит налоги для граждан РФ, поддерживающих присоединение Крыма
* Есть способ достоверно узнать мнение человека. Под налогом мы понимаем небольшую сумму, не превышающую средний налог в РФ."
1075;Ф;II Городской турнир ;Городской;Воронеж;2014.11;ЭП будет сотрудничать с любым диктаторским режимом для борьбы с террористическими организациями
1076;Р1;Внутренний Турнир ВШЭ ;Внутренний;Москва;2014.11;ЭПСЧ мир без рекламы лучше
1077;Р2;Внутренний Турнир ВШЭ ;Внутренний;Москва;2014.11;ЭП криминализует курение во время беременности
1078;Р3;Внутренний Турнир ВШЭ ;Внутренний;Москва;2014.11;ЭП введёт визовые ограничения со странами Средней Азии
1079;Р4;Внутренний Турнир ВШЭ ;Внутренний;Москва;2014.11;ЭП запретит жестокие компьютерные игры от первого лица (например, FPS)
1080;Ф;Внутренний Турнир ВШЭ ;Внутренний;Москва;2014.11;ЭП не будет искусственно поддерживать жизнь смертельно больных людей
1081;Р1;Кубок Новичка ;Для новичков;Новосибирск;2014.11;ЭП будет платить людям, ведущим здоровый образ жизни.
1082;Р2;Кубок Новичка ;Для новичков;Новосибирск;2014.11;ЭПСЧ мир, в котором все люди верят в загробную жизнь, был бы лучше, чем мир, где в неё не верит никто.
1083;Р3;Кубок Новичка ;Для новичков;Новосибирск;2014.11;ЭП запретит анонимность в Интернете
1084;Ф;Кубок Новичка ;Для новичков;Новосибирск;2014.11;ЭП будет устанавливать и реставрировать памятники культуры только на основе добровольных денежных пожертвований
1085;Р1;IV ОТ КГМУ «Здравые мысли» ;Открытый;Казань;2014.11;ЭП запретит заключать контракты пожизненного найма с профессурой университетов
1086;Р2;IV ОТ КГМУ «Здравые мысли» ;Открытый;Казань;2014.11;ЭПС допустимой практику инцеста
1087;Р3;IV ОТ КГМУ «Здравые мысли» ;Открытый;Казань;2014.11;ЭП откажется от проведения Чемпионата Мира по футболу 2018 года в России
1088;Р4;IV ОТ КГМУ «Здравые мысли» ;Открытый;Казань;2014.11;ЭПСЧ политики не должны иметь аккаунтов в социальных сетях
1089;Р5;IV ОТ КГМУ «Здравые мысли» ;Открытый;Казань;2014.11;ЭП введёт налог на эмиграцию
1090;ПФ;IV ОТ КГМУ «Здравые мысли» ;Открытый;Казань;2014.11;ЭП не будет искусственно продлевать жизнь больным, находящимся в терминальной стадии заболевания
1091;Ф;IV ОТ КГМУ «Здравые мысли» ;Открытый;Казань;2014.11;ЭП введёт уголовную ответственность для женщины за курение во время беременности
1092;Р1;V ОТ МЛЧ ;Для новичков;Москва;2014.11;ЭП будет платить бедным семьям, чтобы они не рожали детей
1093;Р2;V ОТ МЛЧ ;Для новичков;Москва;2014.11;ЭП (Евросоюз и США) снимут с России все санкции
1094;Р3;V ОТ МЛЧ ;Для новичков;Москва;2014.11;ЭП будет автоматически предоставлять убежище женщинам из стран, живущих по системе шариата
1095;Р4;V ОТ МЛЧ ;Для новичков;Москва;2014.11;ЭП введёт сексуальное воспитание в школах, начиная с младших классов
1096;Р5;V ОТ МЛЧ ;Для новичков;Москва;2014.11;"ЭП сделает экзамен по финансовой грамотности обязательным для получения пособий
*Речь идёт о пособиях по безработице и по безденежью, но не о пенсиях; речь идёт не о различных концепциях и теории, а о базовых знаниях (как верстается бюджет государства, как рассчитывается процентная ставка по кредитам)."
1097;ЧФ;V ОТ МЛЧ ;Для новичков;Москва;2014.11;ЭПСЧ Католическая церковь должна быть финансово ответственна за случаи заболеваний ВИЧ/СПИД в странах, где проводятся кампании против использования презервативов
1098;ПФ;V ОТ МЛЧ ;Для новичков;Москва;2014.11;ЭПСЧ кампании феминисток, направленные на мужчин, вредят феминистическому движению
1099;Ф;V ОТ МЛЧ ;Для новичков;Москва;2014.11;"ЭП обяжет солдат применять тактику Ганнибала под угрозой трибунала
* Тактика Ганнибала: если солдат видит, что его сослуживца берут в плен, то он должен убить его (если есть такая возможность + не жертвуя собой)"
1100;Р1;Джедайский турнир МГУ 2014 ;Джедайский;Москва;2014.11;ЭПСЧ Москва должна финансировать кампании, направленные на отговаривание жителей других частей России переезжать на ПМЖ в Москву
1101;Р2;Джедайский турнир МГУ 2014 ;Джедайский;Москва;2014.11;"ЭП, будучи феминисткой, сожалеет, что Мэтт Тейлор в тот самый день не нашёл чистую белую рубашку
* Учёный Мэтт Тейлор во время трансляции посадки научного модуля “Фила” на поверхность кометы предстал в рубашке с изображениями полуобнажённых женщин. Этот наряд взорвал интернет. Многие феминистки и им сочувствующие осыпали учёного гневными сообщениями. На следующий день Мэтт извинился. Спор продолжается до сих пор."
1102;Р3;Джедайский турнир МГУ 2014 ;Джедайский;Москва;2014.11;ЭП будет инициировать расследование случаев домашнего насилия, вызвавших широкий резонанс в СМИ, даже против воли жертвы
1103;Р4;Джедайский турнир МГУ 2014 ;Джедайский;Москва;2014.11;ЭП выступает против института капелланов [священников] в армии
1104;Р5;Джедайский турнир МГУ 2014 ;Джедайский;Москва;2014.11;ЭПCЧ Великобритания должна закрыть вещание Russia Today
1105;ПФ;Джедайский турнир МГУ 2014 ;Джедайский;Москва;2014.11;"ЭП запретит консумацию
* Консумация – это стимулирование спроса на услуги посетителей ресторанов, ночных клубов и иных увеселительных заведений. Консумацией занимаются молодые девушки. Они побуждают клиентов покупать еду, напитки и прочее, получают с этого это заработную плату и(или) процент от того, что клиент купил. В интересах этой резолюции консумация не подразумевает обязанность предоставлять интимные услуги, но девушки могут пойти на это по своему собственному желанию (работодатель не может заставлять девушку вступать в сексуальную связь)"
1106;Ф;Джедайский турнир МГУ 2014 ;Джедайский;Москва;2014.11;ЭП обяжет будущих супругов пройти тест на генетическую предрасположенность к болезням и взаимно ознакомиться с его результатами
1107;Р1;Кубок ректора ВятГУ ;Открытый;Киров;2014.11;ЭП разрешит наблюдать за своим ребенком только при письменном согласии всех родителей группы. * краткая история - в детских садах в Москве устанавливают видеокамеры, с которых родители через портал госуслуг могут смотреть за своими детьми. Это реальная практика. Доступ на портал госуслуг через пароль, конечно же
1108;Р2;Кубок ректора ВятГУ ;Открытый;Киров;2014.11;"ЭП будет бороться с разведением понятия ""убийства"" на войне и в мирной жизни (т.е. смысловым разделением – разные ли это вещи или нет)"
1109;Р3;Кубок ректора ВятГУ ;Открытый;Киров;2014.11;ЭП разрешит проведение референдума в Испании
1110;Р4;Кубок ректора ВятГУ ;Открытый;Киров;2014.11;ЭП разрешит гомосексуальным парам сочетаться браком без права усыновления
1111;Р5;Кубок ректора ВятГУ ;Открытый;Киров;2014.11;ЭП запретит публикацию экзитполов до окончания голосования на всех участках
1112;ПФ;Кубок ректора ВятГУ ;Открытый;Киров;2014.11;ЭПСЧ (христианская церковь) девушка другой религии в церкви не должна покрывать голову платком (как мужчина-атеист не должен снимать шляпу)
1113;Ф;Кубок ректора ВятГУ ;Открытый;Киров;2014.11;ЭП обяжет все социальные сети исключить систему лайков
1114;Р1;III «С Дону выдачи нет!» ;Открытый;Ростов-на-Дону;2014.12;ЭП запретит работодателям требовать от поступающих к ним на работу людей наличия высшего образования, если знания и навыки, которые они получили в ВУЗе, не являются необходимыми для данной работы
1115;Р2;III «С Дону выдачи нет!» ;Открытый;Ростов-на-Дону;2014.12;ЭП отменит все ограничения на распространение книги Mein Kampf
1116;Р3;III «С Дону выдачи нет!» ;Открытый;Ростов-на-Дону;2014.12;"ЭП объявит ""амнистию капиталов"" в России"
1117;Р4;III «С Дону выдачи нет!» ;Открытый;Ростов-на-Дону;2014.12;"ЭП будет субсидировать производство ""нормальных Барби"" (с реальными пропорциями тела и дефектами типа целлюлита)"
1118;Р5;III «С Дону выдачи нет!» ;Открытый;Ростов-на-Дону;2014.12;ЭП откажется от практики новичковых турниров (т.е. турниров, в которых не могут принимать участие опытные игроки)
1119;ПФ;III «С Дону выдачи нет!» ;Открытый;Ростов-на-Дону;2014.12;ЭПС «приезжих» в город имеющими больше оснований для социальной поддержки, чем «коренные»
1120;Ф;III «С Дону выдачи нет!» ;Открытый;Ростов-на-Дону;2014.12;"ЭПСЧ человек имеет право распространять аудио- и видеозаписи любых событий с его участием вне зависимости от согласия других участников
* он даже не должен уведомлять их."
1121;Р1;Малахитовая шкатулка 2.0 ;Открытый;Челябинск;2014.12;ЭП разрешит вышедшим на пенсию людям взыскавать с их детей алиментные платежи
1122;Р2;Малахитовая шкатулка 2.0 ;Открытый;Челябинск;2014.12;ЭП не будет запрещать деятельность радикальных партий
1123;Р3;Малахитовая шкатулка 2.0 ;Открытый;Челябинск;2014.12;ЭП как феминистка в странах с обязательной мужской воинской повинностью не считает, что женщина должна служить в армии
1124;Р4;Малахитовая шкатулка 2.0 ;Открытый;Челябинск;2014.12;ЭП одобрит ношение символов, обозначающих готовность к сексуальным контактам без обязательств
1125;Р5;Малахитовая шкатулка 2.0 ;Открытый;Челябинск;2014.12;"ЭП обяжет мигрантов проходить value-тест.
* Value test - это тест, разработанный для оценки знаний о законах и обычаях страны, а также об ее устройстве и правах и обязательно обязанностях граждан."
1126;ПФ;Малахитовая шкатулка 2.0 ;Открытый;Челябинск;2014.12;"ЭП поддерживает выдачу премий за ликвидацию террористов в Израиле
* Правая еврейская организация ""Всемирный штаб спасения Народа и Земли Израиля"" приняла решение возобновить выплату денежных премий тем, кто ликвидировал террористов, нападавших на евреев."
1127;Ф;Малахитовая шкатулка 2.0 ;Открытый;Челябинск;2014.12;ЭП даст право людям с неизлечимыми болезнями доступ к лекарствам, которые не прошли клинические испытания
1128;Р1;Кубок ТюмГУ ;Открытый;Тюмень;2014.12;ЭП предпочитает пышную свадьбу 
1129;Р2;Кубок ТюмГУ ;Открытый;Тюмень;2014.12;ЭПСЧ государство не должно делать ценных призов за участие в выборах 
1130;Р3;Кубок ТюмГУ ;Открытый;Тюмень;2014.12;ЭП запретит частные военные компании 
1131;Р4;Кубок ТюмГУ ;Открытый;Тюмень;2014.12;ЭПСЧ вегетарианцы должны пропагандировать этичное убийство животных
1132;Р5;Кубок ТюмГУ ;Открытый;Тюмень;2014.12;ЭПСЧ авторское право не должно распространяться на персонажи и художественные миры
1133;Р6;Кубок ТюмГУ ;Открытый;Тюмень;2014.12;ЭП осуждает социальную рекламу, основанную на лжи
1134;Ф;Кубок ТюмГУ ;Открытый;Тюмень;2014.12;ЭП сожалеет о широком распространении концепции «Выйди из зоны комфорта»
1135;Р1;СЛОВА ;Открытый;Санкт-Петербург;2014.12;ЭП будет прививать детям только достижимые жизненные цели
1136;Р2;СЛОВА ;Открытый;Санкт-Петербург;2014.12;ЭП заставит банки рефинансировать валютные ипотеки в рублевые по додевальвационному курсу
1137;Р3;СЛОВА ;Открытый;Санкт-Петербург;2014.12;ЭП будет закрывать глаза на методы получения денег благотворительными фондами
1138;Р4;СЛОВА ;Открытый;Санкт-Петербург;2014.12;ЭПСЧ информационные агентства не должны сотрудничать и публиковать материалы непрофессиональных военных журналистов-фрилансеров
1139;Р5;СЛОВА ;Открытый;Санкт-Петербург;2014.12;"ЭПСЧ в интересах Республиканской партии признать достоверность результатов доклада и не препятствовать наказанию виновных
* Комитет по разведке США опубликовал в декабре доклад об использовании пыток ЦРУ с 2001 г. по 2009 г. Работа велась с 2009 года, но доклад был опубликован только сейчас, потому что Республиканская партия всячески препятствовала его публикации. Только в 2014 году удалось достичь компромисса, когда республиканцы попросили удалить имена секретных агентов и места расположения секретных баз. Даже после этого, когда доклад вышел, он был раскритикован республиканцы по 2-м пунктам:
1. Они посчитали, что доклад неверный из-за того, что он полностью составлен представителями Демократической партии
2. Они отрицали то, что пытки не предоставили никакой важной информации"
1140;ЧФ;СЛОВА ;Открытый;Санкт-Петербург;2014.12;ЭПС этически оправданной ложь при собеседовании о приёме на работу в отношение собственных умений, личных качеств, дальнейших семейных и карьерных планов
1141;ПФ;СЛОВА ;Открытый;Санкт-Петербург;2014.12;ЭПСЧ мир без приватности был бы лучше
1142;Ф;СЛОВА ;Открытый;Санкт-Петербург;2014.12;"ЭП поддерживает решение этих дебатёров
* В финале одного из турниров, где дали резолюцию «ЭП будет принудительно усыплять недееспособных пенсионеров», одна команда (на позиции правительства) отказалась играть"
1143;Р1;Безумное чаепитие ;Открытый;Санкт-Петербург;2015.01;ЭП введёт трудоустройство по распределению для выпускников ВУЗов при получении бюджетного образования или государственного гранта на обучение
1144;Р2;Безумное чаепитие ;Открытый;Санкт-Петербург;2015.01;ЭПСЧ мужчины не должны быть членами феминистических организаций
1145;Р3;Безумное чаепитие ;Открытый;Санкт-Петербург;2015.01;"ЭПСЧ члены республиканской партии США, принадлежащие к этническим и расовым меньшинствам, должны поддерживать законопроекты демократической партии, направленные на либерализацию иммиграционного законодательства.
* Позиция представителей демократической партии США сводится к снятию ограничений на въезд трудовых мигрантов на территорию США. Позиция представителей республиканской партии США сводится к сохранению жесткого ограничения трудовой иммиграции и поддержанию квот."
1146;Р4;Безумное чаепитие ;Открытый;Санкт-Петербург;2015.01;"ЭП запретит изображать Пророка Мухаммеда.
* 1. Многие течения внутри ислама запрещают изображать человека и считают изображения оскорбительными
2. В последние годы ряд европейских газет в своих выпусках опубликовал карикатуры на Пророка
3. Некоторые ветви исламской религии используют изображения Пророка в своих целях."
1147;Р5;Безумное чаепитие ;Открытый;Санкт-Петербург;2015.01;ЭП (как страны Балтии) уберет все памятники, связанные с СССР.
1148;Р6;Безумное чаепитие ;Открытый;Санкт-Петербург;2015.01;ЭП отменит все образовательные стандарты для средней и старшей школы.
1149;Ф;Безумное чаепитие ;Открытый;Санкт-Петербург;2015.01;ЭПСЧ страна, находящаяся в глубоком экономическом кризисе, должна пренебречь демократическими процедурами и установить во главе правительство технократов
1150;Р1;Зимний Турнир НИУ ВШЭ СПб 2015 ;Открытый;Санкт-Петербург;2015.02;ЭП как редактор СМИ откажется публиковать материалы, с большей вероятностью оскорбляющие чувства верующих
1151;Р2;Зимний Турнир НИУ ВШЭ СПб 2015 ;Открытый;Санкт-Петербург;2015.02;"ЭП введёт юридическую ответственность за аутинг
* Аутинг – публичное распространение информации о сексуальной ориентации или гендерной идентинчости человека без его на то согласия"
1152;Р3;Зимний Турнир НИУ ВШЭ СПб 2015 ;Открытый;Санкт-Петербург;2015.02;ЭП как Африканский Союз военным путем обеспечит независимость Западной Сахары
1153;Р4;Зимний Турнир НИУ ВШЭ СПб 2015 ;Открытый;Санкт-Петербург;2015.02;ЭП введет предельную прибыльность для каждой отрасли
1154;Р5;Зимний Турнир НИУ ВШЭ СПб 2015 ;Открытый;Санкт-Петербург;2015.02;ЭПСЧ демократические страны должны запретить участвовать в выборах политическим партиям с действующим «военным крылом»
1155;ПФ;Зимний Турнир НИУ ВШЭ СПб 2015 ;Открытый;Санкт-Петербург;2015.02;При пожаре в Эрмитаже ЭП вначале будет спасать предметы искусства, а потом людей
1156;Ф;Зимний Турнир НИУ ВШЭ СПб 2015 ;Открытый;Санкт-Петербург;2015.02;ЭП в развитых странах будет финансово стимулировать бедные семьи не заводить детей
1157;Р1;IV Зимний Кубок Южного Урала ;Открытый;Челябинск;2015.02;ЭП упразднит факультеты в Хогвартсе
1158;Р2;IV Зимний Кубок Южного Урала ;Открытый;Челябинск;2015.02;ЭП запретит непреложный обет
1159;Р3;IV Зимний Кубок Южного Урала ;Открытый;Челябинск;2015.02;ЭП одобряет вегансексуализм
1160;Р4;IV Зимний Кубок Южного Урала ;Открытый;Челябинск;2015.02;ЭПСЧ Гермиона должна была прекратить борьбу за права домашних эльфов, узнав, что они счастливы в нынешних условиях (ЭП не против добровольного рабства).
1161;Р5;IV Зимний Кубок Южного Урала ;Открытый;Челябинск;2015.02;ЭП разрешит производство клонов
1162;ПФ;IV Зимний Кубок Южного Урала ;Открытый;Челябинск;2015.02;ЭП разрешит использование сыворотки правды в быту (отношениях).
1163;Ф;IV Зимний Кубок Южного Урала ;Открытый;Челябинск;2015.02;ЭП одобряет создание колец власти
1164;Р1;ОТ НИУ ВШЭ 2015 ;Открытый;Москва;2015.02;ЭП не будет принудительно лечить людей с психическими отклонениями, если они не совершили преступления
1165;Р2;ОТ НИУ ВШЭ 2015 ;Открытый;Москва;2015.02;"ЭП как футбольная ассоциация Великобритании запретит Чеду Эвансу возвращаться в профессиональный футбол
* Чед Эванс – футболист английского клуба Шефил Юнайтед. Он был осужден за изнасилование и приговорен к 5 годам тюрьмы. Был освобожден досрочно, отсидев в тюрьме два года. Когда он вышел на свободу, он снова заключил с клубом контракт, что вызвало бурную реакцию в британском обществе. "
1166;Р3;ОТ НИУ ВШЭ 2015 ;Открытый;Москва;2015.02;"Если это соответствует действительности, то ЭПСЧ Россия должна согласиться на сделку с Саудовской Аравией
* New York Times со ссылкой на неназванных саудовских и американских чиновников сообщила, что Саудовская Аравия может сократить добычу нефти, что, вероятно, приведет к росту мировых цен на нее, если власти РФ откажутся от дальнейшей поддержки сирийского правительства во главе с Башаром Асадом."
1167;Р4;ОТ НИУ ВШЭ 2015 ;Открытый;Москва;2015.02;ЭП как феминистическое движение поддерживает «Gone Girl effect»
1168;Р5;ОТ НИУ ВШЭ 2015 ;Открытый;Москва;2015.02;ЭП в случае существования общедоступной технологии, позволяющей улучшать геном эмбриона, запретит её использовать
1169;ПФ;ОТ НИУ ВШЭ 2015 ;Открытый;Москва;2015.02;ЭП позволит странам признавать право владения на неискусственные космические объекты при условии их освоения
1170;Ф;ОТ НИУ ВШЭ 2015 ;Открытый;Москва;2015.02;ЭП будет платить за «доносы»
1171;Р1;Kazan Open 2015 ;Открытый;Казань;2015.03;ЭП осуждает запрет доступа к произведениям искусства по политическим мотивам.
1172;Р2;Kazan Open 2015 ;Открытый;Казань;2015.03;ЭП не будет преследовать Светлану Давыдову
1173;Р3;Kazan Open 2015 ;Открытый;Казань;2015.03;ЭПС фильм «50 оттенков серого» позитивным явлением.
1174;Р4;Kazan Open 2015 ;Открытый;Казань;2015.03;ЭП предоставит право голоса только женщинам, родившим одного и более ребенка, и мужчинам, отслужившим в армии
1175;ПФ;Kazan Open 2015 ;Открытый;Казань;2015.03;ЭП не сожалеет об утрате языков малых народов
1176;Ф;Kazan Open 2015 ;Открытый;Казань;2015.03;ЭП запретит участвовать современной технике в Параде Победы 9 мая
1177;Р1;ОТ ФинУ 2015 ;Открытый;Москва;2015.03;"ЭП поддержит миграционную реформу
* Согласно реформе, лица, незаконно проживающие в США на протяжении более 5 лет и являющиеся родителями американских граждан, получат возможность остаться в стране без страха депортации. Таким людям будет позволено остаться в США на 3 года и официально устраиваться на работу"
1178;Р2;ОТ ФинУ 2015 ;Открытый;Москва;2015.03;ЭП сожалеет о героизации воинской службы
1179;Р3;ОТ ФинУ 2015 ;Открытый;Москва;2015.03;"ЭП введет уголовную ответственность за бродяжничество
* речь идёт о людях, которые живут в парках, потому что хотят; их моют, одевают, готовы предоставить жильё, но они отказываются, т.е. речь идёт о добровольном бродяжничестве"
1180;Р4;ОТ ФинУ 2015 ;Открытый;Москва;2015.03;ЭПСЧ Запад должен поставлять летальное оружие на Украину
1181;Р5;ОТ ФинУ 2015 ;Открытый;Москва;2015.03;"ЭП сожалеет о сексуальной революции
* Сексуальная революция – процесс и результат коренных изменений в сексуальной жизни общества, характеризующихся существенными преобразованиями сексуальных ценностей, ориентаций, норм, санкций и сексуальных отношений, раскрепощающими личность и общество, нивелирующими общественные морально-религиозные нормы о запрете секса вне брака, целомудрии и другие"
1182;ПФ;ОТ ФинУ 2015 ;Открытый;Москва;2015.03;"ЭП (мировое сообщество) уничтожит машину времени
* В современном мире учёные создали машину времени. Она перемещается только в прошлое, не в будущее. Широкой общественности это пока неизвестно"
1183;Ф;ОТ ФинУ 2015 ;Открытый;Москва;2015.03;ЭП будет передавать в собственность государства тела осуждённых на смертную казнь после их казни в странах, где легализована смертная казнь
1184;Р1;Весенний Кубок НГУ 2015 ;Открытый;Новосибирск;2015.03;ЭП сожалеет о публикации расистской переписки полиции Фергюсона
1185;Р2;Весенний Кубок НГУ 2015 ;Открытый;Новосибирск;2015.03;1933 год. Вы Пий XI. ЭП подпишет конкордат с Третьим Рейхом
1186;Р3;Весенний Кубок НГУ 2015 ;Открытый;Новосибирск;2015.03;ЭПСЧ права меньшинств не должны обсуждаться на референдуме
1187;Р4;Весенний Кубок НГУ 2015 ;Открытый;Новосибирск;2015.03;ЭП будет субсидировать включение женских персонажей в художественные произведения
1188;Р5;Весенний Кубок НГУ 2015 ;Открытый;Новосибирск;2015.03;ЭПСЧ голодовки – неприемлемый метод политической борьбы
1189;Р6;Весенний Кубок НГУ 2015 ;Открытый;Новосибирск;2015.03;Изобретена технология, позволяющая развивать когнитивные способности человека за счет существенного ущемления эмоциональной деятельности. ЭП запретит использование этой технологии
1190;Ф;Весенний Кубок НГУ 2015 ;Открытый;Новосибирск;2015.03;ЭП будет выкупать памятники у ИГИЛ
1191;Р1;Таллиннский Открытый Кубок 2015 ;Открытый;Таллин (Эстония);2015.03;ЭПСЧ суды должны признавать недействительными дискриминационные (расистские) завещания
1192;Р2;Таллиннский Открытый Кубок 2015 ;Открытый;Таллин (Эстония);2015.03;ЭПСЧ в странах третьего мира светские организации волонтеров должны активно сотрудничать с религиозными организациями, даже с условием распространять их религию
1193;Р3;Таллиннский Открытый Кубок 2015 ;Открытый;Таллин (Эстония);2015.03;"ЭП поддержит компанию ""anti-page 3""
* Газета The Sun размещает на 3-й странице фотографию обнаженной модели. 19-го июня 2013 года Кэролайн Лукас предложила Дэвиду Кэмерону наложить запрет на продажу газеты, пока от страницы не избавятся. Кэмерон отклонил это предложение. Однако кампания ""anti-page 3"" продолжается до сих пор"
1194;Р4;Таллиннский Открытый Кубок 2015 ;Открытый;Таллин (Эстония);2015.03;ЭПСЧ США должны использовать войска в наземной операции против ИГИЛ
1195;Р5;Таллиннский Открытый Кубок 2015 ;Открытый;Таллин (Эстония);2015.03;ЭПСЧ государство должно предоставлять бесплатную летальную инъекцию всем желающим
1196;ПФ;Таллиннский Открытый Кубок 2015 ;Открытый;Таллин (Эстония);2015.03;"ЭП запретит разведение ""декоративных"" и ""породистых"" животных"
1197;Ф;Таллиннский Открытый Кубок 2015 ;Открытый;Таллин (Эстония);2015.03;ЭП поставит целью тотальный переход на суррогатное материнство
1198;Р1;Весенний Внутренний Турнир МГУ-ВШЭ 2015 ;Внутренний;Москва;2015.03;ЭПСЧ развитые страны не должны принимать квалифицированных мигрантов из развивающихся стран
1199;Р2;Весенний Внутренний Турнир МГУ-ВШЭ 2015 ;Внутренний;Москва;2015.03;ЭП создаст объединённую армию Европы
1200;Р3;Весенний Внутренний Турнир МГУ-ВШЭ 2015 ;Внутренний;Москва;2015.03;ЭП будет считать совершение преступления в условиях чрезвычайного положения, стихийного или иного общественного бедствия, а также при массовых беспорядках обстоятельством, смягчающим наказание
1201;Р4;Весенний Внутренний Турнир МГУ-ВШЭ 2015 ;Внутренний;Москва;2015.03;ЭП лишит права голоса тех, кто долгое время не является налоговым резидентом своей Родины
1202;Р5;Весенний Внутренний Турнир МГУ-ВШЭ 2015 ;Внутренний;Москва;2015.03;ЭП сделает высшее образование в развивающихся странах на английском языке
1203;Фмк;Весенний Внутренний Турнир МГУ-ВШЭ 2015 ;Внутренний;Москва;2015.03;ЭП амнистирует диктаторов, добровольно отказавшихся от власти
1204;Ф;Весенний Внутренний Турнир МГУ-ВШЭ 2015 ;Внутренний;Москва;2015.03;ЭП запретит комедиантам шутить на сексистские, расистские и другие подобные темы
1205;Р1;Juventas IV: дорогу молодым ;Джедайский;Екатеринбург;2015.03;ЭП запретит продакт-плейсмент
1206;Р2;Juventas IV: дорогу молодым ;Джедайский;Екатеринбург;2015.03;ЭПСЧ поисковые сервисы должны начать уведомлять государство при наличии запросов, связанных с нанесением вреда личности
1207;Р3;Juventas IV: дорогу молодым ;Джедайский;Екатеринбург;2015.03;ЭП как феминистическое сообщество осудит радикальных феминисток
1208;Р4;Juventas IV: дорогу молодым ;Джедайский;Екатеринбург;2015.03;ЭП запретит религиозные символы в школах
1209;Р5;Juventas IV: дорогу молодым ;Джедайский;Екатеринбург;2015.03;ЭП откажет в бесплатном лечении болезней, вызванных нездоровым образом жизни
1210;ПФ;Juventas IV: дорогу молодым ;Джедайский;Екатеринбург;2015.03;ЭП отменит все формы протекционизма
1211;Ф;Juventas IV: дорогу молодым ;Джедайский;Екатеринбург;2015.03;"ЭП запретит сервисы, аналогичные сервису ""Bang with a friend"""
1212;Р1;deBattle 2015 ;Открытый;Воронеж;2015.03;ЭПСЧ если государство финансирует художественное произведение (фильм, спектакль и т.д.), то оно вправе контролировать его содержание
1213;Р2;deBattle 2015 ;Открытый;Воронеж;2015.03;"ЭПСЧ сторонники бодипозитива должны использовать и пропагандировать слим-шейминг при своей общественной деятельности
* Бодипозитив – движение, призывающее принять и полюбить своё тело со всеми его недостатками. Одной из основных составляющих бодипозитива является идея борьбы со стереотипными представлениями о человеческом теле, навязанными массовой культурой. Слим-шейминг (или скинни-шейминг) – агрессивное поведение (издевательства, насмешки) по отношению к худым людям."
1214;Р3;deBattle 2015 ;Открытый;Воронеж;2015.03;ЭП будет субсидировать производство продуктов питания внутри страны, даже если импортировать продовольствие эффективнее и дешевле
1215;Р4;deBattle 2015 ;Открытый;Воронеж;2015.03;ЭПСЧ государство не должно лечить раненых при попытке совершения преступления
1216;Р5;deBattle 2015 ;Открытый;Воронеж;2015.03;"ЭП запретит реалити шоу ""Беременна в 16"" (""16 and pregnant"")"
1217;ПФ;deBattle 2015 ;Открытый;Воронеж;2015.03;"ЭП не будет преследовать за нарушение законов войны, если это привело к более быстрому завершению военного конфликта.
* Законы и обычаи войны – в международном праве правила ведения войны, установленные многосторонними соглашениями между государствами (Гаагские конвенции и декларации 1899 и 1907 гг., Женевские конвенции 1949 г. и другие). Примеры законов войны включают в себя (но этим не ограничиваются): 1. Запрет на применение некоторых видов оружия (химического, биологического, ядерного оружия, ядов). 2. Запрет на удары по незащищённым городам и поселениям, а также по зданиям, служащим целям науки, искусства и религии. 3. Запрет на убийство и причинение вреда военнопленным. 4. Запрет незаконного использования флага перемирия, национального флага, знаком различия и униформы. И другие… Ранушение законов и обычаев войны рассматривается как международное правонарушение, за которым следует ответственность со стороны лиц из состава вооружённых сил, виновных в их нарушении."
1218;Ф;deBattle 2015 ;Открытый;Воронеж;2015.03;ЭПСЧ первые леди западных демократических государств не должны покрывать голову во время визитов в исламские государства
1219;Р1;ВОТ МГУ 2015 ;Открытый;Москва;2015.03;"ЭПСЧ ВТО должна способствовать развитию справедливой торговли, а не свободной
* Справедливая торговля включает в себя, но не ограничивается, поддержку мелких производителей, включая семейные предприятия, поощрение культурной самобытности, гарантию отсутствия детского и принудительного труда, уважение к окружающей среде, справедливую оплата труда всех участников, вовлеченных в процесс создания и распространения продукта."
1220;Р2;ВОТ МГУ 2015 ;Открытый;Москва;2015.03;"ЭПСЧ поп-исполнительницы, идентифицирующие себя как феминистки и при этом активно выражающие сексуальность, вредят феминизму
* [Показан отрезок из музыкального клипа]. Пока некоторые знаменитые женщины стоят в стороне от феминистических вопросов, Ника Минаж озвучивает свою позицию. Журнал Vogue попросил артистку описать её отношения с феминизмом. ""Я считаю себя женщиной, которая хочет, чтобы другие женщины были руководителями, были сильными, были предприимчивыми и хваткими. Я всегда говорила так"""
1221;Р3;ВОТ МГУ 2015 ;Открытый;Москва;2015.03;"ЭП отменит политику сетевого нейтралитета
* Сетевой нейтралитет — принцип, согласно которому провайдеры (поставщики интернет услуг) не могут отдавать предпочтение определенному виду приложений или типу трафика при загрузке интернет страниц. Отмена «сетевого нейтралитета» может привести к тому, что провайдеры, в зависимости от договоренности или по своему выбору, сделают загрузку определенных сайтов и приложений быстрее или медленнее"
1222;Р4;ВОТ МГУ 2015 ;Открытый;Москва;2015.03;"ЭП как США поддержит хуситов в Йемене
* Президент Йемена Абд Раббу Мансур Хади пришел к власти в результате ""йеменской весны"", но не сумел удержать эту власть. В январе столица страны была захвачена группировкой «Ансарулла», состоящей из исповедующих зейдистскую версию шиизма жителей страны (известны как хуситы). Хади 22 января 2015 года подал в отставку, однако затем это прошение отозвал, бежал из столицы страны Саны в Аден и объявил этот город временным центром Йемена. Хуситы в начале февраля учредили революционный комитет, согласно решению которого власть в стране перешла в руки президентского совета. 
Еще одной силой, определяющей политическую ситуацию в стране и пытающейся захватить власть, является «Аль-Каида на Аравийском полуострове», превратившая часть страны в свою базу.
Саудовская Аравия поддерживают президента Хади. Хуситов поддерживает Иран.
Президент Хади на днях обратился за помощью к вождям провинции Абьян, которая на протяжении многих лет является оплотом «Аль-Каиды» на Аравийском полуострове, которая присягнула «Исламскому государству». "
1223;Р5;ВОТ МГУ 2015 ;Открытый;Москва;2015.03;ЭПСЧ система образования должна с раннего возраста разделять детей на основании их способностей
1224;ПФ;ВОТ МГУ 2015 ;Открытый;Москва;2015.03;"ЭП как Кэмерон (премьер-министр Великобритании и лидер партии консерваторов) откажется от поддержки повестки UKIP
* Партия независимости Соединенного Королевства (UKIP) – политическая партия, придерживающаяся консервативных, правопопулистских взглядов. В ее повестку входят такие пункты, как серьезное ужесточение иммиграционной политики, а также выход Великобритании из ЕС.
В мае 2015 года в Великобритании пройдут парламентские выборы. На данный момент опрос общественного мнения показывает следующее разделение голосов: Консерваторы – 30-35%, Лейбористы – 32-35%, UKIP – 13-17%,  Либеральные демократы – 8-10%, Зеленые – 3-6%.
Консервативная партия Великобритании, которая сейчас формирует коалиционное большинство в парламенте вместе в Либерал-Демократической партией, в своей предвыборной агитации использует ужесточение иммиграционной политики и выход из ЕС, что вызывает недовольство со стороны Партии независимости (UKIP)."
1225;Ф;ВОТ МГУ 2015 ;Открытый;Москва;2015.03;ЭП будет бороться с существованием транснациональных корпораций, а также с образованием новых
1226;Р1;VI ОТ МЛЧ ;Для новичков;Москва;2015.03;ЭП будет эвакуировать детей из зон военных конфликтов независимо от желания их родителей
1227;Р2;VI ОТ МЛЧ ;Для новичков;Москва;2015.03;"ЭП запретит частные военные компании
* Частная военная компания (ЧВК) – это коммерческое предприятие, предлагающее специализированные услуги, предполагающие охрану кого-либо и чего-либо, консультирование вооруженных сил, а также непосредственное участие в военных конфликтах"
1228;Р3;VI ОТ МЛЧ ;Для новичков;Москва;2015.03;ЭП поддерживает создание феминистической партии
1229;Р4;VI ОТ МЛЧ ;Для новичков;Москва;2015.03;ЭПСЧ государство должно спонсировать операции по смене пола
1230;Р5;VI ОТ МЛЧ ;Для новичков;Москва;2015.03;ЭП помилует преступника при широкой общественной поддержке
1231;ЧФ;VI ОТ МЛЧ ;Для новичков;Москва;2015.03;ЭП обяжет крупные компании, уходящие с места предыдущей дислокации, оплачивать все социальные выплаты по структурной безработице рабочим, которые в ней окажутся
1232;ПФ;VI ОТ МЛЧ ;Для новичков;Москва;2015.03;ЭП будет удалять видеозаписи, сделанные террористами, из публичных источников
1233;Ф;VI ОТ МЛЧ ;Для новичков;Москва;2015.03;ЭП выступает за легализацию эвтаназии
1234;Р1;Императорский диспут ;Открытый;Томск;2015.03;ЭП будет использовать в социальной рекламе не образы, а реальных людей
1235;Р2;Императорский диспут ;Открытый;Томск;2015.03;"ЭП введёт политику «бдительности» в районах с высоким уровнем преступности
* Комитеты «Бдительности» - группы граждан, при бездействии полиции самолично совершающие самосуд над преступниками без прав или полномочий на это"
1236;Р3;Императорский диспут ;Открытый;Томск;2015.03;"ЭП как благотворительная организация не будет сотрудничать с PornHub
* В 2012 году порносайт PornHub занялся благотворительностью. В качестве объекта внимания был выбран рак груди: по Нью-Йорку и окрестностям в течение дня катался Boob Bus («Автобус сисек»), который был снабжен оборудованием для раннего обнаружения заболевания, а также содержал раздаточные материалы по самодиагностике. Вторая акция была названа «Спасите сиськи!». За просмотр 30 видео в категориях «женщины с большой грудью» и «женщины с маленькой грудью» на специальный счёт переводился один цент. Получившаяся в конце акции сумма в $24 716 была утроена и распределена между несколькими организациями. Это случилось, когда благотворительный фонд, которому они изначально предлагались, открестился от участия в кампании и попросил не отождествлять себя ни с сайтом, ни с порноиндустрией в целом"
1237;Р4;Императорский диспут ;Открытый;Томск;2015.03;ЭП как ЕС гарантирует амнистию гражданам, примкнувшим к ИГ, в случае их немедленного возвращения в ЕС
1238;Р5;Императорский диспут ;Открытый;Томск;2015.03;ЭПСЧ в странах, где легализован аборт, у мужчин должно быть право на отказ от отцовства
1239;Фмк;Императорский диспут ;Открытый;Томск;2015.03;ЭП запретит все медицинские процедуры, направленные на изменения расовой принадлежности
1240;ПФ;Императорский диспут ;Открытый;Томск;2015.03;"ЭПСЧ государство должно субсидировать расходы на ведение домашнего хозяйства
* СНС (Система национальных счётов) ООН с 1993 года включает оценку труда по ведению домашнего хозяйства (приготовление пищи, уборка жилищ, воспитание детей). Хотя большинство стран мира, в том числе Россия, не готовы включать в свои расчеты оценку этой деятельности, часть стран, например, США, учитывает эту деятельность при подсчете ВВП"
1241;Ф;Императорский диспут ;Открытый;Томск;2015.03;ЭПСЧ государство не должно пропогандировать здоровый образ жизни
1242;Р1;IV ОТ «Юг: Rebattle» ;Открытый;Таганрог;2015.04;ЭП введет квоты для отечественного кино в кинотеатрах
1243;Р2;IV ОТ «Юг: Rebattle» ;Открытый;Таганрог;2015.04;ЭПСЧ Россия должна дать гражданство всем беженцам из Украины
1244;Р3;IV ОТ «Юг: Rebattle» ;Открытый;Таганрог;2015.04;ЭП позволит людям продавать свои голоса на выборах
1245;Р4;IV ОТ «Юг: Rebattle» ;Открытый;Таганрог;2015.04;ЭПСЧ феминистское движение должно спонсировать проведения альтернативных конкурсов красоты
1246;Р5;IV ОТ «Юг: Rebattle» ;Открытый;Таганрог;2015.04;ЭП введет обязательное изучение языка жестов в школах
1247;ПФ;IV ОТ «Юг: Rebattle» ;Открытый;Таганрог;2015.04;ЭП сожалеет о возрождении казачества
1248;Ф;IV ОТ «Юг: Rebattle» ;Открытый;Таганрог;2015.04;ЭП от лица либерально настроенного израильтянина проголосует за «объединенный арабский список»
1249;Р1;ОТ СПбГУ 2015 ;Открытый;Санкт-Петербург;2015.04;ЭПСЧ в случае развода по причине измены одного из супругов, на такого супруга не распространяются гарантии, установленные семейным законодательством
1250;Р2;ОТ СПбГУ 2015 ;Открытый;Санкт-Петербург;2015.04;"ЭП не будет привлекать хакеров к ответственности
* Анонимус вскрыли сайты, распространяющие детскую порнографию, и опубликовали списки пользователей"
1251;Р3;ОТ СПбГУ 2015 ;Открытый;Санкт-Петербург;2015.04;ЭП создаст добровольные резервации для людей, полагающих себя дискриминируемыми обществом
1252;Р4;ОТ СПбГУ 2015 ;Открытый;Санкт-Петербург;2015.04;ЭП за государственный счёт создаст театр, свободный от любой цензуры
1253;Р5;ОТ СПбГУ 2015 ;Открытый;Санкт-Петербург;2015.04;"ЭП как Иран примет предложение США
* Есть информация, что США предложили Ирану сделку: смягчение санкций и принятие на компромиссных началах ядерной программы Ирана. За это Иран отказывается от поддержки хуcитов в Йемене и Асада в Сирии"
1254;ПФ;ОТ СПбГУ 2015 ;Открытый;Санкт-Петербург;2015.04;"ЭП осуждает соответствующие действия немецких финансовых ведомств
* Налоговые органы Германии покупали у сотрудников швейцарских банков базу данных счетов граждан ФРГ и предоставляли им убежище на своей территории за украденные данные. С помощью этого было установлено много граждан Германии, укрывавших налоги. Многие осудили такие действия немцев, хотя и признали их эффективность."
1255;Ф;ОТ СПбГУ 2015 ;Открытый;Санкт-Петербург;2015.04;ЭП введёт запрет на механизмы диагностирования синдрома Дауна на ранних стадиях беременности
1256;Р1;Top Games 2015 ;Открытый;Челябинск;2015.04;ЭПСЧ Международный олимпийский комитет должен исключить из числа участников Олимпийских Игр те государства, в которых действует запрет на участие женщин в международных спортивных соревнованиях
1257;Р2;Top Games 2015 ;Открытый;Челябинск;2015.04;ЭПСЧ государство должно отдавать приоритет свободе самовыражения перед чувствами верующих.
1258;Р3;Top Games 2015 ;Открытый;Челябинск;2015.04;ЭП обяжет иностранные кинокомпании, снимающие документальные фильмы, иметь местных партнеров.
1259;Р4;Top Games 2015 ;Открытый;Челябинск;2015.04;ЭПСЧ страны ЕС должны иметь право в одностороннем порядке вводить визовый режим в отношении других стран ЕС.
1260;Р5;Top Games 2015 ;Открытый;Челябинск;2015.04;ЭП даст гражданство нелегальным мигрантам, которые донесли на своего работодателя
1261;ПФ;Top Games 2015 ;Открытый;Челябинск;2015.04;ЭПС использование пыток оправданным
1262;Ф;Top Games 2015 ;Открытый;Челябинск;2015.04;ЭПСЧ государство должно изменять трактовку исторических событий ради объединения общества
1263;Р1;Настоящий турнир ;Открытый;Санкт-Петербург;2015.04;ЭП заменит преподавание по предметам на преподавание по темам
1264;Р2;Настоящий турнир ;Открытый;Санкт-Петербург;2015.04;ЭП запретит использование символов победы в рекламе и маркетинговых целях
1265;Р3;Настоящий турнир ;Открытый;Санкт-Петербург;2015.04;ЭП сожалеет об упадке детского и молодежного общественного движения
1266;Р4;Настоящий турнир ;Открытый;Санкт-Петербург;2015.04;ЭП откажется от проведения спасательных операций в случае крушения судов, перевозящих нелегальных эммигрантов
1267;Р5;Настоящий турнир ;Открытый;Санкт-Петербург;2015.04;ЭП осуждает селебритис, использующих публичный образ, которого они не придерживаются в частной жизни
1268;ПФ;Настоящий турнир ;Открытый;Санкт-Петербург;2015.04;ЭП запретит использование военных советников на территории другой страны
1269;Ф;Настоящий турнир ;Открытый;Санкт-Петербург;2015.04;ЭП сожалеет о развитии индустрии красоты
1270;Р1;Кубок ТюмГУ ;Открытый;Тюмень;2015.04;ЭПСЧ мир без романтической любви был бы лучше
1271;Р2;Кубок ТюмГУ ;Открытый;Тюмень;2015.04;ЭП обяжет каждого гражданина развитого государства год жизни проработать волонтёром в беднейших странах мира
1272;Р3;Кубок ТюмГУ ;Открытый;Тюмень;2015.04;ЭПСЧ рождение гомосексуального ребенка в семье гомофоба приносит больше пользы, чем вреда
1273;Р4;Кубок ТюмГУ ;Открытый;Тюмень;2015.04;ЭПСЧ участники Олимпийских игр не должны представлять государства
1274;Р5;Кубок ТюмГУ ;Открытый;Тюмень;2015.04;"ЭП отменит награду ""Пурпурное сердце""
* ""Пурпурное сердце"" - это военная медаль США, вручаемая всем американским военнослужащим, погибшим или получившим ранения в результате действий противника"
1275;Фмк;Кубок ТюмГУ ;Открытый;Тюмень;2015.04;ЭПСЧ супергерои должны изображаться с комплекцией среднестатистического человека
1276;ПФ;Кубок ТюмГУ ;Открытый;Тюмень;2015.04;ЭПСЧ общество, верующее в кармическое перерождение, лучше общества, в котором верят в посмертие в виде рая и ада. [Прим. Не берем в расчет постулаты и особенности отдельных религий, использующих данные концепты (Нирвана, чистилище, покаяние, Голока Вриндавана etc). Предполагается сравнивать только общества, верящие в данные способы посмертия: результат твоих действий приводит тебя к более хорошему/плохому перерождению, либо к раю/аду, соответственно].
1277;Ф;Кубок ТюмГУ ;Открытый;Тюмень;2015.04;ЭП, будучи гражданином Советского Союза в 1937 году, получив достоверные подтверждения реальности массовых репрессий, заставит себя не верить в это.
1278;Р1;Кубок ректора ВятГУ ;Открытый;Киров;2015.04;ЭП разрешит увольнять любых сотрудников за любые оскорбляющие, неэтичные публикации и комментарии в социальных сетях
1279;Р2;Кубок ректора ВятГУ ;Открытый;Киров;2015.04;"ЭП будет преподавать научный атеизм в школах во всех государствах, провозглашающих себя светскими
* Научный атеизм – система взглядов, рассматривающая вопрос существования богов, сверхъестественных существ, явлений и сил как научную гипотезу. Научный атеизм подвергает критическому анализу религию и предполагает ее философскую, естественно-научную и историческую несостоятельность с материалистической точки зрения."
1280;Р3;Кубок ректора ВятГУ ;Открытый;Киров;2015.04;ЭП запретит использование звезд (артистов, певцов, спортсменов и т.п.) в рекламе
1281;Р4;Кубок ректора ВятГУ ;Открытый;Киров;2015.04;ЭП одобряет популяризацию искусства, восхваляющего бедную счастливую жизнь
1282;Р5;Кубок ректора ВятГУ ;Открытый;Киров;2015.04;ЭП как западные либеральные государства не будет принимать мигрантов из стран, где господствуют нелиберальные ценности (гомофобия и т.д.).
1283;Фмк;Кубок ректора ВятГУ ;Открытый;Киров;2015.04;ЭП будет финансово стимулировать алко- и наркозависимых не заводить детей
1284;ПФ;Кубок ректора ВятГУ ;Открытый;Киров;2015.04;"ЭПСЧ правительства западных либеральных демократий должны перестать бороться с Tor
* В Tor можно действовать анонимно. Tor нельзя «просто взять и закрыть»."
1285;Ф;Кубок ректора ВятГУ ;Открытый;Киров;2015.04;ЭП сожалеет о демонизации нацизма
1286;Р1;XII ОК МГЮА ;Открытый;Москва;2015.05;ЭП запретит проведение религиозных и традиционных обрядов, которые включают в себя жестокое обращение с животными
1287;Р2;XII ОК МГЮА ;Открытый;Москва;2015.05;ЭПСЧ от централизованного отключения средств коммуникации (мобильная связь, интернет) как реакции на чрезвычайные ситуации (террористические акты, массовые беспорядки и т.д.) больше вреда, чем пользы
1288;Р3;XII ОК МГЮА ;Открытый;Москва;2015.05;ЭП как США будет оказывать Палестинской Автономии экономическую помощь, равную военной помощи Израилю
1289;Р4;XII ОК МГЮА ;Открытый;Москва;2015.05;ЭП в судебном порядке запретит жертве домашнего насилия возвращаться к агрессору
1290;Р5;XII ОК МГЮА ;Открытый;Москва;2015.05;ЭПСЧ молодые демократии (Нигерия, Кот-д`Ивуар, Непал и т.п.) должны делегировать написание своей конституции иностранным специалистам
1291;Р6;XII ОК МГЮА ;Открытый;Москва;2015.05;ЭП перестанет выплачивать все социальные выплаты людям, которые могут, но не хотят работать
1292;Р7;XII ОК МГЮА ;Открытый;Москва;2015.05;ЭПСЧ ЦБ РФ должен перестать принимать любые меры по регулированию курса рубля
1293;ПФ;XII ОК МГЮА ;Открытый;Москва;2015.05;"ЭПСЧ РПЦ должна нести финансовую ответственность, если освященное оборудование отказывает в результате форс-мажора
* Форс-мажор - обстоятельства, наступление которых не могло быть предотвращено стороной, ответственной за исполнение обязательства, и явившееся причиной неисполнения последнего"
1294;Ф;XII ОК МГЮА ;Открытый;Москва;2015.05;ЭП будет преподавать историю Великой Отечественной Войны, акцентируя внимание на ужасах войны вместо военных успехов и побед
1295;Р1;Полемика 2015 ;Открытый;Санкт-Петербург;2015.05;ЭП законодательно ограничит максимальное количество квадратных метров жилья в собственности на одного человека
1296;Р2;Полемика 2015 ;Открытый;Санкт-Петербург;2015.05;ЭПСЧ первым человеком на Марсе должна быть женщина
1297;Р3;Полемика 2015 ;Открытый;Санкт-Петербург;2015.05;ЭП, как человек, родственник которого болен, не согласится реализовывать просьбу родственника об эвтаназии
1298;Р4;Полемика 2015 ;Открытый;Санкт-Петербург;2015.05;ЭПСЧ при принятии решения международным сообществом о признании независимости какой-либо страны в первую очередь должно учитываться социально-экономические факторы (развитость институтов, готовность экономики, готовность поддержания общественного порядка и т.п.), а не национальные, этнические, религиозные и другие притязания
1299;Р5;Полемика 2015 ;Открытый;Санкт-Петербург;2015.05;ЭПСЧ политика малых дел приносит больше вреда, чем пользы российскому оппозиционному движению
1300;ПФ;Полемика 2015 ;Открытый;Санкт-Петербург;2015.05;ЭП передаст страны, объявившие дефолт, под внешнее экономическое управление стран-кредиторов
1301;Ф;Полемика 2015 ;Открытый;Санкт-Петербург;2015.05;ЭПСЧ государство имеет право лишить человека права интеллектуальной собственности на произведения, созданные им во время отбывания наказания в тюрьме
1302;Р1;Турнир #Стать китом! ;Городской;Санкт-Петербург;2015.05;ЭП установит штрафы за вызов скорой помощи в случаях, когда помощь может быть оказана пациенту в поликлинике.
1303;Р2;Турнир #Стать китом! ;Городской;Санкт-Петербург;2015.05;На месте боссов BBC ЭП восстановит Кларксона на работе.
1304;Р3;Турнир #Стать китом! ;Городской;Санкт-Петербург;2015.05;ЭП лишит добровольно берущих на себя политическую ответственность чиновников возможности строить дальнейшую карьеру
1305;Р4;Турнир #Стать китом! ;Городской;Санкт-Петербург;2015.05;ЭПСЧ Армения должна отказаться от территориальных и денежных претензий в обмен на признание Турцией геноцида армян 1915 г.
1306;Ф;Турнир #Стать китом! ;Городской;Санкт-Петербург;2015.05;Будучи государственной властью в Готэме, ЭП добьется ареста и осуждения Бэтмена.
1307;Р1;Внутренний Итоговый Турнир МГУ 2015 ;Внутренний;Москва;2015.05;ЭПСЧ правительства развивающихся стран должны инвестировать в индустрию секс-туризм
1308;Р2;Внутренний Итоговый Турнир МГУ 2015 ;Внутренний;Москва;2015.05;ЭП обяжет компании, использовавшие труд остарбайтеров во время Второй мировой войны, выплатить компенсацию пострадавшим или их родственникам
1309;Р3;Внутренний Итоговый Турнир МГУ 2015 ;Внутренний;Москва;2015.05;ЭП сожалеет об упадке марксизма в западных либеральных демократиях
1310;Р4;Внутренний Итоговый Турнир МГУ 2015 ;Внутренний;Москва;2015.05;ЭП запретит адаптацию исторических событий в художественных произведениях.
1311;Р5;Внутренний Итоговый Турнир МГУ 2015 ;Внутренний;Москва;2015.05;ЭП будет использовать религиозную реабилитацию в тюрьмах
1312;ПФ;Внутренний Итоговый Турнир МГУ 2015 ;Внутренний;Москва;2015.05;"ЭПСЧ США должны вторгнуться в Ирак и разделить его на 3 части
* играем не от США"
1313;Ф;Внутренний Итоговый Турнир МГУ 2015 ;Внутренний;Москва;2015.05;ЭПСЧ женщины должны использовать сексуальную привлекательность как инструмент продвижения по карьерной лестнице
1314;Р1;ЛОГОС;Открытый;Екатеринбург;2015.05;ЭП легализует применение марихуаны в медицинских целях
1315;Р2;ЛОГОС;Открытый;Екатеринбург;2015.05;ЭП обяжет пользователей и предоставителей услуг нетрадиционной медицины (в.т.ч. экстрассенсов, гомеопатов, народных целителей) публиковать результаты сеансов
1316;Р3;ЛОГОС;Открытый;Екатеринбург;2015.05;ЭП будет субсидировать переезд притяснемых обществом меньшинств в другую страну (более либеральную)
1317;Р4;ЛОГОС;Открытый;Екатеринбург;2015.05;ЭП как США откажется от политики возобновления сотрудничества с Ираном
1318;Р5;ЛОГОС;Открытый;Екатеринбург;2015.05;ЭП как феминистическое сообщество осуждает женщин, симулирующих оргазм
1319;Р6;ЛОГОС;Открытый;Екатеринбург;2015.05;ЭП запретит родственникам крупных чиновников заниматься политикой
1320;ПФ;ЛОГОС;Открытый;Екатеринбург;2015.05;ЭП сожалеет о распространении идеи “body positive”
1321;Ф;ЛОГОС;Открытый;Екатеринбург;2015.05;ЭП введет уголовную ответственность за публичное оправдание убийств журналистов и политических деятелей
1322;Р1;Кубок столицы МЛЧ ;Городской;Москва;2015.05;ЭП установит прогрессивную шкалу налогообложения, существенно увеличив налоги для самых богатых, даже если это не будет заметно влиять на суммарный бюджет страны
1323;Р2;Кубок столицы МЛЧ ;Городской;Москва;2015.05;ЭПСЧ государство не должно спонсировать искусство, не понятное большинству граждан
1324;Р3;Кубок столицы МЛЧ ;Городской;Москва;2015.05;ЭП будет учитывать социально-экономическое положение преступника при выборе вида и размера наказания
1325;Р4;Кубок столицы МЛЧ ;Городской;Москва;2015.05;ЭПСЧ ученые должны преувеличивать влияние человека на изменение окружающей среды, зная, что вероятность быть пойманным минимальна
1326;Р5;Кубок столицы МЛЧ ;Городской;Москва;2015.05;ЭП отменит любые ограничения на миграцию
1327;Ф;Кубок столицы МЛЧ ;Городской;Москва;2015.05;ЭП разрешит политикам делать некоторые пункты своей программы теми, за которые они будут нести ответственность
1328;Р1;Летний внутренний турнир Клуба дебатов РЭУ ;Внутренний;Москва;2015.06;ЭП сожалеет о спортсменах, которые делают политические и религиозные заявления во время международных спортивных соревнований
1329;Р2;Летний внутренний турнир Клуба дебатов РЭУ ;Внутренний;Москва;2015.06;ЭПСЧ международное сообщество должно вводить санкции в отношении политической элиты стран, в которых высок уровень преступности в отношении женщин
1330;Р3;Летний внутренний турнир Клуба дебатов РЭУ ;Внутренний;Москва;2015.06;ЭП сделает обязательным представительство профсоюзов работников (трудовых объединений) в Совете Директоров крупных компаний
1331;Ф;Летний внутренний турнир Клуба дебатов РЭУ ;Внутренний;Москва;2015.06;ЭП запретит преступникам контактировать с медиа (давать интервью, сниматься в фильмах и т.д.)
1332;Ф;"1-й (""джедайский"") тур НЛД 2015/16 ";Джедайский;Новосибирск;2015.12;ЭП запретит чёрную пятницу
1333;Р1;V «Позвольте!» ;Открытый;Казань;2015.08;ЭПСЧ развитые страны обязаны принимать беженцев
1334;Р2;V «Позвольте!» ;Открытый;Казань;2015.08;ЭПСЧ Греция должна выйти из Еврозоны
1335;Р3;V «Позвольте!» ;Открытый;Казань;2015.08;ЭП запретит работодателям доступ к криминальному прошлому своих сотрудников
1336;Р4;V «Позвольте!» ;Открытый;Казань;2015.08;ЭП предоставит женщинам льготы для ведения бизнеса
1337;Р5;V «Позвольте!» ;Открытый;Казань;2015.08;ЭПСЧ государство не должно финансировать искусство
1338;ПФ;V «Позвольте!» ;Открытый;Казань;2015.08;ЭП запретит Uber
1339;Ф;V «Позвольте!» ;Открытый;Казань;2015.08;ЭПСЧ социальные сети приносят больше вреда, чем пользы
1340;Р1;Pro et Contra V ;Открытый;Екатеринбург;2015.09;ЭПСЧ решение об участии государства в важнейших внешнеполитических проектах должно приниматься на гражданских референдумах
1341;Р2;Pro et Contra V ;Открытый;Екатеринбург;2015.09;"ЭП поддерживает сотрудничество государства с незаконными хакерскими группировками
* Речь идёт о покупке программного обеспечения для слежки и оперативной деятельности"
1342;Р3;Pro et Contra V ;Открытый;Екатеринбург;2015.09;"ЭП, применяя жесткие меры, разгонит Христианию
* Христиания – квартал в Копенгагене, где в бывших казармах без разрешения собственника поселились люди, которые, в частности, продают там лёгкие наркотики, при этом они не занимаются насилием и не продают наркотики вне квартала"
1343;Р4;Pro et Contra V ;Открытый;Екатеринбург;2015.09;ЭП отменит государственное пенсионное обеспечение
1344;Р5;Pro et Contra V ;Открытый;Екатеринбург;2015.09;ЭПСЧ в России государство должно агрессивно продвигать идею, что главным предназначением женщины является карьера и саморазвитие, а не семья и дети
1345;ПФ;Pro et Contra V ;Открытый;Екатеринбург;2015.09;ЭПСЧ религиозные институты не должны меняться вслед за меняющимся обществом
1346;Ф;Pro et Contra V ;Открытый;Екатеринбург;2015.09;ЭП уберёт из публичного доступа подробную биографию, дневники и прочую информацию о маньяках и серийных убийцах
1347;Р1;XIV Кубок Сибири ;Открытый;Новосибирск;2015.10;ЭП разрешит рисовать граффити и создавать произведения стрит-арта в открытых общественных пространствах без какого-либо согласования.
1348;Р2;XIV Кубок Сибири ;Открытый;Новосибирск;2015.10;ЭП на месте либеральной несистемной оппозиции откажется от участия в выборах как от неэффективного способа политической борьбы
1349;Р3;XIV Кубок Сибири ;Открытый;Новосибирск;2015.10;ЭП отменит любые ограничения на ненормативную лексику в художественных произведениях.
1350;Р4;XIV Кубок Сибири ;Открытый;Новосибирск;2015.10;"ЭП изолирует таких людей от общества
* Изобретена технология, позволяющая с высокой долей вероятности определить, что человек в ближайшее время совершит преступление"
1351;Р5;XIV Кубок Сибири ;Открытый;Новосибирск;2015.10;ЭП исключит из религиозных текстов, предназначенных для массового потребления, призывы к насилию.
1352;Фмк;XIV Кубок Сибири ;Открытый;Новосибирск;2015.10;ЭП запретит продажу алкоголя лицам до 21 года при наступлении совершеннолетия в 18 лет
1353;ПФ;XIV Кубок Сибири ;Открытый;Новосибирск;2015.10;ЭП в лице США снимет все санкции с России в обмен на существенную помощь в борьбе с ИГИЛ.
1354;Ф;XIV Кубок Сибири ;Открытый;Новосибирск;2015.10;ЭП накажет лиц, принимавших участие в сталинских репрессиях
1355;Р1;Кубок РЭУ ;Открытый;Москва;2015.10;ЭП запретит публичную ротацию шансона и другой музыки, восхваляющей криминальную жизнь
1356;Р2;Кубок РЭУ ;Открытый;Москва;2015.10;"ЭП введет американскую модель обучения в государственных вузах
* Обучение в университетах США на первой ступени, завершаемое присвоением степени бакалавра, ведется в широком диапазоне и не ориентировано на какое-либо профессиональное занятие. При этом присваиваются степени бакалавра искусств или бакалавра наук.  Учебный план для подготовки на первую академическую степень в первые 2 года включает общеобразовательные предметы: английский язык, иностранные языки, гуманитарные дисциплины, математика, естественные науки и компьютерные классы. Обычно в конце второго года обучения студенты должны назвать дисциплины для своего дальнейшего углубленного изучения, после чего с помощью своих преподавателей-консультантов намечают более специализированные учебные программы. "
1357;Р3;Кубок РЭУ ;Открытый;Москва;2015.10;ЭП оставит большую часть налогов регионам
1358;Р4;Кубок РЭУ ;Открытый;Москва;2015.10;ЭП будет активно насаждать светскую идеологию в республиках Северного Кавказа
1359;Р5;Кубок РЭУ ;Открытый;Москва;2015.10;ЭП отменит все ограничения для иммиграции в регионы Дальнего Востока
1360;ПФ;Кубок РЭУ ;Открытый;Москва;2015.10;ЭПСЧ оппозиции (в т.ч. оппозиционным СМИ) в России оправдано прибегать к логическим уловкам и пропагандистским приёмам в борьбе с кремлёвской пропагандой
1361;Ф;Кубок РЭУ ;Открытый;Москва;2015.10;ЭП сожалеет о вступлении России в войну в Сирии
1362;Р1;VIII КП МГЮА ;Открытый;Москва;2015.10;"ЭП поддерживает практику оплаты данной услуги компаниями
* Apple и  Facebook предложили своим сотрудникам – девушкам оплату дорогостоящей услуги по заморозке яйцеклетки. Эта услуга позволяет женщине спустя некоторое время родить ребенка, используя замороженную яйцеклетку"
1363;Р2;VIII КП МГЮА ;Открытый;Москва;2015.10;ЭПСЧ западные либеральные демократии должны финансово и политически поддерживать имамов-реформаторов (т.е. либерально настроенных)
1364;Р3;VIII КП МГЮА ;Открытый;Москва;2015.10;ЭП (США) будет предоставлять экономическую и гуманитарную помощь Северной Корее только в обмен на улучшение ситуации с правами человека в стране
1365;Р4;VIII КП МГЮА ;Открытый;Москва;2015.10;ЭПСЧ все спортивные клубы топовых дивизионов любых видов спорта должны иметь женский дубль и тратить на его финансирование не меньше 20% ресурсов
1366;Р5;VIII КП МГЮА ;Открытый;Москва;2015.10;"В ЭПСЧ государство должно клонировать людей, имеющих высокую полезность для общества
* В этом раунде считается достоверно известным, что гены человека сильно влияют на его способности"
1367;Фмк;VIII КП МГЮА ;Открытый;Москва;2015.10;ЭП отменит все ограничения на допинг в профессиональном спорте
1368;ПФ;VIII КП МГЮА ;Открытый;Москва;2015.10;ЭПСЧ Walt Disney должна создать мультфильм с главным героем (протагонистом), имеющим нетрадиционную сексуальную ориентацию
1369;Ф;VIII КП МГЮА ;Открытый;Москва;2015.10;ЭП будет прощать за государственную измену на всенародном референдуме (если суд вынес обвинительный приговор, то на референдуме его могут отменить)
1370;Р1;Слово молодым ;Для новичков;Санкт-Петербург;2015.11;ЭП поддерживает использование досок позора
1371;Р2;Слово молодым ;Для новичков;Санкт-Петербург;2015.11;ЭП обяжет СМИ публично указывать свои источники финансирования (на главном сайте или в заставках)
1372;Р3;Слово молодым ;Для новичков;Санкт-Петербург;2015.11;ЭП поддерживает концепцию базового (безусловного) дохода
1373;Р4;Слово молодым ;Для новичков;Санкт-Петербург;2015.11;ЭПСЧ во время войны государство может вводить население в заблуждение о текущем положении дел
1374;Р5;Слово молодым ;Для новичков;Санкт-Петербург;2015.11;"ЭП обеспечит полный доступ к налоксону
* Налоксон - антидот к героину и опиатам Под полным доступом подразумевается бесплатный, безлимитный налоксон"
1375;ЧФ;Слово молодым ;Для новичков;Санкт-Петербург;2015.11;ЭП запретит странам мусульманского мира спонсировать медресе в Европе
1376;ПФ;Слово молодым ;Для новичков;Санкт-Петербург;2015.11;ЭП введет квоту для партий иметь в думе на 20% мандатов политиков до 35 лет
1377;Ф;Слово молодым ;Для новичков;Санкт-Петербург;2015.11;ЭПСЧ обман этически допустимым инструментом в межличностных отношениях. Тема не о случайных и мимолетных знакомствах
1378;Р1;Завалинка 2015 ;Открытый;Тюмень;2015.11;ЭП запретит хеппи-мил (и прочие детские пищевые наборы с вредной едой)
1379;Р2;Завалинка 2015 ;Открытый;Тюмень;2015.11;ЭП поддерживает разоблачение политиков с нетрадиционной сексуальной ориентацией, делающих гомофобные заявления, представителями ЛГБТ-сообщества
1380;Р3;Завалинка 2015 ;Открытый;Тюмень;2015.11;ЭП поддерживает создание независимого Курдистана
1381;Р4;Завалинка 2015 ;Открытый;Тюмень;2015.11;ЭП разрешит паралимпийцам участвовать в Олимпийских играх
1382;Р5;Завалинка 2015 ;Открытый;Тюмень;2015.11;ЭПСЧ государство должно заниматься патриотическим воспитанием граждан
1383;ПФ;Завалинка 2015 ;Открытый;Тюмень;2015.11;ЭПСЧ гуманитарные организации должны (и им должно быть разрешено) давать ресурсы или оказывать услуги нелегальным вооруженным группам, когда это необходимо для доступа в помощи нуждающемуся населению
1384;Ф;Завалинка 2015 ;Открытый;Тюмень;2015.11;ЭП не будет освещать теракты в СМИ
1385;Р1;Дело чести ;Открытый;Санкт-Петербург;2015.11;ЭП введёт квоты на покупку алкоголя в рамках определенной месячной суммы (% от дохода)
1386;Р2;Дело чести ;Открытый;Санкт-Петербург;2015.11;ЭП будет вознаграждать необеспеченные семьи за успехи детей в школе
1387;Р3;Дело чести ;Открытый;Санкт-Петербург;2015.11;ЭП поддерживает практику осуждения/исключения из профессиональных сообществ на основании этических критериев
1388;Р4;Дело чести ;Открытый;Санкт-Петербург;2015.11;ЭП поддерживает Dunkelfeld
1389;Р5;Дело чести ;Открытый;Санкт-Петербург;2015.11;"ЭП запретит использование ""литературных негров"" при создании художественных произведений"
1390;ПФ;Дело чести ;Открытый;Санкт-Петербург;2015.11;ЭПСЧ Иран должен вступить в военный альянс с США (вместо альянса с Россией) в Сирии
1391;Ф;Дело чести ;Открытый;Санкт-Петербург;2015.11;ЭП выступает за государственную политику, направленную на поддержание некоторого уровня преступности, для достижения глобальной безопасности граждан
1392;Р1;Осенний турнир в Воронеже;Открытый;Воронеж;2015.11;ЭП, как Воронеж, будет активно способствовать переезду студентов в Москву и Санкт-Петербург в целях обучения
1393;Р2;Осенний турнир в Воронеже;Открытый;Воронеж;2015.11;ЭП от лица РПЦ разрешит священникам вступать в политические партии и избираться.
1394;Р3;Осенний турнир в Воронеже;Открытый;Воронеж;2015.11;Как писатель-представитель национального меньшинства России, ЭП будет писать исключительно на своём национальном языке
1395;Р4;Осенний турнир в Воронеже;Открытый;Воронеж;2015.11;ЭП запретит все виды искусства, вредящие здоровью исполнителя
1396;Р5;Осенний турнир в Воронеже;Открытый;Воронеж;2015.11;ЭП приветствует массовое распространение видеороликов, высмеивающих террористические организации
1397;Р6;Осенний турнир в Воронеже;Открытый;Воронеж;2015.11;ЭП сожалеет о том, что крупнейшие мировые религии обещают поощрения и наказания в загробной жизни.
1398;Ф;Осенний турнир в Воронеже;Открытый;Воронеж;2015.11;ЭП, будучи либерально настроенным российским оппозиционером, пойдет работать в институты власти с целью изменить систему
1399;Р1;Осенний Внутренний Турнир МГУ-ГУУ 2015 ;Внутренний;Москва;2015.11;ЭП сожалеет об «Арабской весне»
1400;Р2;Осенний Внутренний Турнир МГУ-ГУУ 2015 ;Внутренний;Москва;2015.11;ЭПСЧ участники Олимпийских игр не должны представлять государства
1401;Р3;Осенний Внутренний Турнир МГУ-ГУУ 2015 ;Внутренний;Москва;2015.11;"ЭП введёт минимальный Body Mass Index для телеведущих и актрис (этот индекс показывает коэффициент роста человека и его вес; человек, также соотношение которого меньше этого индекса, не будет допущен до телевидения)"
1402;Р4;Осенний Внутренний Турнир МГУ-ГУУ 2015 ;Внутренний;Москва;2015.11;ЭП запретит наследование
1403;ПФ;Осенний Внутренний Турнир МГУ-ГУУ 2015 ;Внутренний;Москва;2015.11;ЭПСЧ крупные поисковые системы (например, Google, Яндекс) должны сообщать властям о поискам пользователей на тему суицида
1404;Ф;Осенний Внутренний Турнир МГУ-ГУУ 2015 ;Внутренний;Москва;2015.11;"ЭПСЧ показателем успеха развитых стран должен быть индекс счастья, а не показатель ВВП
* Индекс счастья рассчитывается, исходя из трёх параметров: воздействия человека на природу, продолжительности жизни и удовлетворённости населением своей жизнью"
1405;Р1;Fire-2015 ;Открытый;Харьков (Украина);2015.11;ЭП разрешит компаниям платить больше работникам, которые согласятся не иметь детей на протяжении своей трудовой деятельности в них.
1406;Р2;Fire-2015 ;Открытый;Харьков (Украина);2015.11;"ЭП поддерживает опубликование данных пользователей
* Инфо-слайд: ""Ashley Madison""- сайт, созданный для супружеских измен. Хакеры, в конце июля 2015 года объявившие о взломе сайта знакомств Ashley Madison, добыли около 10 гигабайт данных пользователей сервиса. "
1407;Р3;Fire-2015 ;Открытый;Харьков (Украина);2015.11;ЭПСЧ Украина должна отказаться от запретительных методов по отношению к пророссийской точке зрения в украинских СМИ.
1408;Р4;Fire-2015 ;Открытый;Харьков (Украина);2015.11;"ЭП продаст остров.
* Египетский миллиардер желает купить остров у Греции или Италии для размещения там беженцев, бегущих от войн в своих странах"
1409;Р5;Fire-2015 ;Открытый;Харьков (Украина);2015.11;ЭПСЧ феминистичемкие организации должны осудить действия радикальных феминисток
1410;ПФ;Fire-2015 ;Открытый;Харьков (Украина);2015.11;ЭП разрешит общинам отказаться от любого государственного участия в разрешении конфликтов
1411;Ф;Fire-2015 ;Открытый;Харьков (Украина);2015.11;ЭП разрешит детям по достижению совершеннолетия подавать в суд на своих родителей за саботирование их возможностей для самореализации в детстве
1412;Р1;VII ОТ МЛЧ ;Для новичков;Москва;2015.11;ЭПСЧ антинаркотическая пропаганда не должна преуменьшать удовольствия и (или) преувеличивать вред, связанные с употреблением наркотиков
1413;Р2;VII ОТ МЛЧ ;Для новичков;Москва;2015.11;ЭП запретит неоплачиваемые стажировки
1414;Р3;VII ОТ МЛЧ ;Для новичков;Москва;2015.11;ЭПСЧ ЛГБТ-сообщество должно отказаться от проведения гей-парадов
1415;Р4;VII ОТ МЛЧ ;Для новичков;Москва;2015.11;ЭПС допустимой для государств учитывать религиозную принадлежность при приеме беженцев
1416;Р5;VII ОТ МЛЧ ;Для новичков;Москва;2015.11;ЭП будет предоставлять родителям несовершеннолетних детей дополнительные голоса на выборах.
1417;ЧФ;VII ОТ МЛЧ ;Для новичков;Москва;2015.11;"ЭП будет национализировать компании, подпадающие под определение ""too big to fail"" (слишком большие для того, чтобы рухнуть)
* Национализация - принудительный выкуп государством у акционеров их акций по справедливой рыночной стоимости"
1418;ПФ;VII ОТ МЛЧ ;Для новичков;Москва;2015.11;"ЭП не будет судить Оскара Грёнинга
* Оскар Грёнинг – бывший сотрудник СС, бухгалтер концлагеря Аушвиц. Ему 93 года, он никого не убивал"
1419;Ф;VII ОТ МЛЧ ;Для новичков;Москва;2015.11;ЭП запретит частное финансирование политических партий
1420;Р1;Джедайский турнир МГУ 2015 ;Джедайский;Москва;2015.11;"ЭП снимет запрет на продажу лекарств по рецепту
* Мы не спорим здесь о наркотиках. Основные причины такого запрета – сильное действие (передозировка) + наркотические вещества входят в состав лекарства"
1421;Р2;Джедайский турнир МГУ 2015 ;Джедайский;Москва;2015.11;ЭП (Россия) финансово и технически (в т.ч. оружием и специалистами) поддержит курдов, борющихся с Исламским Государством
1422;Р3;Джедайский турнир МГУ 2015 ;Джедайский;Москва;2015.11;"ЭП запретит AdBlock (plus) и аналогичные сервисы
* AdBlock (plus) и аналоги – расширения для интернет-браузера, которые позволяют блокировать всплывающую и баннерную рекламу. Распространенность – около 20%, число растёт. На мобильных ОС уже или есть, или в разработке такие решения. Нативная реклама (специально созданные материалы с партнерами) не блокируется"
1423;Р4;Джедайский турнир МГУ 2015 ;Джедайский;Москва;2015.11;"ЭП введёт обязательное предварительное безусловное согласие женщины на секс
* Отсутствие письменного согласия от женщины и наличие заявление со стороны женщины рассматривается как изнасилование"
1424;Р5;Джедайский турнир МГУ 2015 ;Джедайский;Москва;2015.11;"ЭП введёт усыновление вслепую
* Исключения – ты можешь потребовать, чтобы тебе не дали ребёнка с тяжёлым заболеванием, а также потребовать ребёнка из определённой возрастной категории (их количество – 2-3). Кроме того, в статусе-кво нельзя просто так отказаться от ребёнка, вам в судебном порядке необходимо доказать наличие объективных оснований, от вас не зависящих"
1425;Фмк;Джедайский турнир МГУ 2015 ;Джедайский;Москва;2015.11;ЭП будет считать одним из условий приёма мигрантов поселение их среди представителей чужой этнической группы
1426;ПФ;Джедайский турнир МГУ 2015 ;Джедайский;Москва;2015.11;ЭП сожалеет о распространении практики создания мотивационных материалов, построенных на успешных историях и образах людей с особыми потребностями
1427;Ф;Джедайский турнир МГУ 2015 ;Джедайский;Москва;2015.11;" ЭП запретит производство и распространение таких патронов
* В 2013 году американская компания Jihawg Ammo объявила, что она будет выпускать патроны, покрытые свиной кровью и свиным жиром, для борьбы с исламским терроризмом"
1428;Р1;V ОТ КФ РАП на кубок им. Ф. Плевако ;Открытый;Казань;2015.12;ЭП введет уголовную ответственность за супружескую измену
1429;Р2;V ОТ КФ РАП на кубок им. Ф. Плевако ;Открытый;Казань;2015.12;ЭПСЧ суды присяжных в отношении подсудимых, принадлежащих к определенному этническому или другому меньшинству, должны формироваться только из представителей такого меньшинства
1430;Р3;V ОТ КФ РАП на кубок им. Ф. Плевако ;Открытый;Казань;2015.12;ЭПСЧ международные договоры во всех случаях должны превалировать над конституциями государств
1431;Р4;V ОТ КФ РАП на кубок им. Ф. Плевако ;Открытый;Казань;2015.12;ЭП приравняет преднамеренные фолы к насильственному преступлению
1432;ПФ;V ОТ КФ РАП на кубок им. Ф. Плевако ;Открытый;Казань;2015.12;Изобретена технология, которая позволяет полностью обеспечивать безопасное развитие человеческого эмбриона с момента зачатия до его жизнеспособности вне человеческой матки. Технология доступна для широкого применения. ЭПСЧ при наличии такой технологии нормальная физиологическая беременность должна быть запрещена
1433;Ф;V ОТ КФ РАП на кубок им. Ф. Плевако ;Открытый;Казань;2015.12;ЭПСЧ крупнейшие мировые демократии должны отменить все законы о государственной измене
1434;Р1;Кубок ТюмГУ ;Открытый;Тюмень;2015.12;ЭПСЧ «подражатель» наносит больший урон обществу, чем маньяк, придумавший свой способ
1435;Р2;Кубок ТюмГУ ;Открытый;Тюмень;2015.12;ЭПСЧ атеисты должны отстаивать замену уроков основы православной культуры (и похожие предметы, в т.ч. связанные с другими религиями) на сравнительное религиоведение, а не полную их отмену
1436;Р3;Кубок ТюмГУ ;Открытый;Тюмень;2015.12;"ЭП (Япония) откажется от статьи 9 конституции
* В 1947 г. в Японии была принята конституция, написанная под контролем США, в которую с тех пор не вносили никаких изменений. Статья 9 конституции гласит, что Япония «на вечные времена отказывается от войны как суверенного права нации, а также от угрозы или применения вооруженной силы как средства разрешения международных споров… никогда впредь не будут создаваться сухопутные, морские и военно-воздушные силы, равно как и другие средства войны». Трактовка этой нормы позволяет несколько смягчить ограничение статьи 9, что проявляется в а) наличии Сил самообороны (по сути, небольшие по сравнению с другими странами Вооруженные Силы), б) том, что японский оборонный бюджет за 2014 год – девятый по величине в мире.
Т.о., современная трактовка статьи 9 предусматривает, что: 1. на оборону стабильно уходит не более 1% ВВП Японии (самый низкий показатель среди лидеров рейтинга; 9-е место Япония занимает за счёт сильной экономики и большого населения); 2. запрещено использовать Силы самообороны за пределами Японии, в т.ч. в качестве миротворческих сил и в рамках коллективной самообороны."
1437;Р4;Кубок ТюмГУ ;Открытый;Тюмень;2015.12;В странах, где легализовано рабство, ЭП запретит гладиаторские бои с участием рабов
1438;Р5;Кубок ТюмГУ ;Открытый;Тюмень;2015.12;В стране, где запрещено казино, ЭП разрешит открывать казино с благотворительными целями
1439;Фмк;Кубок ТюмГУ ;Открытый;Тюмень;2015.12;ЭП запретит высмеивать фашизм
1440;ПФ;Кубок ТюмГУ ;Открытый;Тюмень;2015.12;ЭП предпочла бы жить в мире, где личные достижения и провалы человека рассматриваются в большей степени как результат случайности, а не выбора самого человека
1441;Ф;Кубок ТюмГУ ;Открытый;Тюмень;2015.12;ЭП (демократические страны) откажется от сотрудничества с авторитарными странами
1442;Р1;IV Открытый кубок ДВФУ ;Открытый;Владивосток;2015.12;ЭП предоставит семьям дополнительное количество голосов за каждого ребенка
1443;Р2;IV Открытый кубок ДВФУ ;Открытый;Владивосток;2015.12;ЭПСЧ Россия должна поставить вооружение сирийским курдам
1444;Р3;IV Открытый кубок ДВФУ ;Открытый;Владивосток;2015.12;ЭП запретит религиозным организациям в развивающихся странах (или бедных) деятельность, направленную на обращение людей в свою веру
1445;Р4;IV Открытый кубок ДВФУ ;Открытый;Владивосток;2015.12;ЭПСЧ что развивающимся странам следует пожертвовать интересами охраны окружающей среды ради экономического развития
1446;Р5;IV Открытый кубок ДВФУ ;Открытый;Владивосток;2015.12;В странах, где разрешены аборты, ЭП предоставит потенциальным отцам право отказаться от любых обязанностей перед ребенком
1447;Ф;IV Открытый кубок ДВФУ ;Открытый;Владивосток;2015.12;ЭП обяжет преступника быть донором органов в пользу жертвы, пострадавшей в результате совершенного им преступления
1448;Р1;СЛОВА ;Открытый;Санкт-Петербург;2015.12;ЭПС преступления, совершённые по отношению к странам гитлеровской коалиции (ковровые бомбардировки, применение ядерного оружия, насильственное переселение гражданского населения), морально оправданными
1449;Р2;СЛОВА ;Открытый;Санкт-Петербург;2015.12;"ЭП легализует намеренное зачатие детей с увечьем их родителей
* На этапе зачатия наносится увечье, которое идентично увечью родителя"
1450;Р3;СЛОВА ;Открытый;Санкт-Петербург;2015.12;"ЭП учередит международный криминальный суд за экоцид.
* Экоцид – это массовое уничтожение растительного или животного мира, отравление атмосферы или водных ресурсов, а также совершение иных действий, способных вызвать экологическую катастрофу"
1451;Р4;СЛОВА ;Открытый;Санкт-Петербург;2015.12;"ЭП сожалеет о демонизации фундаментальных исламистов
* Под фундаментальными исламистами понимаются те, которые применяют насилие"
1452;Р5;СЛОВА ;Открытый;Санкт-Петербург;2015.12;"ЭП, как молодая привлекательная девушка из бедной семьи предпочтет мир, в котором доминирует hard-to-get культура
* Hard-to-get культура – это культура, в рамках которой мужчина добивается женщину, совершает активные действия, а женщина выступает в пассивной роли, её добиваются"
1453;ЧФ;СЛОВА ;Открытый;Санкт-Петербург;2015.12;ЭП сожалеет о нарративе Холокоста в исторической памяти израильтян
1454;ПФ;СЛОВА ;Открытый;Санкт-Петербург;2015.12;"Предположим, что вся политико-экономическая элита России (в т.ч. Путин, Чайка, Ротенберг и др.) летела в самолёте и разбилась.
ЭПСЧ это было бы благом для России"
1455;Ф;СЛОВА ;Открытый;Санкт-Петербург;2015.12;"ЭП выступает против прогрессивных форм политкорректности
* Например, блокировка аккаунта в Facebook за слово «хохол»"
1456;Р1;Первый онлайн-турнир;Открытый (онлайн);Онлайн;2016.01;"ЭПСЧ активное навязывание ребёнку стереотипов жизненного пути – такое же основание для лишения родительских прав, как и жестокое обращение
* Примеры стереотипов жизненного пути: ""место женщины на кухне"", ""мужик должен быть сильным и доминировать в семье"", ""ты будешь заниматься семейным делом, потому что у нас династия три века"" и т.п."
1457;Р2;Первый онлайн-турнир;Открытый (онлайн);Онлайн;2016.01;ЭПСЧ этические вегетарианцы должны отказываться от товаров, имитирующих продукты убийства животных (искусственный мех, вегетарианская колбаса и т.д.)
1458;Р3;Первый онлайн-турнир;Открытый (онлайн);Онлайн;2016.01;ЭП сожалеет о политизации современного массового искусства
1459;Р4;Первый онлайн-турнир;Открытый (онлайн);Онлайн;2016.01;"ЭПСЧ последовательный атеист должен выбирать сожительство, а не брак.
* Напоминаем, что юридически имущественные отношения при необходимости можно урегулировать и без брака"
1460;Р5;Первый онлайн-турнир;Открытый (онлайн);Онлайн;2016.01;"ЭП прекратит оплачивать высшее образование, взамен выдавая сопоставимую сумму выпускникам школ на любые выбранные ими цели
* подразумевается, что этой суммы в целом должно хватать на получение высшего образования"
1461;ПФ;Первый онлайн-турнир;Открытый (онлайн);Онлайн;2016.01;ЭПСЧ для вступления закона в силу он, после принятия законодательным органом, должен утверждаться с помощью органа, члены которого выбираются каждый раз случайно из числа граждан, имеющих право голоса
1462;Ф;Первый онлайн-турнир;Открытый (онлайн);Онлайн;2016.01;"ЭП сожалеет о культе «великих людей»
* Под «великими людьми» понимаются те деятели культуры, науки, исторические деятели, которые превозносятся в культуре и общественном дискурсе (если проще - которым строят памятники, чьими именами называют улицы, чьи портреты печатают на форзацах учебников)"
1463;Р1;Кубок Хогвартса ;Джедайский;Санкт-Петербург;2016.01;ЭПСЧ ЛГБТ-сообщество должно осудить звёзд массмедиа, которые строили свою карьеру, скрывая свою нетрадиционную сексуальную ориентацию и изображая ярко выраженный образ, присущий гетеросексуалам
1464;Р2;Кубок Хогвартса ;Джедайский;Санкт-Петербург;2016.01;ЭП сожалеет о популярности в обществе идеи, что истинная любовь может быть только одна за всю жизнь и с конкретным предопределенным человеком
1465;Р3;Кубок Хогвартса ;Джедайский;Санкт-Петербург;2016.01;ЭПСЧ государства не должны объявлять день траура
1466;Р4;Кубок Хогвартса ;Джедайский;Санкт-Петербург;2016.01;ЭП сожалеет о том, что произведения искусства рассматриваются как средства вложения и приумножения капитала
1467;Р5;Кубок Хогвартса ;Джедайский;Санкт-Петербург;2016.01;"ЭП включит Mein Kampf в школьную программу Германии
* В 1945 году права на «Mein Kampf» Гитлера были переданы властям Баварии, которые наложили запрет на любое переиздание сочинений фюрера. 1-го января 2016 года срок на их права на книгу истёк, и сейчас её может издать любой желающий."
1468;ПФ;Кубок Хогвартса ;Джедайский;Санкт-Петербург;2016.01;При формировании образа преступника в общественном дискурсе ЭП (государство) предпочтёт риторику «отступившегося хорошего человека» риторике «врага общества»
1469;Ф;Кубок Хогвартса ;Джедайский;Санкт-Петербург;2016.01;ЭП будет прививать ребенку не этику взаимности, а этику категорического императива
1470;Р1;Зимний открытый кубок Черноземья ;Открытый;Воронеж;2016.02;ЭП даст право голоса заключённым
1471;Р2;Зимний открытый кубок Черноземья ;Открытый;Воронеж;2016.02;ЭП введет ответственность для СМИ за публикацию непроверенной информации
1472;Р3;Зимний открытый кубок Черноземья ;Открытый;Воронеж;2016.02;"ЭП (Россия) проведет процедуру «стрижки депозитов»
* Из-за банковского кризиса в России большое количество банков оказалось в ситуации, где их либо закрывают, либо проводят процедуру «стрижки депозитов». При проведении этой процедуры у самых крупных клиентов банка забирают около 15% депозита. Эти деньги передаются в распоряжение банку. Взамен вкладчики получают акции или долговые бумаги. Под стрижку депозитов попадают крупные вклады физических и юридических лиц. Т.е. вклады в несколько десятков миллионов рублей и более"
1473;Р4;Зимний открытый кубок Черноземья ;Открытый;Воронеж;2016.02;ЭП будет принимать решения о заключении международных договоров, только одобрив это на референдуме
1474;Р5;Зимний открытый кубок Черноземья ;Открытый;Воронеж;2016.02;ЭП как международное сообщество признает Крым территорией РФ
1475;ПФ;Зимний открытый кубок Черноземья ;Открытый;Воронеж;2016.02;ЭПСЧ свобода слова должна включать в себя свободу ненависти
1476;Ф;Зимний открытый кубок Черноземья ;Открытый;Воронеж;2016.02;"ЭП выберет работу на фашистский режим
* Вы — советский ученый-генетик, отправившийся в 1937 году работать в Германию по договору научного сотрудничества. Позднее стало известно, что при возвращении на родину вас ждет сталинский лагерь. С началом Второй мировой войны встал вопрос выбора: либо работать на фашистский режим, либо вернуться в СССР и отбывать несправедливое наказание"
1477;Р1;Зимний Турнир ;Открытый;Санкт-Петербург;2016.02;ЭП откажется от чаевых
1478;Р2;Зимний Турнир ;Открытый;Санкт-Петербург;2016.02;ЭПС приемлемым продавать гражданство
1479;Р3;Зимний Турнир ;Открытый;Санкт-Петербург;2016.02;ЭПСЧ страны Запада должны предпочесть Иран Саудовской Аравии в качестве главного партнера на Ближнем Востоке
1480;Р4;Зимний Турнир ;Открытый;Санкт-Петербург;2016.02;ЭП сожалеет о кампании #OscarSoWhite
1481;Р5;Зимний Турнир ;Открытый;Санкт-Петербург;2016.02;ЭП будет платить пособие по безработице в обмен на обязательные общественные работы
1482;ПФ;Зимний Турнир ;Открытый;Санкт-Петербург;2016.02;"ЭП введёт обязательную деятельную благотворительность
* Деятельная благотворительность – благотворительность, оказываемая не деньгами, а делами (поездки в детдома, дома престарелых и т.п.)"
1483;Ф;Зимний Турнир ;Открытый;Санкт-Петербург;2016.02;ЭП вместо создания государственного сектора услуг в развивающихся странах будет давать всем гражданам этих стран наличные деньги для оплаты услуг здравоохранения, образования и социального обеспечения, предоставляемых частными компаниями
1484;Р1;ОТ НИУ ВШЭ 2016. Новый уровень ;Открытый;Москва;2016.02;ЭП снизит минимальный возраст уголовной ответственности за преступления на почве ненависти
1485;Р2;ОТ НИУ ВШЭ 2016. Новый уровень ;Открытый;Москва;2016.02;"ЭП сожалеет о методах ВАДА
* ВАДА – Всемирное Антидопинговое Агентство. Кодекс ВАДА включает в себя статьи, устанавливающие дисквалификацию спортсменов на длительный срок как наказание за:
а) недонесение на применение допинга другими спортсменами,
б) систематическое применение допинга другими спортсменами из той же страны,
в) использование средств, которые могут применяться для сокрытия употребления допинга,
г) невозможность найти спортсмена в любой момент времени для прохождения внеплановой проверки на допинг."
1486;Р3;ОТ НИУ ВШЭ 2016. Новый уровень ;Открытый;Москва;2016.02;ЭП не будет признавать Ватикан отдельным государством
1487;Р4;ОТ НИУ ВШЭ 2016. Новый уровень ;Открытый;Москва;2016.02;ЭП запретит терапию, направленную на смену сексуальной ориентации
1488;Р5;ОТ НИУ ВШЭ 2016. Новый уровень ;Открытый;Москва;2016.02;ЭП (США) запретит активную агитацию службы в армии среди беднейшего населения
1489;ПФ;ОТ НИУ ВШЭ 2016. Новый уровень ;Открытый;Москва;2016.02;ЭП поддерживает насильственное переселение народов для создания гомоэтнических государств как решение длительных этнических конфликтов
1490;Ф;ОТ НИУ ВШЭ 2016. Новый уровень ;Открытый;Москва;2016.02;ЭПСЧ государство должно устанавливать приоритетный порядок получения донорских органов
1491;Р1;Турнир на Диком Западе ;Открытый;Москва, Сколково;2016.02;ЭП запретит проведение и публикацию результатов исследований, указывающих на превосходство доминантной группы над определённым меньшинством
1492;Р2;Турнир на Диком Западе ;Открытый;Москва, Сколково;2016.02;ЭП приветствует распространение сервисов Sharing Economy (экономики совместного потребления: Airbnb, Uber и т.д.)
1493;Р3;Турнир на Диком Западе ;Открытый;Москва, Сколково;2016.02;"ЭПСЧ трибуналы, расследующие преступления против человечности и военные преступления, должны разрешить заключение соглашений о признании вины
* Соглашение о признании вины – сделка обвиняемого и защитника с обвинителем, в которой зачастую обмен на признание обвиняемым (подсудимым) своей вины в менее тяжком преступлении обвинитель отказывается от всестороннего исследования обстоятельств дела, которое прояснило бы истину, а также от поддержания обвинения в более тяжком преступлении"
1494;Р4;Турнир на Диком Западе ;Открытый;Москва, Сколково;2016.02;ЭП предпочтёт мир, в котором еда выступает только как средство удовлетворения потребностей, а не как средство получения удовольствия
1495;Р5;Турнир на Диком Западе ;Открытый;Москва, Сколково;2016.02;ЭП запретит более чем одному представителю от семьи занимать важные политические посты
1496;ПФ;Турнир на Диком Западе ;Открытый;Москва, Сколково;2016.02;"ЭП сожалеет о культе жертв в современном мире
* Культ жертв – поощрение выявления негативного влияния на себя системой дискриминации и придание жертве дискриминации особого морального авторитета"
1497;Ф;Турнир на Диком Западе ;Открытый;Москва, Сколково;2016.02;ЭПСЧ в России мужчинам жить труднее, чем женщинам
1498;Р1;V Зимний Кубок Южного Урала: Холодные игры ;Открытый;Челябинск;2016.02;ЭПСЧ компании могут создавать продукты с любой степенью защиты персональной информации, в том числе недоступные для взлома спец. служб
1499;Р2;V Зимний Кубок Южного Урала: Холодные игры ;Открытый;Челябинск;2016.02;ЭП, будучи Саудовской Аравией, должна снизить добычу нефти
1500;Р3;V Зимний Кубок Южного Урала: Холодные игры ;Открытый;Челябинск;2016.02;ЭП запретит СМИ публиковать информацию о половой, национальной, религиозной принадлежности и сексуальной ориентации фигурантов преступлений и ЧС
1501;Р4;V Зимний Кубок Южного Урала: Холодные игры ;Открытый;Челябинск;2016.02;ЭП запретит коллекторские услуги
1502;Р5;V Зимний Кубок Южного Урала: Холодные игры ;Открытый;Челябинск;2016.02;ЭПСЧ женщина имеет право на компенсацию стоимости аборта от биологического отца ребенка.
1503;ПФ;V Зимний Кубок Южного Урала: Холодные игры ;Открытый;Челябинск;2016.02;ЭПСЧ РФ следует выйти из-под юрисдикции ЕСПЧ (Европейского Суда по правам человека)
1504;Ф;V Зимний Кубок Южного Урала: Холодные игры ;Открытый;Челябинск;2016.02;"ЭП не будет выполнять приказ
* Вы являетесь военнослужащим, вы женаты и у вас есть ребенок. Вы участвуете в оцеплении митинга. Политические взгляды и требования демонстрантов для вас безразличны. 
Полковник отдает вам приказ отдать огонь на поражения по безоружным участникам митинга. Если вы ослушаетесь приказа, вы будете отданы под трибунал. Прямое нарушение приказа карается высшей мерой наказания - смертной казнью."
1505;Р1;II Таллиннский Открытый Кубок ;Открытый;Таллин (Эстония);2016.03;"ЭП сожалеет о распространении идеологии body positive
* Body Positive - движение, направленное на принятие собственного тела и разрушение стереотипов общества по отношению к людям, чья внешность отличается от общепринятого стандарта"
1506;Р2;II Таллиннский Открытый Кубок ;Открытый;Таллин (Эстония);2016.03;ЭП введёт «увольнительные дни» для тюремных заключённых
1507;Р3;II Таллиннский Открытый Кубок ;Открытый;Таллин (Эстония);2016.03;ЭПСЧ НАТО должна исключить Турцию из своих рядов
1508;Р4;II Таллиннский Открытый Кубок ;Открытый;Таллин (Эстония);2016.03;ЭП сожалеет о культивировании идеи борьбы добра со злом в детских сказках
1509;Р5;II Таллиннский Открытый Кубок ;Открытый;Таллин (Эстония);2016.03;ЭП поддерживает создание спортивных ЛГБТ-фанклубов
1510;ПФ;II Таллиннский Открытый Кубок ;Открытый;Таллин (Эстония);2016.03;ЭП разрешит суду присяжных признавать подсудимого невиновным, если он убедит их, что в его случае закон был несправедлив
1511;Ф;II Таллиннский Открытый Кубок ;Открытый;Таллин (Эстония);2016.03;ЭП предпочтёт мир, в котором идеи космополитизма превалируют над идеями патриотизма
1512;Р1;Kazan Open 2016 ;Открытый;Казань;2016.03;ЭП разрешит банкам присваивать и самостоятельно распределять доходы должников по кредитам
1513;Р2;Kazan Open 2016 ;Открытый;Казань;2016.03;"ЭП легализует «юридический аборт»
* Юридический аборт – это процедура, при помощи которой мужчина до 18-ой недели беременности женщины, которая носит его ребёнка, может отказаться от этого ребёнка, теряя все права и обязанности по отношению к нему"
1514;Р3;Kazan Open 2016 ;Открытый;Казань;2016.03;ЭП как Великобритания проголосует за выход из Евросоюза
1515;Р4;Kazan Open 2016 ;Открытый;Казань;2016.03;ЭП сожалеет о распространении культуры «личной эффективности»
1516;Р5;Kazan Open 2016 ;Открытый;Казань;2016.03;ЭПСЧ религиозные деятели не должны комментировать что-либо, не касающееся веры и религии
1517;ПФ;Kazan Open 2016 ;Открытый;Казань;2016.03;ЭП запретит международную торговлю оружием и военной техникой
1518;Ф;Kazan Open 2016 ;Открытый;Казань;2016.03;ЭП выберет реинкарнацию с сохранением сознания вместо рая
1519;Р1;Juventas V: дорогу молодым ;Для новичков;Екатеринбург;2016.03;ЭП установит лимит на ММОРПГ не более 20 часов в неделю
1520;Р2;Juventas V: дорогу молодым ;Для новичков;Екатеринбург;2016.03;ЭП разрешит гражданам определять, на какие статьи расходов пойдут их индивидуальные налоги
1521;Р3;Juventas V: дорогу молодым ;Для новичков;Екатеринбург;2016.03;ЭПС допустимым применение сильнодействующих препаратов солдатами, принимающим участие в боевых действиях
1522;Р4;Juventas V: дорогу молодым ;Для новичков;Екатеринбург;2016.03;ЭПС допустимым «соразмерную» порчу имущества, с помощью которого нарушается закон
1523;Р5;Juventas V: дорогу молодым ;Для новичков;Екатеринбург;2016.03;ЭП введёт 100% налог на наследство
1524;Фмк;Juventas V: дорогу молодым ;Для новичков;Екатеринбург;2016.03;ЭП запретит транслирование на федеральных телеканалах «своднические» шоу
1525;ПФ;Juventas V: дорогу молодым ;Для новичков;Екатеринбург;2016.03;ЭП разрешит использовать осужденных террористов для изъятия органов
1526;Ф;Juventas V: дорогу молодым ;Для новичков;Екатеринбург;2016.03;ЭПС необходимым создавать ограничения (в том числе законодательные) на пути технологических компаний в случае, если их развитие приводит к снижению числа рабочих мест и уровня оплаты
1527;Р1;ВОТ МГУ 2016 ;Открытый;Москва;2016.03;ЭП как правительство Китая сделает юань свободно конвертируемой валютой
1528;Р2;ВОТ МГУ 2016 ;Открытый;Москва;2016.03;ЭП запретит использование личных автомобилей в крупных городах
1529;Р3;ВОТ МГУ 2016 ;Открытый;Москва;2016.03;ЭПСЧ в странах, где легализована проституция, феминистическое движение должно поощрять использование женщинами секс-услуг
1530;Р4;ВОТ МГУ 2016 ;Открытый;Москва;2016.03;"ЭПСЧ частные компании должны предоставлять спецслужбам персональные данные клиентов
* В декабре 2015 г. в США произошёл теракт, и мобильный телефон террористов попал в руки ФБР, которое, однако, не смогло получить доступ к данным, находящимся в нём, т.к. владелец был убит во время спецоперации. ФБР обратилось к компании Apple с просьбой создать программу, позволяющую обойти систему безопасности телефона, к данным которого без пароля не может получить доступ даже Apple, и предоставить подобную технологию ФБР. Компания Apple ответила отказом."
1531;Р5;ВОТ МГУ 2016 ;Открытый;Москва;2016.03;ЭПСЧ право голоса должно даваться лишь тем гражданам, которые платят больше налогов, чем получают денег от государства
1532;ПФ;ВОТ МГУ 2016 ;Открытый;Москва;2016.03;ЭП позволит частным компаниям открыто использовать дискриминацию при найме людей на работу
1533;Ф;ВОТ МГУ 2016 ;Открытый;Москва;2016.03;ЭП поддерживает нетрадиционный подход к выбору цвета кожи, половой идентичности и прочих личных характеристик для устоявшихся персонажей традиционных кинофраншиз и адаптаций
1534;Раунд для разминки;Международная академия дебатов IDEA им. Чингиза Айтматова ;Открытый;Иссык-Куль (Киргизия);2016.03;ЭП будет распространять услуги бесплатной медицинской помощи на нелегальных мигрантов
1535;Раунд для разминки;Международная академия дебатов IDEA им. Чингиза Айтматова ;Открытый;Иссык-Куль (Киргизия);2016.03;ЭП запретит группы ненависти в социальных сетях
1536;Р1;Международная академия дебатов IDEA им. Чингиза Айтматова ;Открытый;Иссык-Куль (Киргизия);2016.03;ЭП запретит жертве домашнего насилия возвращаться к своему насильнику
1537;Р2;Международная академия дебатов IDEA им. Чингиза Айтматова ;Открытый;Иссык-Куль (Киргизия);2016.03;ЭП запретит обряды, которые предусматривают убийства животных
1538;Р3;Международная академия дебатов IDEA им. Чингиза Айтматова ;Открытый;Иссык-Куль (Киргизия);2016.03;ЭП будет ужесточать наказание, если преступление совершено на почве ненависти
1539;Р4;Международная академия дебатов IDEA им. Чингиза Айтматова ;Открытый;Иссык-Куль (Киргизия);2016.03;ЭПСЧ экологические организации должны поддерживать исследования в сфере климатической инженерии.
1540;Р5;Международная академия дебатов IDEA им. Чингиза Айтматова ;Открытый;Иссык-Куль (Киргизия);2016.03;ЭП сожалеет о существовании нарратива колониального прошлого в странах Центральной Азии
1541;ЧФ;Международная академия дебатов IDEA им. Чингиза Айтматова ;Открытый;Иссык-Куль (Киргизия);2016.03;ЭПСЧ государства, которые не принимают антидискриминационные законы в отношение ЛГБТИК, должны активно способствовать безопасному переселению этих лиц в страны с благоприятными для ЛГБТИК условиями
1542;ПФ;Международная академия дебатов IDEA им. Чингиза Айтматова ;Открытый;Иссык-Куль (Киргизия);2016.03;ЭП снимет Дональда Трампа с гонки за пост президента США
1543;Ф;Международная академия дебатов IDEA им. Чингиза Айтматова ;Открытый;Иссык-Куль (Киргизия);2016.03;"ЭП будет бойкотировать предметы искусства (художников, музыкантов, режиссеров и т.д.), авторы которых придерживались дискриминационных взглядов, даже если вы любите эти предметы искусства
* Вы гражданин западной либеральной демократии, который отвергает дискриминацию по признаку религии, пола, сексуальной ориентации или этнической принадлежности"
1544;Показат. игра;Открытый кубок Ямала ;Открытый;Салехард;2016.03;ЭП будет финансировать получение высшего образования для коренных малочисленных народов Севера
1545;Р1;Открытый кубок Ямала ;Открытый;Салехард;2016.03;ЭП будет эвакуировать людей из зон стихийного бедствия независимо от их согласия
1546;Р2;Открытый кубок Ямала ;Открытый;Салехард;2016.03;ЭП будет назначать пожизненное заключение лицам, совершившим третье преступление, вне зависимости от тяжести этого и предыдущих преступлений
1547;Р3;Открытый кубок Ямала ;Открытый;Салехард;2016.03;"ЭП введёт «слепое» голосование
* «Слепое» голосование – голосование, при котором избиратель не видит в бюллетене название партии (кандидата), за которую (ого) голосует, а только основные положения её (его) политической программы."
1548;Р4;Открытый кубок Ямала ;Открытый;Салехард;2016.03;ЭП будет штрафовать родителей за плохие оценки их детей в школах
1549;ПФ;Открытый кубок Ямала ;Открытый;Салехард;2016.03;ЭП сожалеет о популяризации историй успеха бизнесменов без высшего образования
1550;Ф;Открытый кубок Ямала ;Открытый;Салехард;2016.03;ЭП будет давать образование в российских ВУЗах на английском языке
1551;Р1;Турнир Политехнического университета ;Открытый;Санкт-Петербург;2016.03;ЭПСЧ массовая культура должна отказаться от концепта «и жили они долго и счастливо» и показывать более реалистичные картины жизни
1552;Р2;Турнир Политехнического университета ;Открытый;Санкт-Петербург;2016.03;"ЭП предпочтёт мир, где есть роботизированное автономное оружие
* Автономное роботизированное оружие – это оружие, на основе искусственного интеллекта, способное с некоторой долей вероятности принимать самостоятельные боевые решения, преступающие законы человеческой этики, а также выходить из-под контроля"
1553;Р3;Турнир Политехнического университета ;Открытый;Санкт-Петербург;2016.03;Будучи убеждённым республиканцем, ЭП не станет голосовать за Дональда Трампа
1554;Р4;Турнир Политехнического университета ;Открытый;Санкт-Петербург;2016.03;"ЭП не будет препятствовать развитию криптовалют
* Криптовалюта – вид цифровой валюты, эмиссия и учёт которой основан на криптографических методах. Гланые отличия: эмиссия не зависит от государства, т.е. не существует единого центра управления и регуляции; её движение невозможно отследить"
1555;Р5;Турнир Политехнического университета ;Открытый;Санкт-Петербург;2016.03;ЭПСЧ милосердие важнее справедливости
1556;ПФ;Турнир Политехнического университета ;Открытый;Санкт-Петербург;2016.03;ЭПСЧ развитые нации не должны препятствовать распространению пиратских высоких технологий в странах третьего мира
1557;Ф;Турнир Политехнического университета ;Открытый;Санкт-Петербург;2016.03;ЭП как социальные сети (такие как Facebook), как поисковые системы (такие как Google) будут формировать общественное мнение, продвигая прогрессивные ценности
1558;Р1;IV Императорский диспут ;Открытый;Томск;2016.04;ЭПС допустимым публиковать дневники важных исторических фигур после их смерти даже против их воли
1559;Р2;IV Императорский диспут ;Открытый;Томск;2016.04;ЭПСЧ в случае, если кому-то из преследуемых удастся скрыться, нужно все равно срежиссировать его поимку (это про реалити-шоу «Преследуемые»: http://www.gazeta.ru/social/2015/09/16/7759445.shtml)
1560;Р3;IV Императорский диспут ;Открытый;Томск;2016.04;В случаях суда над причастными к репрессиям ЭП будет считать смягчающим обстоятельством искреннюю веру в идеологическую пропаганду режима
1561;Р4;IV Императорский диспут ;Открытый;Томск;2016.04;ЭПСЧ у человека нет морального права использовать самоубийство для привлечения внимания к социальным и политическим проблемам
1562;Р5;IV Императорский диспут ;Открытый;Томск;2016.04;ЭП сожалеет о нарративе «американской мечты»
1563;Фмк;IV Императорский диспут ;Открытый;Томск;2016.04;ЭП предпочтёт жить в мире без этики «солгать, чтобы не обидеть»
1564;ПФ;IV Императорский диспут ;Открытый;Томск;2016.04;ЭП осуждает действия государств по приоритизации одной из групп населения, продиктованные «комплексом вины»
1565;Ф;IV Императорский диспут ;Открытый;Томск;2016.04;ЭП сожалеет о разделении человека на низкое телесное и высокое духовное в западной цивилизации
1566;Р1;II ОТ СПбГУ ;Открытый;Санкт-Петербург;2016.04;ЭП будет ставить оценки в школе не за объективный результат, а за индивидуальный прогресс
1567;Р2;II ОТ СПбГУ ;Открытый;Санкт-Петербург;2016.04;ЭПСЧ в США, в штатах, где марихуана легализована, владеть бизнесом по продаже марихуаны должны только люди, ранее судимые за её распространение
1568;Р3;II ОТ СПбГУ ;Открытый;Санкт-Петербург;2016.04;"ЭП легализует брак с домашними животными
* В данном случае под браком понимается в т.ч. секс"
1569;Р4;II ОТ СПбГУ ;Открытый;Санкт-Петербург;2016.04;"ЭПСЧ государство должно ограничивать, на что человек может тратить безусловный доход
* Безусловный доход – регулярные выплаты определённой суммы каждому члену общества со стороны государства"
1570;Р5;II ОТ СПбГУ ;Открытый;Санкт-Петербург;2016.04;ЭП запретит все средства связи, непроницаемые для спецслужб
1571;ПФ;II ОТ СПбГУ ;Открытый;Санкт-Петербург;2016.04;"ЭП разрешит серый импорт в страны Таможенного Союза
* Серый импорт – ввоз товаров зарегистрированных торговых марок без сопроводительных документов, сертификатов безопасности и оплаты роялти (например, обход правила распространении продукции через одного официального дилера с эксклюзивными правами)"
1572;Ф;II ОТ СПбГУ ;Открытый;Санкт-Петербург;2016.04;ЭПСЧ государство должно гарантировать полные родительские права лицам с психическими и психосоциальными формами инвалидности
1573;Р1;Кубок ТюмГУ ;Открытый;Тюмень;2016.04;"ЭП сожалеет, что крупнейшие федеральные СМИ не обсуждали случай Бобонкуловой
* 29.02.16 в Москве были совершены убийство ребенка и поджог квартиры няней из Узбекистана Бобонкуловой. При допросе женщина объяснила свой поступок действиями России в Сирии. Было установлено, что в Узбекистане женщина проходила лечение в психдиспансере, а также, что незадолго до трагедии её бросил муж."
1574;Р2;Кубок ТюмГУ ;Открытый;Тюмень;2016.04;"ЭП будет наказывать детей-солдат за совершенные ими преступления войны и/или преступления против человечества
* Использование детей-солдат является преступлением войны и наказвывается Международным уголовным судом."
1575;Р3;Кубок ТюмГУ ;Открытый;Тюмень;2016.04;ЭПСЧ мир без концепции романтической любви был бы лучше
1576;Р4;Кубок ТюмГУ ;Открытый;Тюмень;2016.04;ЭПСЧ Россия должна рассторгнуть договор с Северной Кореей об экстрадиции нелегальных северокорейских мигрантов и беженцев
1577;Р5;Кубок ТюмГУ ;Открытый;Тюмень;2016.04;"ЭП введет инклюзивное образование
* Инклюзивное образование - это тип образования, когда обычные дети и дети с ограниченными возможностями учатся вместе"
1578;Фмк;Кубок ТюмГУ ;Открытый;Тюмень;2016.04;ЭП создаст школьные и студенческие организации, подобные октябрятам-пионерам и комсомольцам.
1579;ПФ;Кубок ТюмГУ ;Открытый;Тюмень;2016.04;ЭП предоставит активное избирательное право корпорациям
1580;Ф;Кубок ТюмГУ ;Открытый;Тюмень;2016.04;ЭП сожалеет о создании государства Израиль
1581;Р1;Весенний Внутренний Турнир МГУ-ВШЭ 2016 ;Внутренний;Москва;2016.04;ЭП будет направлять женщин послами в те страны, где систематически нарушаются права женщин
1582;Р2;Весенний Внутренний Турнир МГУ-ВШЭ 2016 ;Внутренний;Москва;2016.04;ЭП будет наказывать пожизненным лишением свободы лиц, совершивших третье преступление, независимо от степени тяжести каждого из этих преступлений.
1583;Р3;Весенний Внутренний Турнир МГУ-ВШЭ 2016 ;Внутренний;Москва;2016.04;ЭПСЧ дешевая нефть приносит западному миру больше вреда, чем пользы.
1584;Р4;Весенний Внутренний Турнир МГУ-ВШЭ 2016 ;Внутренний;Москва;2016.04;ЭПСЧ государства должны принимать беженцев пропорционально своему участию в военном конфликте
1585;Р5;Весенний Внутренний Турнир МГУ-ВШЭ 2016 ;Внутренний;Москва;2016.04;ЭП, будучи атеистом, будет предпринимать активные действия по распространению своих убеждений среди других людей.
1586;Фмк;Весенний Внутренний Турнир МГУ-ВШЭ 2016 ;Внутренний;Москва;2016.04;ЭП будет ставить оценки в школе не за объективный результат, а за индивидуальный прогресс
1587;Ф;Весенний Внутренний Турнир МГУ-ВШЭ 2016 ;Внутренний;Москва;2016.04;ЭП будет способствовать развитию виртуальной реальности и её замещению текущей жизни
1588;Р1;Внутренний турнир Воронежа;Городской;Воронеж;2016.04;ЭПСЧ только коренные народы имеют право определять судьбу предметов своей культуры
1589;Р2;Внутренний турнир Воронежа;Городской;Воронеж;2016.04;ЭП введет субсидии для женщин-бизнесменов
1590;Р3;Внутренний турнир Воронежа;Городской;Воронеж;2016.04;ЭП разрешит корпорациям добывать полезные ископаемые только с согласия большинства населения территории, на которой они расположены
1591;Ф;Внутренний турнир Воронежа;Городской;Воронеж;2016.04;ЭП сожалеет о концепте уникальности каждого человека
1592;Р1;Внутренний турнир Санкт-Петербурга;Городской;Санкт-Петербург;2016.04;"ЭПСЧ если кому-то из преследуемых удастся скрыться, нужно всё равно срежиссировать его поимку
* На британском Channel 4 стартовало реалити-шоу «Преследуемые», в котором обыкновенные граждане пытаются скрыться от команды экспертов из спецслужб Соединённого Королевства, бывших шпионов и агентов ЦРУ"
1593;Р2;Внутренний турнир Санкт-Петербурга;Городской;Санкт-Петербург;2016.04;ЭПСЧ международные союзы должны лишать своих участников права голоса за долги перед другими участниками этих союзов
1594;Р3;Внутренний турнир Санкт-Петербурга;Городской;Санкт-Петербург;2016.04;ЭП, как родитель, не будет убеждать ребёнка, что Дед Мороз существует.
1595;Р4;Внутренний турнир Санкт-Петербурга;Городской;Санкт-Петербург;2016.04;ЭП обяжет образовательные учреждения развитых стран при выборе программ обмена отдавать приоритет поездкам своих студентов в страны третьего мира, а не в развитые страны
1596;Ф;Внутренний турнир Санкт-Петербурга;Городской;Санкт-Петербург;2016.04;"ЭПСЧ общество, в котором принята модель «идеального гражданина», будет лучше
* Государством разработана модель «идеального гражданина», которая даёт гражданам экономические и социальные блага при соответствии или частичном соответствии идеалу. В качестве критериев модели выступают политические взгляды, отношение к религии, общение с другими гражданами, имеющими низкий рейтинг, социальная ответственность и др."
1597;Р1;КУЛЬТЕГИН - 2016 ;Открытый;Астана (Казахстан);2016.04;"Под «вуалью неведения» принимается гипотетическая возможность на время проведения выборов «изъять» из сознания гражданина знание об его статусе, расе, профессии и т. д.
ЭП накроет всех граждан «вуалью неведения» во время проведения выборов властей всех уровней."
1598;Р2;КУЛЬТЕГИН - 2016 ;Открытый;Астана (Казахстан);2016.04;ЭПСЧ волонтерские организации не должны выбирать, кому оказывать помощь в районах гуманитарных и экологических катастроф
1599;Р3;КУЛЬТЕГИН - 2016 ;Открытый;Астана (Казахстан);2016.04;ЭП будет считать половую зрелость партнера достаточным условием для секса по согласию.
1600;Р4;КУЛЬТЕГИН - 2016 ;Открытый;Астана (Казахстан);2016.04;ЭП позволит преступникам отбывать срок не в тюрьме, а на военной службе в горячих точках
1601;Р5;КУЛЬТЕГИН - 2016 ;Открытый;Астана (Казахстан);2016.04;"ЭП будет проводить этот тест при поступлении в больницу всех пациентов группы риска
* Создан тест на выявление неизбежной смерти в течение тридцати дней для пожилых пациентов больниц. Он показывает вероятность смерти в процентах
(тест реально создан: https://lenta.ru/news/2015/01/23/deathtest/)."
1602;ПФ;КУЛЬТЕГИН - 2016 ;Открытый;Астана (Казахстан);2016.04;ЭПСЧ силы, защищающие какие-либо группы интересов (лгбт, этнические меньшинства и т.д.), не должны добиваться от государства цензурного подавления агрессивных высказываний в адрес этих групп
1603;Ф;КУЛЬТЕГИН - 2016 ;Открытый;Астана (Казахстан);2016.04;ЭП предпочтет мир, где лишиться чести и достоинства страшнее, чем лишиться жизни
1604;Р1;VIII ОТ МЛЧ ;Для новичков;Москва;2016.04;ЭП введёт отрицательные голоса на выборах.
1605;Р2;VIII ОТ МЛЧ ;Для новичков;Москва;2016.04;ЭП введет планку чистой прибыли для компаний, при переходе которой процент от прибыли должен уходить на благотворительность
1606;Р3;VIII ОТ МЛЧ ;Для новичков;Москва;2016.04;ЭП запретит религиозным организациям проводить программы реабилитации наркоманов и алкозависимых
1607;Р4;VIII ОТ МЛЧ ;Для новичков;Москва;2016.04;"ЭПСЧ все спортивные клубы должны перейти к такой практике
* Клубы английской премьер-лиги начали следить за аккаунтами игроков и потенциальных новичков в социальных сетях. Для этого они нанимают компании из сферы кибербезопасности. Компании смотрят аккаунты во всех социальных сетях и иногда могут по запросу клуба изучить мессенджеры (открытую информацию в них), обращая внимание на записи, в которых присутствуют около 1000 слов из стоп-списка. В список входят оскорбления на расовой почве, расистские термины, ссылки на экстремистские материалы, признаки злоупотребления алкоголем и наркотиками и т.п."
1608;Р5;VIII ОТ МЛЧ ;Для новичков;Москва;2016.04;ЭП будет заменять пожизненное заключение смертной казнью по требованию осуждённого (в том числе в странах, где смертная казнь отменена)
1609;ЧФ;VIII ОТ МЛЧ ;Для новичков;Москва;2016.04;"ЭП как феминистическое сообщество осуждает это и подобные (перевыпуск с участием только женщин) ему телешоу.
* Недавно канал Discovery выпустил ТВ-шоу с Беаром Гриллс, который является обновлённой версией предыдущего сезона. Суть телешоу заключается в следующем: 10 человек пытаются выжить исключительно за счёт своих сил, а ведущий эксперт по выживанию направляет и комментирует их действия для зрителя. В предыдущей версии в этом телешоу принимали участие как мужчины, так и женщины. В новом сезоне главная фишка заключается в том, что на острове будут 14 женщин, которые будут выживать и сталкиваться с трудностями, т.е. им надо будет добывать огонь, строить жилище, готовить, охотиться и пр. Все женщины разные и ведут себя по-разному, сталкиваясь с различными трудностями"
1610;ПФ;VIII ОТ МЛЧ ;Для новичков;Москва;2016.04;ЭП как Россия откажется от поддержки стран шиитского мира в пользу стран суннитского мира (принадлежность к шиитскому / суннитскому миру определяется по правящей элите, а не по населению)
1611;Ф;VIII ОТ МЛЧ ;Для новичков;Москва;2016.04;ЭП запретит любую продукцию (одежда, аксессуары, beauty-товары и т.п.), кроме unisex
1612;Р1;IV «С Дону выдачи нет!» ;Открытый;Ростов-на-Дону;2016.04;ЭПСЧ если бы Бога не было, то его следовало бы выдумать
1613;Р2;IV «С Дону выдачи нет!» ;Открытый;Ростов-на-Дону;2016.04;ЭП запретит микрофинансовые организации
1614;Р3;IV «С Дону выдачи нет!» ;Открытый;Ростов-на-Дону;2016.04;ЭП запретит прокат фильмов, не прошедших тест Бекдел
1615;Р4;IV «С Дону выдачи нет!» ;Открытый;Ростов-на-Дону;2016.04;ЭП как международное сообщество в лице ООН заберет под свое управление страны, в которых не реализуются минимальные потребности более 30% граждан.
1616;Р5;IV «С Дону выдачи нет!» ;Открытый;Ростов-на-Дону;2016.04;"ЭП как испанская футбольная премьер-лига исключит ""Атлетик Бильбао"" из своего состава до тех пор, пока не будет изменен принцип комплектации команды."
1617;ПФ (частич.);IV «С Дону выдачи нет!» ;Открытый;Ростов-на-Дону;2016.04;ЭПСЧ в СССР люди были более счастливы, чем в современной России
1618;Ф;IV «С Дону выдачи нет!» ;Открытый;Ростов-на-Дону;2016.04;ЭП обяжет старшеклассников посещать такие учреждения, как хосписы, детские дома, дома инвалидов и т. д.
1619;Р1;Top Games 2016 ;Открытый;Челябинск;2016.04;ЭПСЧ государство вправе лечить несовершеннолетних всеми доступными способами, независимо от мнения их родителей.
1620;Р2;Top Games 2016 ;Открытый;Челябинск;2016.04;"ЭП, как ЕС, откажется от соглашения с Турцией, по которому она забирает часть мигрантов в обмен на компенсационную выплату и возобновление переговоров о вступлении в ЕС
* В марте 2016 года между Европейским Союзом и Турцией было подписано соглашение, по которому Турция частично возьмёт на себя нелегальных мигрантов, приехавших в ЕС, а также в дальнейшем будет забирать всех пробравшихся через её территорию новых нелегальных мигрантов взамен на ускорение переговоров о визовой либерализации и присоединении к ЕС и дополнительного финансирования в размере 3 млрд. евро"
1621;Р3;Top Games 2016 ;Открытый;Челябинск;2016.04;ЭП, как ЛГБТ-движение, откажется от проведения любых публичных массовых мероприятий (парады, шествия).
1622;Р4;Top Games 2016 ;Открытый;Челябинск;2016.04;ЭПСЧ выдвижение Дональда Трампом кандидатом в республиканских праймериз – благо для Америки
1623;Р5;Top Games 2016 ;Открытый;Челябинск;2016.04;ЭП позволит людям присоединяться к конфессиям, которые предполагают наказание за неисполнение определённых норм (например, законы шариата)
1624;ПФ;Top Games 2016 ;Открытый;Челябинск;2016.04;ЭПСЧ достижение людьми каких-либо личных целей за счет их внешности не должно осуждаться обществом.
1625;Ф;Top Games 2016 ;Открытый;Челябинск;2016.04;ЭПСЧ военные мемориалы должны чтить память жертв обеих сторон конфликта
1626;Р1;XIII ОК МГЮА ;Открытый;Москва;2016.05;ЭП обяжет компании раскрывать зарплатные ведомости сотрудников
1627;Р2;XIII ОК МГЮА ;Открытый;Москва;2016.05;ЭП сожалеет о распаде СССР
1628;Р3;XIII ОК МГЮА ;Открытый;Москва;2016.05;ЭПСЧ феминистки в Швейцарии должны выступать за равноправный призыв женщин в армию, а не за полную его отмену
1629;Р4;XIII ОК МГЮА ;Открытый;Москва;2016.05;ЭП приветствует подъем правых партий в Европе
1630;Р5;XIII ОК МГЮА ;Открытый;Москва;2016.05;ЭП сделает главным условием предоставления международной помощи бедным странам уровень развития демократии
1631;Р6;XIII ОК МГЮА ;Открытый;Москва;2016.05;ЭП будет преподавать техники сексуального удовлетворения на уроках сексуального воспитания
1632;Р7;XIII ОК МГЮА ;Открытый;Москва;2016.05;ЭП запретит использование политизированной рекламы
1633;Р8;XIII ОК МГЮА ;Открытый;Москва;2016.05;"ЭП запретит пропаганду чайлдфри
* Чайлдфри – субкультура и идеология, характеризующаяся сознательным нежеланием иметь детей. Основная идея – отказ от детей во имя личной свободы и пропаганды бездетного образа жизни"
1634;ПФ;XIII ОК МГЮА ;Открытый;Москва;2016.05;"ЭП поддерживает практику No platform
* No platform – это практика отстранения от публичных выступлений, которая заключается в отказе от приглашения спикеров на какие-либо мероприятия (напр., гостевая лекция в колледже, дебаты, тв-шоу). Понятие возникает из политики, которая использовалась Британским союзом студентов, чтобы не допускать выступлений правых политиков и расистов в колледжах. Обычно связано с такими явлениями как расизм, сексизм, отрицание Холокоста"
1635;Ф;XIII ОК МГЮА ;Открытый;Москва;2016.05;"ЭП поддерживает движение «Розовое сари»
* Розовое сари – это объединение в Индии, в ряды которого входят исключительно женщины. Все они носят униформу (ярко-розовое сари) и вооружены длинной палкой – лати. Представительницы движения считают, что борются с социальными проблемами: часто устраивают самосуд над мужчинами, которые, по их мнению, ушли от наказания за жестокое насилие в отношении женщин. Также прославились защитой прав бедных"
1636;Р1;Полемика 2016 ;Открытый;Санкт-Петербург;2016.05;ЭП запретит все виды азартных игр в РФ (лотереи, букмекерские конторы, казино)
1637;Р2;Полемика 2016 ;Открытый;Санкт-Петербург;2016.05;ЭП запретит финансирование спортивных клубов из государственного бюджета
1638;Р3;Полемика 2016 ;Открытый;Санкт-Петербург;2016.05;ЭП оснастит все тюрьмы специально оборудованными камерами для самоубийств
1639;Р4;Полемика 2016 ;Открытый;Санкт-Петербург;2016.05;ЭПСЧ РФ должна отказаться от практики, в которой Конституционный Суд может отменять решения международных судов
1640;Р5;Полемика 2016 ;Открытый;Санкт-Петербург;2016.05;ЭП как Россия открыто поддержит оппозицию в Турции
1641;ПФ;Полемика 2016 ;Открытый;Санкт-Петербург;2016.05;ЭП отменит все законы о защите чувств верующих
1642;Ф;Полемика 2016 ;Открытый;Санкт-Петербург;2016.05;"ЭП поддерживает реализацию политики русификации
* Политика русификации включает в себя:
1) «денационализацию» субъектов РФ,
2) отмену официального статуса национальных языков,
3) активное продвижение русской гражданской идентичности,
4) приоритет гражданской идентичности над этнической."
1643;Р1;LOGOS ;Открытый;Екатеринбург;2016.05;ЭП закроет российскую космическую программу
1644;Р2;LOGOS ;Открытый;Екатеринбург;2016.05;ЭПСЧ родители должны говорить детям только правду
1645;Р3;LOGOS ;Открытый;Екатеринбург;2016.05;ЭП поддерживает создание независимого Курдистана на территории Ирака
1646;Р4;LOGOS ;Открытый;Екатеринбург;2016.05;ЭП осуждает использование технологий искусственной реальности в порно
1647;Р5;LOGOS ;Открытый;Екатеринбург;2016.05;ЭП установит верхнюю планку благосостояния
1648;ПФ;LOGOS ;Открытый;Екатеринбург;2016.05;ЭП поддерживает сделку с Японией: территории в обмен на ресурсы, технологии, инвестиции
1649;Ф;LOGOS ;Открытый;Екатеринбург;2016.05;ЭП будет погибать молодым
1650;Р1;Внутренний Итоговый Турнир МГУ 2016 ;Внутренний;Москва;2016.05;ЭП обяжет родителей информировать детей о факте их усыновления
1651;Р2;Внутренний Итоговый Турнир МГУ 2016 ;Внутренний;Москва;2016.05;При совершении терактов исламистскими радикальными группировками ЭП сфабрикует доказательство, что теракт был совершен одиночкой - представителем большинства
1652;Р3;Внутренний Итоговый Турнир МГУ 2016 ;Внутренний;Москва;2016.05;"ЭП сожалеет о третьей волне феминизма
* Первая волная феминизма характеризуется борьбой за базовые права женщин (напр., право голосовать). Вторая волна феминизма ратует за то, что все женщины должны объединяться, чтобы бороться с гендерным неравенством. Третья волна не имеет однозначной дефиниции, но в целях данной темы интерпретируется волна, ратующая за предоставление каждой женщине право выбора, должна ли она бороться с неравенством"
1653;Р4;Внутренний Итоговый Турнир МГУ 2016 ;Внутренний;Москва;2016.05;ЭП запретит религиозным учреждениям принимать пожертвования от граждан с доходом ниже среднего по стране
1654;ПФ;Внутренний Итоговый Турнир МГУ 2016 ;Внутренний;Москва;2016.05;ЭП поддерживает выплаты государствами и наднациональными организациями странам, которые соглашаются расселить беженцев на своей территории
1655;Ф;Внутренний Итоговый Турнир МГУ 2016 ;Внутренний;Москва;2016.05;ЭПСЧ силы, защищающие какие-либо группы интересов (лгбт, этнические меньшинства и т.д.), не должны добиваться от государства цензурного подавления агрессивных высказываний в адрес этих групп
1656;Р1;Летний кубок в Санкт-Петербурге;Открытый;Санкт-Петербург;2016.07;В развивающихся странах ЭП запретит ТНК подавать в суд на маленькие и средние компании за нарушение прав интеллектуальной собственности
1657;Р2;Летний кубок в Санкт-Петербурге;Открытый;Санкт-Петербург;2016.07;ЭП введёт более строгое наказание за исполнение приказа, нежели чем за его отдачу в случае военных преступлений
1658;Р3;Летний кубок в Санкт-Петербурге;Открытый;Санкт-Петербург;2016.07;"ЭП разрешит постнатальный аборт
* Постнатальный аборт – это умерщвление ребёнка в течение нескольких дней после его рождения. Во всех странах и ситуациях, где разрешён аборт"
1659;Р4;Летний кубок в Санкт-Петербурге;Открытый;Санкт-Петербург;2016.07;ЭП сожалеет об упадке института «большой семьи»
1660;Р5;Летний кубок в Санкт-Петербурге;Открытый;Санкт-Петербург;2016.07;"ЭПСЧ профессора ВУЗов должны быть политически нейтральны в публичной сфере
* Речь идёт, например, об эмоциональной окраске, фраз «такой-то политик ужасен», но речь не идёт, например, об оценке действующего авторитарного режима, включающей только анализ, статистику, прогнозы"
1661;ПФ;Летний кубок в Санкт-Петербурге;Открытый;Санкт-Петербург;2016.07;ЭП запретит референдум как метод принятия решений
1662;Ф;Летний кубок в Санкт-Петербурге;Открытый;Санкт-Петербург;2016.07;ЭП при освещении последствий Второй Мировой будет делать акцент не на виновности лидеров нацистов и победе коалиции, а на коллективной вине европейского общества
1663;Р1;Джедайский турнир онлайн-школы Next Level;Джедайский (онлайн);Онлайн;2016.07;ЭП сожалеет о яркой упаковке потребительских товаров
1664;Р2;Джедайский турнир онлайн-школы Next Level;Джедайский (онлайн);Онлайн;2016.07;ЭПС оправданным отказ государств в убежище беженцам, если их убеждения противоречат убеждениям большинства
1665;Р3;Джедайский турнир онлайн-школы Next Level;Джедайский (онлайн);Онлайн;2016.07;ЭП как Британия сожалеет о Brexit
1666;Р4;Джедайский турнир онлайн-школы Next Level;Джедайский (онлайн);Онлайн;2016.07;"ЭП запретит финансирование киберкоманд компаниями, которые занимаются ""не этичным бизнесом"" (порно-индустрия, азартный бизнес и т.п.)
* Esports league анонсировали новое правило для участников турниров по компьютерным играм, согласно которому на соревнованиях не могут играть команды, спонсируемые компаниями, занимающимися распространением контента для взрослых. На текущий момент под запрет попали представители Team YP, спонсируемые «YouPorn».
http://venturebeat.com/2016/04/23/esports-league-bans-youporns-pro-gamer-squad/"
1667;Р5;Джедайский турнир онлайн-школы Next Level;Джедайский (онлайн);Онлайн;2016.07;ЭП ограничит свободный доступ к огнестрельному оружию в США
1668;ПФ (частич.);Джедайский турнир онлайн-школы Next Level;Джедайский (онлайн);Онлайн;2016.07;ЭП в развитых странах отменит все возрастные ограничения на труд
1669;Ф;Джедайский турнир онлайн-школы Next Level;Джедайский (онлайн);Онлайн;2016.07;ЭПСЧ в странах СНГ дебатное движение должно быть публичным
1670;Р1;Дебаты и ничего лишнего ;Открытый;Санкт-Петербург;2016.09;ЭПСЧ свобода слова должна включать свободу оскорбления религии
1671;Р2;Дебаты и ничего лишнего ;Открытый;Санкт-Петербург;2016.09;ЭП введёт ограничение на количество партий в парламенте
1672;Р3;Дебаты и ничего лишнего ;Открытый;Санкт-Петербург;2016.09;ЭП сожалеет о существовании курсов, формирующих гендерные нормативы
1673;Р4;Дебаты и ничего лишнего ;Открытый;Санкт-Петербург;2016.09;В случае начала добычи полезных ископаемых с других планет, ЭП будет делить прибыль между всеми жителями Земли
1674;Р5;Дебаты и ничего лишнего ;Открытый;Санкт-Петербург;2016.09;В странах, где легализована эвтаназия, ЭПСЧ право на неё должно быть у всех людей (необязательно страдать неизлечимой болезнью)
1675;ПФ;Дебаты и ничего лишнего ;Открытый;Санкт-Петербург;2016.09;"ЭП скроет диагноз ото всех
* Вы – врач Хиллари Клинтон, поддерживающий партию демократов. Вы узнаёте, что она смертельно больна и умрёт в течение года."
1676;Ф;Дебаты и ничего лишнего ;Открытый;Санкт-Петербург;2016.09;ЭПСЧ государство не должно транслировать, что является правильным образом жизни
1677;Р1;XV Кубок Сибири ;Открытый;Новосибирск;2016.09;ЭП запретит IT-компаниям выдвигать ультимативные правила конфиденциальности, кроме технически необходимых для функционирования ПО
1678;Р2;XV Кубок Сибири ;Открытый;Новосибирск;2016.09;ЭПСЧ законодательный суверенитет стран не должен распространяться на экологическое законодательство
1679;Р3;XV Кубок Сибири ;Открытый;Новосибирск;2016.09;ЭПСЧ афроамериканское население должно поддерживать подобные случаи смены расы (социальной или реальной)
1680;Р4;XV Кубок Сибири ;Открытый;Новосибирск;2016.09;"ЭПСЧ все судебные системы, использующие суды присяжных, должны признавать право на нуллифицирующий вердикт
* Нуллифицирующий вердикт суда присяжных (англ. jury nullification) — конституционная доктрина в англо-саксонской правовой семье и, косвенно, в некоторых континентальных правовых системах, позволяющая присяжным оправдать подсудимых в уголовном процессе, когда юридически они являются виновными, но заслуживают освобождения от наказания. Происходит в суде, когда присяжные выносят вердикт вопреки инструкции судьи о соответствии закону. "
1681;Р5;XV Кубок Сибири ;Открытый;Новосибирск;2016.09;ЭПСЧ все государственные и общественные мероприятия, связанные с трауром, должны быть религиозно нейтральными
1682;Р6;XV Кубок Сибири ;Открытый;Новосибирск;2016.09;ЭПСЧ для достижения гендерного равноправия распространение идеи верности одному партнеру среди мужчин лучше, чем нормализация активной сексуальной жизни со многими партнерами для женщин
1683;ПФ;XV Кубок Сибири ;Открытый;Новосибирск;2016.09;ЭПСЧ государство не должно ни в каких формах предоставлять защиту от культурной апроприации
1684;Ф;XV Кубок Сибири ;Открытый;Новосибирск;2016.09;ЭП сожалеет о культе взросления
1685;Р1;Pro et Contra VI ;Открытый;Екатеринбург;2016.10;ЭП всегда будет раскрывать настоящую причину смерти известных личностей, если причиной послужили наркотики или алкогольная зависимость
1686;Р2;Pro et Contra VI ;Открытый;Екатеринбург;2016.10;ЭПСЧ университеты не должны создавать моральные и этические кодексы, которые ограничивали бы право свободы, кроме случаев, которые запрещаются на уровне законов государства
1687;Р3;Pro et Contra VI ;Открытый;Екатеринбург;2016.10;"ЭП сожалеет о широком распространении в современном киноматографе модели ""во все тяжкие"" (когда смертельно больные люди начинают жить последнии дни разгульно, нарушать законы, пытаться объять необъятное)"
1688;Р4;Pro et Contra VI ;Открытый;Екатеринбург;2016.10;Вы – руководитель восстания, в ходе которого был свергнут и убит жестокий диктатор. ЭП не будет скрывать место его захоронения, а похоронит открыто в столице
1689;Р5;Pro et Contra VI ;Открытый;Екатеринбург;2016.10;ЭПСЧ экстремальные методы привлечения внимания к проблеме приносят больше вреда, чем пользы
1690;ПФ;Pro et Contra VI ;Открытый;Екатеринбург;2016.10;ЭП сожалеет о концепции супружеского долга
1691;Ф;Pro et Contra VI ;Открытый;Екатеринбург;2016.10;ЭП предпочтёт жить в мире, где распространена дарономика
1692;Р1;Кубок РЭУ ;Открытый;Москва;2016.10;ЭП заберет у наследников право распоряжаться интеллектуальной собственностью
1693;Р2;Кубок РЭУ ;Открытый;Москва;2016.10;ЭП обяжет организации и движения, борющиеся за гендерное равенство, уделять равное внимание защите женщин и мужчин
1694;Р3;Кубок РЭУ ;Открытый;Москва;2016.10;"ЭП как Саудовская Аравия откажется от сокращения добычи нефти
* 28 сентября 2016 г. на неформальной встрече ОПЕК было принято решение ограничить объём нефтедобычи на 796 тыс. баррелей в сутки. Вместе с тем, Саудовской Аравии следует снизить добычу на 400 тыс. баррелей, Ирану рекомендованная квота позволяет увеличить добычу на 52 тыс. баррелей. Нигерию и Ливию предлагают освободить от ограничения добычи"
1695;Р4;Кубок РЭУ ;Открытый;Москва;2016.10;ЭП поддерживает сокрытие фактов негативных последствий использования инновационных технологий
1696;Р5;Кубок РЭУ ;Открытый;Москва;2016.10;ЭП будет укреплять роль традиционного ислама в регионах с преобладанием мусульманского населения
1697;ПФ;Кубок РЭУ ;Открытый;Москва;2016.10;В случае, если у представителя этнического меньшинства есть возможность поступить в престижный колледж, где преимущественно учатся представители этнического большинства, либо поступить в обычный колледж «для своих» (где, скорее всего, большинство учащихся – представители такого же этнического меньшинства), ЭПСЧ правильным выбором будет первый вариант
1698;Ф;Кубок РЭУ ;Открытый;Москва;2016.10;ЭП выступает за разделение секса и чувств (любви) в культуре и общественном дискурсе
1699;Р1;Кубок им. Жданова ;Открытый;Ростов-на-Дону;2016.10;ЭП сделает ЕГЭ по истории обязательным экзаменом
1700;Р2;Кубок им. Жданова ;Открытый;Ростов-на-Дону;2016.10;ЭП как верующий, чья религия считает аборт убийством, будет выступать за общественное осуждение абортов, но не за их запрет на государственном уровне
1701;Р3;Кубок им. Жданова ;Открытый;Ростов-на-Дону;2016.10;ЭП запретит продавать оружие в страны, где идет гражданская война
1702;Р4;Кубок им. Жданова ;Открытый;Ростов-на-Дону;2016.10;ЭП сожалеет об оправдании сталинских репрессий отсылками к исторической необходимости
1703;Р5;Кубок им. Жданова ;Открытый;Ростов-на-Дону;2016.10;ЭП в странах с ограничениями рождаемости разрешит продавать право на ребенка
1704;ПФ;Кубок им. Жданова ;Открытый;Ростов-на-Дону;2016.10;"ЭП не будет конфисковывать пенсионные накопления, даже если не существует иных способов сбалансировать пенсионный бюджет
* После распада социалистического блока многие страны Восточной Европы, включая Россию, внедрили у себя те или иные элементы накопительных пенсионных систем. При накопительной пенсионной системе часть зарплаты у работника изымается и вносится на его личный счёт, где накапливается и инвестируется в ценные бумаги, акции и т.п. В старости пенсия выплачивается из этих накоплений, а также доходов от инвестирования. Одновременно они сохранили солидарные пенсионные системы, в которых пенсии текущим пенсионерам платятся из налогов действующих работников. В 1990-2000-е годы практически все эти страны столкнулись с необходимостью конфисковать пенсионные накопления. Это было связано с тем, что в противном случае не удалось бы сбалансировать пенсионный бюджет, не повышая налоги и не отказываясь от обязательств перед действующими пенсионерами."
1705;Ф;Кубок им. Жданова ;Открытый;Ростов-на-Дону;2016.10;"ЭП, как армянская диаспора, откажется от любых притязаний на Западную Армению
* Западная Армения - регион Турции, до 1915 года преимущественно населенный армянами. На её территории расположен ряд сакральных для армян объектов, начиная от горы Арарат. В результате геноцида 1915 года большинство армян, проживавших на данной территории, были депортированы или убиты. Потомки депортированных армян образуют диаспоры в разных странах (800 тысяч во Франции, 400 тысяч в США, более миллиона – в РФ, порядка 200 тысяч – в Сирии).Представительные органы диаспор требуют от Турции передать этот регион в состав Армении или по крайней мере разрешить потомкам депортированных армян вернуться на свою историческую родину. Государство Армения не предъявляет ни одного из этих требований. Однако позиция диаспор по данному вопросу является одной из причин плохих отношений Армении с Турцией (в частности, Турция поддерживает Азербайджан в конфликте о Нагорном Карабахе)."
1706;Р1;Слово молодым ;Для новичков;Санкт-Петербург;2016.10;ЭП легализует проституцию
1707;Р2;Слово молодым ;Для новичков;Санкт-Петербург;2016.10;ЭПСЧ западные страны должны призвать правительство Колумбии к игнорированию результатов референдума по РВСК
1708;Р3;Слово молодым ;Для новичков;Санкт-Петербург;2016.10;ЭПС китайское экономическое чудо неоправданным
1709;Р4;Слово молодым ;Для новичков;Санкт-Петербург;2016.10;ЭП введет обязательное инклюзивное образование (в школах и высших учебных заведениях)
1710;Р5;Слово молодым ;Для новичков;Санкт-Петербург;2016.10;ЭП запретит использование животных в цирках, зоопарках, дельфинариях
1711;ЧФ;Слово молодым ;Для новичков;Санкт-Петербург;2016.10;ЭП запретит самоотвод присяжных в России
1712;ПФ;Слово молодым ;Для новичков;Санкт-Петербург;2016.10;"ЭП отменит ст.282 УК РФ
* УК РФ, статья 282. Возбуждение ненависти либо вражды, а равно унижение человеческого достоинства."
1713;Ф;Слово молодым ;Для новичков;Санкт-Петербург;2016.10;ЭПСЧ всех детей должно воспитывать государство
1714;Р1;Джедайский турнир МГУ 2016 ;Джедайский;Москва;2016.10;"ЭП запретит включать соглашения о неконкуренции в договор между работодателями и работниками
* Существует практика: работник и работодатель могут внести в трудовой договор пункт, запрещающий работнику в случае прекращения трудовых отношений какой-то промежуток времени работать у конкурента бывшего работодателя или открывать свою компанию в сфере деятельности бывшего работодателя (став таким образом его конкурентом). Бывают разные варианты: бессрочные или срочные; в случае увольнения работодателем или во всех случаях и пр."
1715;Р2;Джедайский турнир МГУ 2016 ;Джедайский;Москва;2016.10;ЭП обяжет всех лиц, которые собирают пожертвования на лечение пациентов, страдающих смертельными болезнями, предоставлять прогноз выживаемости пациента, сделанный квалифицированной медицинской комиссией
1716;Р3;Джедайский турнир МГУ 2016 ;Джедайский;Москва;2016.10;"ЭП сожалеет о существовании системы международного инвестиционного арбитража
* Международный инвестиционный арбитраж – процедура урегулирования спора между иностранным инвестором и государством, принимающим инвестиции, по обращению инвестора в связи с нарушением государством обязательств, вытекающих из международного договора о защите инвестиций. Под нарушением могут пониматься в т.ч. изменения в финансовом, экологическом и др. законодательстве государства, принимающего инвестиции. Решения арбитража имеют обязательную силу и обычно предусматривают выплату компенсации."
1717;Р4;Джедайский турнир МГУ 2016 ;Джедайский;Москва;2016.10;ЭП, как высокопоставленный член Республиканской партии, публично откажется от поддержки Трампа на президентских выборах
1718;Р5;Джедайский турнир МГУ 2016 ;Джедайский;Москва;2016.10;ЭП обяжет производителей секс-роботов программировать их на процедуру согласия (т.е. роботы могут отказаться заниматься сексом)
1719;Фмк;Джедайский турнир МГУ 2016 ;Джедайский;Москва;2016.10;ЭПСЧ при освещении СМИ человеческих страданий, причиненных другими людьми, цензура не должна применяться
1720;ПФ;Джедайский турнир МГУ 2016 ;Джедайский;Москва;2016.10;ЭПСЧ страны, которые перестали быть колониями, не должны сожалеть о своем колониальном прошлом при освещении (преподавании) истории страны
1721;Ф;Джедайский турнир МГУ 2016 ;Джедайский;Москва;2016.10;ЭПСЧ Международный олимпийский комитет должен учредить лигу трансгендеров на всех соревнованиях
1722;Р1;IX КП МГЮА ;Открытый;Москва;2016.10;ЭП легализует детский труд в развитых странах
1723;Р2;IX КП МГЮА ;Открытый;Москва;2016.10;"ЭП поддерживает использование Jigsaw
* Google активно разрабатывает новую глобальную самообучающуюся нейросеть Jigsaw, которая будет активно выискивать любые комментарии, содержащие оскорбительный контент (расистский, сексистский, исламофобский, др), и автоматически их удалять (программа создаёт шкалу оценки, по которой оценивается комментарий, и компании сами могут выставлять порог, при прохождении которого комментарий удаляется)."
1724;Р3;IX КП МГЮА ;Открытый;Москва;2016.10;"ЭП, как Россия, согласится на условия Саудовской Аравии
* Глава МИД Саудовской Аравии Адель аль-Джубейр заявил в интервью, что Саудовская Аравия готова предложить России экономическое сотрудничество со странами Персидского залива и крупные инвестиции, потенциал которых выше китайского, в обмен на отказ Москвы от поддержки сирийского лидера Башара Асада."
1725;Р4;IX КП МГЮА ;Открытый;Москва;2016.10;ЭПСЧ Запад должен поддержать действующее правительство Эфиопии
1726;Р5;IX КП МГЮА ;Открытый;Москва;2016.10;"ЭП как католическая церковь осудит действия SOLI и подобных религиозных организаций
* Организация Sons Of Liberty International — христианская частная некоммерческая военная корпорация. Компания создана с целью обучения военному делу боевых групп. Основным направлением SOLI является поддержка христианских группировок и христианских жителей Ближнего Востока. По заявлению главы компании, SOLI помогает христианам бороться за свои земли."
1727;Фмк;IX КП МГЮА ;Открытый;Москва;2016.10;ЭП приветствует распространение среди молодёжи образа успешного человека-начинающего предпринимателя
1728;ПФ;IX КП МГЮА ;Открытый;Москва;2016.10;ЭП не будет отстранять учителей от работы при обнаружении фактов, подтверждающих их участие в съёмках в порно-фильмах
1729;Ф;IX КП МГЮА ;Открытый;Москва;2016.10;ЭП сожалеет о культе счастья (состоянии, которое человек должен показывать для того, чтобы общество нормально принимало его)
1730;Р1;McKinsey Debate Cup;Открытый;Москва;2016.11;ЭП сожалеет о моде на ЗОЖ (здоровый образ жизни)
1731;Р2;McKinsey Debate Cup;Открытый;Москва;2016.11;"ЭП обяжет крупные компании с государственным участием создавать корпоративные венчурные фонды.
* Корпоративные венчурные фонды – это фонды, которые создаются корпорациями, у которых, как правило, несколько функций:
1. Финансируют высокорисковые компании, т.е. те компании, которые потенциально могут принести большую прибыль, но далеко не факт, что смогут «выстрелить». Как правило, приводят такую статистику: из 10 проектов 5-6 уйдут «в утиль», 1-2 уйдут в ноль, парочка принесет прибыль, 1 принесёт существенную прибыль.
2. Наращивание стратегического преимущества (эта функция важнее).
3. Поиск субподрядчиков, которые создадут продукт, который нужен компании.
4. Компания стремится к диверсификации / выходит в новые сегменты"
1732;Р3;McKinsey Debate Cup;Открытый;Москва;2016.11;ЭП запретит изъятие домашних животных должников в ходе исполнительного производства
1733;Р4;McKinsey Debate Cup;Открытый;Москва;2016.11;ЭПСЧ родители должны сообщать детям о факте их усыновления до наступления совершеннолетия
1734;Р5;McKinsey Debate Cup;Открытый;Москва;2016.11;ЭПСЧ выборы должны быть открытыми
1735;ПФ;McKinsey Debate Cup;Открытый;Москва;2016.11;ЭП обяжет мужчин и женщин брать по 50% декретного отпуска (отпуска по уходу за ребенком)
1736;Ф;McKinsey Debate Cup;Открытый;Москва;2016.11;ЭП сожалеет о флешмобе #яНеБоюсьСказать
1737;Р1;Осенний Внутренний Турнир МГУ-МГТУ-РУДН 2016;Внутренний;Москва;2016.11;"ЭП (Япония) откажется от статьи 9 конституции
* В 1947 г. в Японии была принята конституция, написанная под контролем США, в которую с тех пор не вносили никаких изменений. Статья 9 конституции гласит, что Япония «отказывается от войны…, а также от угрозы или применения вооруженной силы как средства разрешения международных споров… никогда впредь не будут создаваться сухопутные, морские и военно-воздушные силы, равно как и другие средства войны». Трактовка этой нормы позволяет несколько смягчить ограничение статьи 9, что проявляется в а) наличии Сил самообороны (по сути, небольшие по сравнению с другими странами Вооруженные Силы), б) том, что японский оборонный бюджет за 2014 год – девятый по величине в мире.
Т.о., современная трактовка статьи 9 предусматривает, что: 1. на оборону стабильно уходит не более 1% ВВП Японии (самый низкий показатель среди лидеров рейтинга; 9-е место Япония занимает за счёт сильной экономики и большого населения); 2. запрещено использовать Силы самообороны за пределами Японии, в т.ч. в качестве миротворческих сил и в рамках коллективной самообороны."
1738;Р2;Осенний Внутренний Турнир МГУ-МГТУ-РУДН 2016;Внутренний;Москва;2016.11;ЭП осудит наличие пабликов в социальных сетях, прямо или косвенно связанных с суицидом среди подростков
1739;Р3;Осенний Внутренний Турнир МГУ-МГТУ-РУДН 2016;Внутренний;Москва;2016.11;ЭП запретит показ в кинофильмах сцен с супружеской изменой
1740;Р4;Осенний Внутренний Турнир МГУ-МГТУ-РУДН 2016;Внутренний;Москва;2016.11;ЭП будет строить социальное жильё для бедных в богатых районах
1741;ПФ;Осенний Внутренний Турнир МГУ-МГТУ-РУДН 2016;Внутренний;Москва;2016.11;"Вы – родители 15-летней девочки. Вы планировали отправить свою дочь в престижную школу с упором на важный для вас профиль. Поступление дочери в эту школу было для вас важным. Ваш выбор поддерживала ваша дочь. Достойных альтернатив у этой школы нет (либо они вне ваших возможностей).
Недавно разразился скандал: в этой школе на протяжении многих лет один учитель вступал в романтические отношения с девочками. Отношения с некоторыми из этих девочек подразумевали сексуальные отношения. Принуждения, насилия, изнасилования не было. Этот учитель уволен руководством школы. Неизвестно, есть ли в этой школе ещё подобные учителя.
ЭП откажется от отправки своего ребёнка в эту школу"
1742;Ф;Осенний Внутренний Турнир МГУ-МГТУ-РУДН 2016;Внутренний;Москва;2016.11;ЭПСЧ российское правозащитное движение должно защищать не борцов с режимом, а жертв режима
1743;Р1;II Осенний турнир в Воронеже;Открытый;Воронеж;2016.11;"ЭП легализует самозастройку в Республике Крым
* На полуострове Крым порядка 30 тысяч объектов самостроя, возведенных без государственного разрешения и нигде не зарегистрированных. Значительная часть из них – это «времянки», временные дома крымских татар, которые в 90ых годах возвращались на историческую родину после депортации и не имели возможности получить легальное жилье по украинскому законодательству того времени. Руководство республики Крым неоднократно заявляло о необходимости сноса объектов самостроя"
1744;Р2;II Осенний турнир в Воронеже;Открытый;Воронеж;2016.11;"ЭП сожалеет о расширении компании Disney
* 2006 компания Disney купила мультипликационную студию Pixar за 7,4 миллиарда долларов. В 2009 – Marvel Comics за 4 миллиарда долларов. В 2012 – Lucasfilm также за 4 миллиарда долларов. Disney получает огромные прибыли от производства фильмов киновселенной Marvel (14 фильмов, общие сборы перевалили за 10 миллиардов). Фильм «Звездные Войны. Пробуждение силы» собрали больше 2 миллиардов долларов (третий фильм по кассовым сборам в истории), планируется ещё два фильма в трилогии, а также несколько других фильмов по вселенной «Звездных войн» (фильм о повстанцах «Изгой-Один», фильм про молодого Хана Соло и так далее)."
1745;Р3;II Осенний турнир в Воронеже;Открытый;Воронеж;2016.11;ЭПСЧ страны бывшей Югославии должны договориться о единой трактовке событий югославских войн 1991 – 2001 гг.
1746;Р4;II Осенний турнир в Воронеже;Открытый;Воронеж;2016.11;"ЭП создаст церковь для атеистов, основанную на принципах светского гуманизма
* Светский гуманизм - одно из направлений современной философии гуманизма, мировоззрение, которое провозглашает человека, его право на счастье, развитие и проявление своих положительных способностей наивысшей ценностью. Гуманистическое мировоззрение противопоставляется религиозному, не признаёт существования сил, стоящих выше человека и природы. Светский гуманизм утверждает способность и обязанность вести этический образ жизни без привлечения гипотезы о существовании Бога, отвергает религиозную веру как принципиально иллюзорный способ ориентации человека в мире.В основе светского гуманизма лежат, в частности, такие принципы, как свобода исследований, прессы и средств коммуникации; отделение церкви от государства; идеал свободы; этика, основанная на критическом мышлении; религиозный скептицизм и некоторые другие."
1747;Р5;II Осенний турнир в Воронеже;Открытый;Воронеж;2016.11;ЭП будет активно пропагандировать идею о том, что особое отношение и особые чувства к детям-сиротам приносит больше вреда, чем пользы
1748;Р6;II Осенний турнир в Воронеже;Открытый;Воронеж;2016.11;ЭП продаст Китаю и Японии право на освоение Дальнего Востока
1749;Ф;II Осенний турнир в Воронеже;Открытый;Воронеж;2016.11;ЭП сожалеет о распространении идеи о необходимости «оставить что-то после себя»
1750;Р1;VI Открытый кубок ЮУрГУ;Открытый;Челябинск;2016.11;ЭП ужесточит налоговую ставку по отношению ко всем видам бизнеса, занимающихся исключительно перераспределением ресурсов
1751;Р2;VI Открытый кубок ЮУрГУ;Открытый;Челябинск;2016.11;ЭП как феминистическое сообщество, выступит против назначения Чудо-женщины на пост посла ООН по защите прав и возможностей женщин и девочек
1752;Р3;VI Открытый кубок ЮУрГУ;Открытый;Челябинск;2016.11;ЭП ограничит миграцию боеспособного населения из стран, чьи правительства ведут войну против терроризма
1753;Р4;VI Открытый кубок ЮУрГУ;Открытый;Челябинск;2016.11;ЭП криминализует отказ предоставлять пароли для расшифровывания персональной информации подозреваемыми в тяжелых преступлениях, даже при отсутствии других доказательств
1754;Р5;VI Открытый кубок ЮУрГУ;Открытый;Челябинск;2016.11;"ЭП как движение новых атеистов считает поощрение межрелигиозных конфликтов допустимым методом ведения борьбы
* Новый атеизм – условное название системы взглядов, в основе которой лежат представление о религии как о болезни современного общества, с которой нужно активно бороться, и опровержение базовых положений религии (например, о существовании бога) с помощью научного метода."
1755;Фмк;VI Открытый кубок ЮУрГУ;Открытый;Челябинск;2016.11;ЭП будет предоставлять органы для трансплантации в первую очередь социально значимым и полезным людям
1756;ПФ;VI Открытый кубок ЮУрГУ;Открытый;Челябинск;2016.11;ЭП позволит людям, осужденным на непродолжительное тюремное заключение, заменить его публичным телесным наказанием
1757;Ф;VI Открытый кубок ЮУрГУ;Открытый;Челябинск;2016.11;"ЭП (в лице демократической партии) сожалеет о внутрипартийном сговоре против Берни Сандерса
* 22 июля 2016 года Викиликс обнародовала похищенные письма накануне съезда Демократической партии, на котором состоялась формальная номинация Хиллари Клинтон в кандидаты на выборах Президента США 2016 года. Из обнародованных писем следовало, что Национальный комитет Демократической партии на праймериз отдавал предпочтение Хиллари Клинтон перед Берни Сандерсом. Вследствие вызванного этим разоблачением скандала председатель Национального комитета Демократической партии Дебби Вассерман-Шульц была вынуждена срочно уйти в отставку. Мы презюмируем, что опубликованные письма содержали правдивую информацию"
1758;Р1;IX ОТ МЛЧ;Для новичков;Москва;2016.11;ЭП предоставит журналистский иммунитет на расследования, в ходе которых может быть нарушена корпоративная/государственная тайна или частная информация
1759;Р2;IX ОТ МЛЧ;Для новичков;Москва;2016.11;ЭП национализирует фармацевтические компании
1760;Р3;IX ОТ МЛЧ;Для новичков;Москва;2016.11;ЭПСЧ Сербии стоит признать независимость Косово
1761;Р4;IX ОТ МЛЧ;Для новичков;Москва;2016.11;" ЭП, как страны Европы, откажется от политики мультикультурализма в пользу melting pot
* Мультикультурализм — политика, направленная на сохранение и развитие в отдельно взятой стране и в мире в целом культурных различий. Данная политика получила распространение в странах Европы.Melting pot (плавильный котел) - политика, направленая на слияние всех культур в одну. Данная политика получила своё распространение в США."
1762;Р5;IX ОТ МЛЧ;Для новичков;Москва;2016.11;"ЭП сожалеет о разработке и последующей продаже данных таблеток
* Существуют разработки ""таблетки"", которая позволяет изменять оттенок кожи как на более светлый, так и на более темный"
1763;ЧФ;IX ОТ МЛЧ;Для новичков;Москва;2016.11;"ЭП сожалеет о распространении практики slutwalk
* SlutWalk — международный марш-протест за права женщин. Участницы (составляющие большинство) и участники марша протестуют против стереотипа, оправдывающего поведение насильника вызывающим или слишком привлекательным внешним видом жертвы, и призывают положить конец культуре изнасилования. Протест принял форму марша, участницами которого были в основном молодые женщины, некоторые специально нарядившиеся в костюмы, напоминающие «рабочую одежду» проституток"
1764;ПФ;IX ОТ МЛЧ;Для новичков;Москва;2016.11;ЭП считает использование гражданского населения противника как живого щита допустимым методом ведения войны
1765;Ф;IX ОТ МЛЧ;Для новичков;Москва;2016.11;"ЭП создаст базу социального доверия
* Правительство Китая собирается к 2020 году построить общенациональную базу данных, которая позволит оценить благонадёжность каждого гражданина.В базу «социального доверия» будут попадать данные из судов, полиции, банков, налоговой службы, а также из соцсетей, онлайн-магазинов и с места работы. На основании этой информации каждый гражданин Китая получит рейтинг политического, коммерческого, социального и правового доверия"
1766;Р1;ПолитЭк МГУ 2016;Открытый;Москва;2016.12;ЭП поддерживает политику США по государственному вмешательству с целью ограничения вывода рабочих мест корпорациями в другие страны
1767;Р2;ПолитЭк МГУ 2016;Открытый;Москва;2016.12;"ЭП (Украина) сожалеет о Евромайдане 2013 - 2014 гг.
* В данной резолюции, играя от Украины, мы играем от интересов жителей Украины, в т.ч. Донбасса, но не от жителей Крыма"
1768;Р3;ПолитЭк МГУ 2016;Открытый;Москва;2016.12;"ЭП (ЕС) введёт высокие торговые пошлины и визовый режим с Великобританией
* В данной резолюции, играя от ЕС, мы играем от интересов жителей ЕС, но не от жителей Великобритании"
1769;Р4;ПолитЭк МГУ 2016;Открытый;Москва;2016.12;"ЭП вернётся к золотому стандарту
* Золотой стандарт — это монетарная система, в которой основной единицей расчётов является некоторое стандартизированное количество золота. В экономике, построенной на основе золотого стандарта, гарантируется, что каждая выпущенная денежная единица может по первому требованию обмениваться на соответствующее количество золота. При расчётах между государствами, использующими золотой стандарт, устанавливают фиксированный обменный курс валют на основе соотношения этих валют к единице массы золота"
1770;Р5;ПолитЭк МГУ 2016;Открытый;Москва;2016.12;"ЭП (международное сообщество):
1) признает Исламское Государство в качестве суверенного государства в границах контролируемой им на данный момент территории,
2) откажется от боевых действий против ИГ,
3) гарантирует (на некоторое время) защиту от агрессивных действий любого государства,
ПРИ УСЛОВИИ:
а) отказа ИГ от наступательных боевых действий,
б) предоставления временного (на несколько недель) права выезда любых лиц из ИГ"
1771;Ф;ПолитЭк МГУ 2016;Открытый;Москва;2016.12;"ЭП предпочтёт мир, в котором Россия оккупирована странами Запада
* Мы презюмируем, что в процессе оккупации не происходило масштабных боевых действий, в т.ч. с использованием ядерного оружия"
1772;Р1;XIII Кубок Манаса ;Открытый;Бишкек (Киргизия);2016.12;ЭП сделает обязательным периодическое посещение тюрем каждым гражданином
1773;Р2;XIII Кубок Манаса ;Открытый;Бишкек (Киргизия);2016.12;ЭП откажет в правах роботам даже при их полной идентичности человеку
1774;Р3;XIII Кубок Манаса ;Открытый;Бишкек (Киргизия);2016.12;ЭП запретит все виды «товарной» благотворительности
1775;Р4;XIII Кубок Манаса ;Открытый;Бишкек (Киргизия);2016.12;ЭП введет прямые выборы Президента США
1776;Р5;XIII Кубок Манаса ;Открытый;Бишкек (Киргизия);2016.12;ЭПСЧ социально одобряемое может быть причиной первоочерёдного предоставления человеку государственных услуг
1777;ПФ;XIII Кубок Манаса ;Открытый;Бишкек (Киргизия);2016.12;ЭП предпочитает модель межклубной конкуренции модели объединения клубов
1778;Ф;XIII Кубок Манаса ;Открытый;Бишкек (Киргизия);2016.12;ЭП будет руководствоваться «презумпцией дееспособности» в отношении ребёнка, с максимально раннего возраста
1779;Р1;Слова 2016 ;Открытый;Санкт-Петербург;2016.12;"ЭП запретит СМИ освещать суициды и попытки самоубийства
* Под «освещением» в СМИ в этом раунде понимается не только публикация информации о конкретном событии, но и расследование подробностей этого события, его причин и последствий, а также любой другой анализ конкретного события. Не путать с анализом причин и последствий явления в целом"
1780;Р2;Слова 2016 ;Открытый;Санкт-Петербург;2016.12;"ЭП сожалеет о распространении «левых» взглядов в западных университетах
* Под «левыми взглядами» судейская коллегия в этом раунде понимает идеи борьбы за социальное равноправие (в том числе радикальными способами), критику капиталистического устройства западного мира и другие антизападные настроения, романтизацию социалистических идей и лидеров (например, лидеров кубинской революции)"
1781;Р3;Слова 2016 ;Открытый;Санкт-Петербург;2016.12;ЭПСЧ все музеи, галереи и культурные организации должны предоставить право вернуть культурные ценности (экспонаты) тем странам или сообществам, у которых они были изъяты
1782;Р4;Слова 2016 ;Открытый;Санкт-Петербург;2016.12;"ЭП откажется от запретов на причинение дискомфорта, боли и вреда испытуемым в ходе социальных и психологических экспериментов.
* В качестве примера ГС-коллегия привела Стэнфордский тюремный эксперимент (1971 г.)"
1783;Р5;Слова 2016 ;Открытый;Санкт-Петербург;2016.12;"ЭП будет вносить в ""черный список"" и (или) отказывать в лечении пациентам, систематически симулирующим болезни.
* «Синдром Мюнхгаузена» или симулятивное расстройство – психическое расстройство, при  котором человек симулирует, преувеличивает или намеренно вызывает у себя симптомы болезни, чтобы привлечь внимание окружающих. Его следует отличать от иппохондрии: иппохондрики на самом деле верят, что больны, а «Мюнхгаузены» вполне отдают себе отчет в том, что лишь симулирует страдания и болезни. Около 1% из числа обращающихся в клиники США страдают этим расстройством"
1784;ЧФ (частич.);Слова 2016 ;Открытый;Санкт-Петербург;2016.12;ЭПСЧ Еврокомиссия должна полностью прекратить переговоры о вступлении Турции в ЕС
1785;ПФ;Слова 2016 ;Открытый;Санкт-Петербург;2016.12;"ЭПСЧ борцы за социальную справедливость причиняют больше вреда феминистическому движению, чем пользы
* Борцами за социальную справедливость называют людей, которые используют любую возможность в общении либо в Интернете (что чаще) для того, чтобы обратить внимание на положение ущемлённых групп и их проблемы. Борцы за социальную справедливость зачастую поучают других людей, читают им морали, обвиняют их в игнорировании проблем этих социальных групп. Борцы за социальную справедливость могут это делать, потому что искренне верят в то, что нужно бороться за права этих групп, однако зачастую могут и делают это для того, чтобы заработать т.н. «бонусные очки», т.е. показаться лучше, чем другие, показаться очень прогрессивными, моральными и т.д. Фактически, это квази-версия «В Интернете кто-то не прав»"
1786;Ф;Слова 2016 ;Открытый;Санкт-Петербург;2016.12;ЭП с помощью лотереи каждый год будет распределять определённый процент маленьких детей из детских домов по благополучным семьям
1787;Р1;2-й онлайн-турнир «Обычное дело»;Открытый (онлайн);Онлайн;2017.01;ЭП запретит выпускать произведения массовой культуры, основанные на катастрофах (случившихся и тех, что могут случиться)
1788;Р2;2-й онлайн-турнир «Обычное дело»;Открытый (онлайн);Онлайн;2017.01;ЭПСЧ законы, непосредственно связанные со здоровьем человека, должны приниматься специальными группами учёных, а не парламентариями.
1789;Р3;2-й онлайн-турнир «Обычное дело»;Открытый (онлайн);Онлайн;2017.01;"В случае, если решение территориального вопроса заинтересованными странами затягивается на период более 10 лет, ЭП передаст право делимитации границ ООН без права на апелляцию
* Передача вопроса на рассмотрение ООН означает, что он будет в любом случае решён"
1790;Р4;2-й онлайн-турнир «Обычное дело»;Открытый (онлайн);Онлайн;2017.01;"ЭП не поддерживает инициативу Австралийского фонда реформ наркополитики
* В этом году на крупных фестивалях Австралийский фонд реформ наркополитики планирует раздавать всем участникам бесплатные наборы для проверки наркотиков. С помощью такого набора можно определить состав и качество наркотика."
1791;Р5;2-й онлайн-турнир «Обычное дело»;Открытый (онлайн);Онлайн;2017.01;Если преступная среда каких-то районов характеризуется преобладанием представителями одной национальности, то ЭПСЧ государство должно создавать в этих районах условия, чтобы работодатели отдавали предпочтение представителям этой национальности при устройстве на работу (при прочих равных)
1792;ПФ;2-й онлайн-турнир «Обычное дело»;Открытый (онлайн);Онлайн;2017.01;"ЭП поддержит решение Европейского суда о праве граждан подавать иски, если антикризисные меры нарушают их основные права.
* Не так давно Европейский суд принял решение: граждане ЕС впредь смогут требовать в судебном порядке компенсаций, если антикризисные меры нарушают их основные права."
1793;Ф;2-й онлайн-турнир «Обычное дело»;Открытый (онлайн);Онлайн;2017.01;"ЭП сожалеет о существовании института отлучения от церкви
* Отлучение - наказание, в результате которого член церкви временно или насовсем исключается из церковного общества и лишается прав, привилегий и духовных благ. Оно применяется за действие, которое не одобряемо со стороны церкви и/или связано с нарушением церковных правил.
Пример 1: несколько лет назад в Бразилии были отлучены мама 9-летней изнасилованной девочки, которой был сделан аборт, и врачи, которые провели операцию.
Пример 2: в 2016 году в одной из стран СНГ был отлучён украинский проповедник за склонение к сексуальным связям прихожанок."
1794;Р1;Kyiv Debate Stories ;Открытый;Киев (Украина);2017.02;"ЭПСЧ, журналист, нашедший неопровержимые доказательства о применении Армстронгом допинга на протяжении всей своей карьеры, не должен публиковать эту информацию (при условии, что он точно знает, что она никогда не станет достоянием общественности).
* Лэнс Армстронг - легендарный велогонщик, семь раз финишировавший первым в общем зачёте престижнейшей Тур де Франс. В октябре 1996 года лечащий врач обнаружил у Армстронга запущенный рак. Шансов выжить было 20 %, но в результате титанических усилий, Лэнс победил недуг и вновь вернулся в велоспорт в 1998 году. Создал «Фонд Лэнса Армстронга» для помощи больным раком и стал символом борьбы с этой страшной болезнью."
1795;Р2;Kyiv Debate Stories ;Открытый;Киев (Украина);2017.02;"ЭП запретит использование цифровых копий умерших знаменитостей (актеры, звезды шоу бизнеса, музыканты) в качестве полноценных действующих лиц.
* В последние годы было организовано несколько посмертных шоу, телепрограмм и концертов с применением голографических копий Элвиса Пресли, Тупака Шакура и Майкла Джексона.В «Звёздных войн» под названием «Изгой-один» была использована цифровая копия злодея Уилхаффа Таркина из четвёртого эпизода."
1796;Р3;Kyiv Debate Stories ;Открытый;Киев (Украина);2017.02;ЭПСЧ экономическая программа Дональда Трампа, направленная на возврат производства крупных американских компаний в США, будет благом для мировой экономики.
1797;Р4;Kyiv Debate Stories ;Открытый;Киев (Украина);2017.02;При достаточном развитии технологий виртуальной реальности ЭП будет использовать как одну из мер наказания принудительное переживание преступником того, что испытала жертва
1798;Р5;Kyiv Debate Stories ;Открытый;Киев (Украина);2017.02;"ЭП поддержит практику, при которой коллектив может инициировать подобный отпуск для любого своего члена (включая начальника) в принудительном порядке
* Саббатикал — это оплачиваемый или частично оплачиваемый длительный отпуск продолжительностью от трёх месяцев до года (и более) с гарантированным сохранением места за сотрудником. Иными словами, это пауза в работе, профессиональный тайм-аут."
1799;ПФ;Kyiv Debate Stories ;Открытый;Киев (Украина);2017.02;"ЭПСЧ все формы конформизма достойны большего осуждения, чем инициатива, исходящая от власти
* В рамках темы понятие ""конформизм"" будет означать решение индивида действовать согласно текущей конъюнктуре, считая её при этом неверной, без прямого принуждения к такому действию со стороны (т.е. без прямого приказа/распоряжения/угрозы и т.п.). Может выражаться как в каких-то действиях, так и в намеренном бездействии (самоцензуре и т.п.)"
1800;Ф;Kyiv Debate Stories ;Открытый;Киев (Украина);2017.02;ЭПСЧ в процессе реинтеграции Донбасса Украине следует использовать опыт комиссий по установлению истины и примирения, а не уголовного преследования участников конфликта в национальных и/или международных трибуналах
1801;Р1;Зимний Турнир НИУ ВШЭ СПб 2017 ;Открытый;Санкт-Петербург;2017.02;"ЭП как МОК запретит участие в соревнованиях спортсменам, изменившим спортивное гражданство
* Общий механизм: если спортсмен единожды представил страну в национальной лиге, далее он может выступать только под флагом этой страны или под флагом МОК."
1802;Р2;Зимний Турнир НИУ ВШЭ СПб 2017 ;Открытый;Санкт-Петербург;2017.02;"ЭПСЧ действия Папы Франциска приносят больше вреда, чем пользы для института Католической церкви
* Подразумевается либерализация высказываний Папы: признание теории эволюции и Большого взрыва, отказ от гонений на геев."
1803;Р3;Зимний Турнир НИУ ВШЭ СПб 2017 ;Открытый;Санкт-Петербург;2017.02;ЭП как Германия снизит почасовой МРОТ
1804;Р4;Зимний Турнир НИУ ВШЭ СПб 2017 ;Открытый;Санкт-Петербург;2017.02;ЭП разрешит создание парка, где можно всё
1805;Р5;Зимний Турнир НИУ ВШЭ СПб 2017 ;Открытый;Санкт-Петербург;2017.02;ЭПСЧ компании (люди), не использующие объекты интеллектуальной собственности (патенты), утрачивают право собственности на них
1806;ПФ;Зимний Турнир НИУ ВШЭ СПб 2017 ;Открытый;Санкт-Петербург;2017.02;ЭПСЧ современное государство обязано признать и обеспечить любому гражданину право на безвозвратную смену личности, с гарантией тайны данного факта
1807;Ф;Зимний Турнир НИУ ВШЭ СПб 2017 ;Открытый;Санкт-Петербург;2017.02;ЭПСЧ развитие важнее демократии
1808;Р1;ОТ НИУ ВШЭ 2017 ;Открытый;Москва;2017.02;ЭПСЧ при определении политики правительство всегда должно преследовать цель максимизации суммарного счастья
1809;Р2;ОТ НИУ ВШЭ 2017 ;Открытый;Москва;2017.02;"ЭП защитит ИИ от страданий
* Изобретён искусственный интеллект (ИИ), который полностью идентичен человеческому. В том числе изобретатель наделил его способностью испытывать страдания и наслаждения подобно людям"
1810;Р3;ОТ НИУ ВШЭ 2017 ;Открытый;Москва;2017.02;"ЭП предпочтёт мир, населённый эгоистами
* “Не от благожелательности мясника, пивовара или булочника ожидаем мы получить свой обед, а от соблюдения ими своих собственных интересов” Адам Смит."
1811;Р4;ОТ НИУ ВШЭ 2017 ;Открытый;Москва;2017.02;ЭП снимет запрет на действия сексуального характера и вступление в брак для людей с ментальной инвалидностью
1812;Р5;ОТ НИУ ВШЭ 2017 ;Открытый;Москва;2017.02;ЭПСЧ феминистическое движение должно отрицать капитализм
1813;ПФ;ОТ НИУ ВШЭ 2017 ;Открытый;Москва;2017.02;"* ЭПСЧ мировое сообщество должно остановить существование подобных практик на данной планете.
Человечество натолкнулось на планету, населённую существами, сильно напоминающими людей. В техническом плане население этой планеты существенно отстаёт от землян. Например, они не имеют возможности самостоятельно выходить с нами на контакт или как-то взаимодействовать с нами и не смогут сделать это в сколько-нибудь обозримом будущем. Мы (земляне) имеем возможность наблюдать за их жизнью, но они не знают о существовании нашей планеты, людей, наших культуры и законов. Среди населения этой планеты существуют практики, не допускаемые современными международными законами Земли (например, рабство или каннибализм)."
1814;Ф;ОТ НИУ ВШЭ 2017 ;Открытый;Москва;2017.02;ЭП будет выборочно проводить операции по смене пола или по приданию внешних черт, характерных для определённой расы, на основании лотереи
1815;Р1;Открытый кубок Республики Татарстан 2017 ;Открытый;Казань;2017.02;"ЭП поддерживает «тигриное воспитание»
* «Тигриное воспитание» - это термин, означающий строгое и требовательное отношение родителей к учебе и развитию детей (достижение высоких результатов в обучении, иногда за счет социального, психологического и эмоционального благополучия) "
1816;Р2;Открытый кубок Республики Татарстан 2017 ;Открытый;Казань;2017.02;"ЭП осуждает методы, используемые PETA
* PETA – всемирно известная организация, занимающаяся защитой прав животных. Они препятствуют таким вещам, как насилие над животными, обилию бродячих собак, употреблению животных в пищу, использованию животных для изготовления предметов одежды из кожи и меха. Методы PETA остаются весьма дискуссионными, среди них: 
- провокационные рекламные кампании с использованием муляжей органов и частей тела животных (в январе 2017 г. в магазине кожанных изделий посетители обнаруживали в одежде муляжи внутренних органов);
- привлечение знаменитостей (в т.ч. голых порнозвёзд) для участия в фотосессии с тушами животных;
- агрессивные флэшмобы (марш людей, одетых в костюмы куриц аля KFC);
- рекламные кампании, когда в Берлине развесили рекламные слоганы, где убийство животных приравнивали к Холокосту."
1817;Р3;Открытый кубок Республики Татарстан 2017 ;Открытый;Казань;2017.02;"ЭП как богатый гражданин в развитой стране будет отдавать деньги государству, а не благотворительным фондам
* Говоря о передаче денег государству, мы имеем в виду не доп. налог, а добровольное пожертвование, причём не целевое (в отличие от выбора между благотворительными фондами)"
1818;Р4;Открытый кубок Республики Татарстан 2017 ;Открытый;Казань;2017.02;ЭП закроет дома престарелых для здоровых пожилых людей, имеющих родственников
1819;Р5;Открытый кубок Республики Татарстан 2017 ;Открытый;Казань;2017.02;ЭПСЧ Россия должна выйти из Союзного государства с Белоруссией
1820;ПФ;Открытый кубок Республики Татарстан 2017 ;Открытый;Казань;2017.02;"ЭП выберет коммунизм вместо капитализма
* Обнаружена новая планета, точная копия Земли. На ней можно развернуть только одну из двух экономических систем при заселении планеты людьми"
1821;Ф;Открытый кубок Республики Татарстан 2017 ;Открытый;Казань;2017.02;ЭП предпочла бы мир, где ислам сформирован вокруг сильной централизованной власти (как Папа Римский в католицизме)
1822;Р1;III Таллиннский Открытый Кубок;Открытый;Таллин (Эстония);2017.03;ЭП будет выдавать пособия в форме продуктов и услуг, а не денежных начислений
1823;Р2;III Таллиннский Открытый Кубок;Открытый;Таллин (Эстония);2017.03;"ЭП легализует практику предоставления ресурсов для судебного разбирательства в обмен на долю в возмещении ущерба
* Недавно третьи стороны, включая богатых людей, инвестировали в гражданские иски по возмещению ущерба, предоставляя ресурсы для судебного разбирательства в обмен на долю в возмещении. В случае проигранного дела эти люди покрывают все издержки"
1824;Р3;III Таллиннский Открытый Кубок;Открытый;Таллин (Эстония);2017.03;ЭП, как Христианская церковь, продаст все ценности (включая, но не ограничиваясь, предметы искусства, религиозные артефакты) с аукциона и направит все средства на борьбу с бедностью
1825;Р4;III Таллиннский Открытый Кубок;Открытый;Таллин (Эстония);2017.03;ЭПСЧ ЕС должен иметь собственную боеспособную армию
1826;Р5;III Таллиннский Открытый Кубок;Открытый;Таллин (Эстония);2017.03;ЭПСЧ выдающиеся активисты гражданского общества (борцы за социальную справедливость, феминисты, борцы с глобальным потеплением) не должны участвовать в гонке за политические посты
1827;ПФ;III Таллиннский Открытый Кубок;Открытый;Таллин (Эстония);2017.03;ЭП сожалеет об идеализации материнства
1828;Ф;III Таллиннский Открытый Кубок;Открытый;Таллин (Эстония);2017.03;"ЭП предпочтёт стать частью Клуба 27 (яркую, красивую и короткую жизнь) стабильной жизни среднестатистического обывателя
*Инфослайд: Клуб 27 - неофициальное название группы всемирно известных артистов, умерших примерно в возрасте 27 лет. В клуб 27 входят: Курт Кобейн, Джимми Хендрикс, Джим Моррисон."
1829;Р1;"VI Кубок Южного Урала: ""Кубок Большого Брата"" ";Открытый;Челябинск;2017.03;ЭП обяжет давать обязательные гарантии экстрасенсам, магам, гадалкам
1830;Р2;"VI Кубок Южного Урала: ""Кубок Большого Брата"" ";Открытый;Челябинск;2017.03;ЭП прекратит экспорт морепродуктов из Норвегии, Исландии и Японии до прекращения там китбойного промысла
1831;Р3;"VI Кубок Южного Урала: ""Кубок Большого Брата"" ";Открытый;Челябинск;2017.03;ЭП запретит обсуждать на ток-шоу (радио, тв и тд.) уголовные дела
1832;Р4;"VI Кубок Южного Урала: ""Кубок Большого Брата"" ";Открытый;Челябинск;2017.03;ЭП обяжет компании раскрывать конечных бенефициаров
1833;Р5;"VI Кубок Южного Урала: ""Кубок Большого Брата"" ";Открытый;Челябинск;2017.03;ЭПСЧ провакационные общественые движения несут больше вреда, чем пользы
1834;ПФ;"VI Кубок Южного Урала: ""Кубок Большого Брата"" ";Открытый;Челябинск;2017.03;ЭП отдаст все храмы (мечети, синагоги и т.д.) религиозным организациям
1835;Ф;"VI Кубок Южного Урала: ""Кубок Большого Брата"" ";Открытый;Челябинск;2017.03;ЭП будет рекрутировать в армию жеребьёвкой 
1836;Р1;II Открытый Кубок Черноземья ;Открытый;Воронеж;2017.03;ЭП разрешит выдавать кредиты за счет пенсионных накоплений
1837;Р2;II Открытый Кубок Черноземья ;Открытый;Воронеж;2017.03;ЭП как Дональд Трамп возобновит переговоры по Транстихоокеанскому Партнерству
1838;Р3;II Открытый Кубок Черноземья ;Открытый;Воронеж;2017.03;ЭП предпочтет мир, в котором СМИ соблюдают принцип политического нейтралитета во время выборов
1839;Р4;II Открытый Кубок Черноземья ;Открытый;Воронеж;2017.03;ЭП существенно сократит сроки и размер выплат отпуска по уходу за ребенком
1840;Фмк;II Открытый Кубок Черноземья ;Открытый;Воронеж;2017.03;ЭПСЧ распределение объёма финансирования высшего образования и науки (в том числе университетов и отдельных исследований ) должно определяться органом, состоящим из учёных.
1841;Ф;II Открытый Кубок Черноземья ;Открытый;Воронеж;2017.03;ЭП поддерживает политику дерусификации в европейских постсоветских государствах
1842;Р1;Добрый турнир ;Открытый;Владивосток;2017.03;ЭП сожалеет о распространении детских шоу талантов на TV
1843;Р2;Добрый турнир ;Открытый;Владивосток;2017.03;ЭП приветствует подъём правых партий в Европе
1844;Р3;Добрый турнир ;Открытый;Владивосток;2017.03;ЭП снизит ключевую ставку до 3% в РФ
1845;Р4;Добрый турнир ;Открытый;Владивосток;2017.03;"ЭП поддерживает движение «Розовое Сари»
* Розовое сари – это объединение в Индии, в ряды которого входят исключительно женщины. Все они носят униформу (ярко-розовое сари) и вооружены длинной палкой – лати. Представительницы движения считают, что борются с социальными проблемами: часто устраивают самосуд над мужчинами, которые, по их мнению, ушли от наказания за жестокое насилие в отношении женщин. Также прославились защитой прав бедных."
1846;Р5;Добрый турнир ;Открытый;Владивосток;2017.03;ЭП, как главный редактор СМИ, откажется публиковать материалы, дискридитирующие или оскорбляющие религию
1847;Ф;Добрый турнир ;Открытый;Владивосток;2017.03;ЭП, как Южная Корея, организует свержение Ким Чен Ына
1848;Р1;V С Дону выдачи нет! ;Открытый;Ростов-на-Дону;2017.03;ЭП будет в равной степени преподавать в школах теорию Дарвина и креационизм.
1849;Р2;V С Дону выдачи нет! ;Открытый;Ростов-на-Дону;2017.03;ЭП поддерживает сексуальную объективацию мужчин в популярной культуре
1850;Р3;V С Дону выдачи нет! ;Открытый;Ростов-на-Дону;2017.03;ЭП сожалеет об Арабской весне
1851;Р4;V С Дону выдачи нет! ;Открытый;Ростов-на-Дону;2017.03;ЭП как демократическое государство предоставит избирательные права трудовым мигрантам
1852;Р5;V С Дону выдачи нет! ;Открытый;Ростов-на-Дону;2017.03;"ЭП сожалеет о существовании подобных приложений.
* Корейские разработчики создали приложение With.me, с помощью которого можно поговорить с трехмерным аватаром умершего близкого или сделать с ним селфи (алгоритмы создаются на основании информации об этом человеке, полученной из соцсетей) "
1853;ПФ;V С Дону выдачи нет! ;Открытый;Ростов-на-Дону;2017.03;ЭП поддерживает участие сторонников защиты окружающей среды в акциях, вызывающих серьезные нарушения в работе объектов инфраструктуры, которые выбрасывают значительное количество CO2, вне зависимости от законности таких акций 
1854;Ф;V С Дону выдачи нет! ;Открытый;Ростов-на-Дону;2017.03;"ЭПСЧ Facebook должен манипулировать новостной лентой пользователей, содействуя продвижению «прогрессивного» контента.
* В последние несколько лет Facebook участвовал в серии экспериментов, в ходе которых организаторы «манипулировали» содержанием новостной ленты пользователей (например, показывая больше веселых или грустных  публикаций; показывая или скрывая публикации о  голосовании). Цель эксперимента была определить: насколько такие манипуляции способны влиять на действия/отношения пользователей.
В 2012 году Facebook также манипулировал новостными лентами пользователей, чтобы определить какой эффект вызовет знакомство с публикациями СМИ о предстоящих выборах, и каким образом оно отразится на явке избирателей. 
Эксперименты подтвердили эффективность таких методов для повышения явки избирателей на выборы"
1855;Р1;III ОТ СПбГУ ;Открытый;Санкт-Петербург;2017.03;ЭПСЧ главная задача преподавания литературы в школе – формирование национального самосознания
1856;Р2;III ОТ СПбГУ ;Открытый;Санкт-Петербург;2017.03;"ЭП исключит Турцию из международной коалиции по борьбе с Исламским Государством в Ираке
* Международная коалиция по борьбе с Исламским Государством включает в себя США, Великобританию, Канаду, Францию, Марокко, Турцию, Иракский Курдистан"
1857;Р3;III ОТ СПбГУ ;Открытый;Санкт-Петербург;2017.03;ЭП введёт процедуру принудительного банкротства кризисных российских городов (по аналогии с подобной практикой в США)
1858;Р4;III ОТ СПбГУ ;Открытый;Санкт-Петербург;2017.03;"ЭП осуждает квирбейтинг
* Квирбейтинг – это явление, когда создатели сериала или фильма хотят привлечь ЛГБТК-аудиторию, но при этом боятся оттолкнуть их трансфобных и гомофобных зрителей. В частности, делают намёки о гомосексуальности героев"
1859;Р5;III ОТ СПбГУ ;Открытый;Санкт-Петербург;2017.03;ЭП запретит использование образов жертв насилия и неэтичного поведения в коммерческих целях
1860;ПФ;III ОТ СПбГУ ;Открытый;Санкт-Петербург;2017.03;"ЭП (Россия) открыто поддержит генерала Хафтара в качестве лидера новой Ливии
* После свержения Муаммара Каддафи в Ливии не прекращается гражданская война. В настоящий момент официально признанным правительством с точки зрения международного сообщества является Палата представителей Ливии.
Восток Ливии контролируется силами Ливийской национальной армии во главе с фельдмаршалом Халифе Хафтаром.
Помимо этого на территории Ливии ведётся непрекращающаяся борьба с Исламским Государством и другими террористическими группировками."
1861;Ф;III ОТ СПбГУ ;Открытый;Санкт-Петербург;2017.03;"ЭПСЧ католическая и православная церкви должны заключить унию
* Церковная уния - это объединение 2-х или более христианский конфессий, обычно имеется в виду акт объединения Восточной (православной) и Западной (Римско-католической) церквей на условиях признания католической догматики, но при сохранении Восточной литургическо-обрядовой части и богослужения (напр., ритуальные действия, богослужение на родном языке, возможное сохранение привилегий для духовенства и т.д.)."
1862;Р1;Небо кочевника ;Открытый;Астана (Казахстан);2017.04;ЭП будет обязывать университеты оплачивать часть кредитного займа (взятого для оплаты учебы) своих выпускников, которые не могут устроиться на работу после выпуска
1863;Р2;Небо кочевника ;Открытый;Астана (Казахстан);2017.04;ЭПСЧ феминистические движения в постсоветских странах должны приоритезировать изменение гендерных ролей в семье над изменением законодательства (право на аборт, равная зарплата, квоты в законодательные органы и т.д.)
1864;Р3;Небо кочевника ;Открытый;Астана (Казахстан);2017.04;ЭПСЧ Казахстан при формировании культуры национальной идентичности (национальных героев, символов, названии улиц, праздников и тд.) должен отдавать предпочтение дороссийскому периоду истории над периодами Российской империи и Советского союза.
1865;Р4;Небо кочевника ;Открытый;Астана (Казахстан);2017.04;"ЭПСЧ публичные персоны должны личным примером доказывать свои убеждения по вопросам, не имеющим общественного консенсуса
* Писательница Джоан Роулинг известна своими симпатиями к открытой миграционной политике, которые она не раз выражала публично.
Недавно на сайте change.org появилась адресованная ей петиция. Автор петиции предлагает писательнице поселить в своем доме 18 беженцев — ровно по числу спален. На данный момент петиция собрала уже 45 000 подписей"
1866;Р5;Небо кочевника ;Открытый;Астана (Казахстан);2017.04;ЭП сожалеет о популяризации стартап культуры, которая побуждает людей к открытию собственного дела, нежели развиваться традиционным карьерным путем
1867;ЧФ;Небо кочевника ;Открытый;Астана (Казахстан);2017.04;ЭПСЧ международные организации, спонсирующие проекты по экономическому развитию в развивающихся странах, должны предоставлять контракты этих проектов исключительно местным компаниям
1868;ПФ;Небо кочевника ;Открытый;Астана (Казахстан);2017.04;"ЭП поддержит идеологию Евразийства в России
* Каролин Хампри в своей статье об идеологии ""Евразийство"" указывала, что данная идеология была создана для инклюзивной политики в отношении внутренних азиатских регионов России, как Калмыкия, Бурятия, Алтай и т.д. (подчеркивая то, что Россия - это земля не только русских и татаро-монгольских народов). Также в январе 2015 года начал своё официальное существование Евразийский экономический союз."
1869;Ф;Небо кочевника ;Открытый;Астана (Казахстан);2017.04;"ЭП сожалеет о существовании концепции ""жизнь после смерти"""
1870;Р1;Питерский джедайский турнир ;Джедайский;Санкт-Петербург;2017.04;ЭП установит ограничения на максимальный доход физических лиц
1871;Р2;Питерский джедайский турнир ;Джедайский;Санкт-Петербург;2017.04;"ЭП поддерживает систему драфта в спортивных лигах
* Драфт - система, при которой клубы ежегодно имеют право задрафтовать любого игрока, начиная с определенного возраста, вне зависимости от того, в каком клубе/спортшколе он воспитывался. Спортсмен, в том случае если хочет выступать в лиге, обязан заключить первый контракт с клубом, который его задрафтовал. Право выбора на драфте сначала получают команды с более слабыми результатами"
1872;Р3;Питерский джедайский турнир ;Джедайский;Санкт-Петербург;2017.04;ЭП создаст налог для юридических лиц на фэтшейминг и объективацию
1873;Р4;Питерский джедайский турнир ;Джедайский;Санкт-Петербург;2017.04;ЭП сожалеет о популяризации культуры рэп-баттлов 
1874;Р5;Питерский джедайский турнир ;Джедайский;Санкт-Петербург;2017.04;ЭП обяжет медиакомпании создать дубли конкурсных передач для инвалидов
1875;Фмк;Питерский джедайский турнир ;Джедайский;Санкт-Петербург;2017.04;ЭП обяжет технологические компании выделять деньги в фонд обеспечения базового дохода, функционирующий в рамках территорий, где ведут деятельность эти компании
1876;ПФ;Питерский джедайский турнир ;Джедайский;Санкт-Петербург;2017.04;"ЭПСЧ институты образования и воспитания должны поощрять негативное мышление
* Негативное мышление – способ мышления, оперирующий отрицаниями, склонный к возражениям, видящий негативные стороны (напр., услышав новую идею (построим АЭС, откроем бизнес), человек акцентирует своё внимание на негативных возможных последствиях, а не на позитивных)"
1877;Ф;Питерский джедайский турнир ;Джедайский;Санкт-Петербург;2017.04;ЭП разрешит взрослым детям отказываться от содержания своих престарелых родителей
1878;Р1;ВОТ МГУ 2017 ;Открытый;Москва;2017.04;ЭПСЧ правительства стран, которые принимают много мигрантов, должны способствовать созданию этнически/национально однородных городов (округов) в этих странах
1879;Р2;ВОТ МГУ 2017 ;Открытый;Москва;2017.04;"ЭП выберет гетеросексуальную ориентацию ребёнку
* Существует способ выбора сексуальной ориентации ребенка во время беременности, не причиняющий вреда ребёнку. Вы - гомосексуальная пара в браке. Суррогатная мать вынашивает вам ребёнка."
1880;Р3;ВОТ МГУ 2017 ;Открытый;Москва;2017.04;ЭП обяжет детей из среднего и высшего классов испытывать условия жизни семей за чертой бедности на некоторое время (как часть образования)
1881;Р4;ВОТ МГУ 2017 ;Открытый;Москва;2017.04;ЭПСЧ США и Великобритания должны прекратить продажу оружия Саудовской Аравии до полного прекращения ею военных действий в Йемене
1882;Р5;ВОТ МГУ 2017 ;Открытый;Москва;2017.04;ЭПСЧ феминистическое движение должно поддерживать всех кандидатов-женщин, вне зависимости от политических предложений кандидата
1883;ПФ;ВОТ МГУ 2017 ;Открытый;Москва;2017.04;"ЭП предпочитает Восточные ценности либеральным демократиям
* Восточные ценности - это политическое движение, которое приоретизирует коллективное экономическое и социальное развитие над концепцией личных прав человека и либеральной демократии. Эти ценности включают приоритет социальной гармонии, озабоченность социально-экономическим процветанием и коллективным благополучием общества, лояльность и уважение к авторитетным личностям, предпочтение коллективизма и коммунальности."
1884;Ф;ВОТ МГУ 2017 ;Открытый;Москва;2017.04;ЭПСЧ деятели искусства не несут ответственности за последствия своих произведений
1885;Ф;XIII Кубок КазГЮУ ;Открытый;Астана (Казахстан);2017.04;ЭПСЧ авторитетные религиозные представители должны предусмотреть (в том числе путем интерпретации священных писаний) возможность попадания в рай людей, не исповедующих их религию (в том числе атеистов, агностиков и т.д.)
1886;Р1;Big politics cup 2017 ;Открытый;Астана (Казахстан);2017.04;ЭПСЧ Тибет должен интегрироваться с Китаем
1887;Р2;Big politics cup 2017 ;Открытый;Астана (Казахстан);2017.04;ЭПСЧ Израиль должен спонсировать либеральные и демократические движения в арабском мире
1888;Р3;Big politics cup 2017 ;Открытый;Астана (Казахстан);2017.04;ЭП, в лице ЕС, позволит свободное перемещение сирийских беженцев на своей территории.
1889;Р4;Big politics cup 2017 ;Открытый;Астана (Казахстан);2017.04;"ЭП поддержит создание Балканского таможенного союза даже ценой присоединения к санкциям против России и прекращения соглашений о свободной торговле с ней
* Балканский таможенный союз - это единое торговое пространство Сербии, Боснии и Герцеговины, Черногории, Албании и самопровозглашенного государства Косово, которое поддерживает ЕС"
1890;Р5;Big politics cup 2017 ;Открытый;Астана (Казахстан);2017.04;ЭПЧС внешняя политика Западных стран должна быть направлена на ограничение доступа Китая к натуральным ресурсам (минералы, территория) Африки
1891;ПФ;Big politics cup 2017 ;Открытый;Астана (Казахстан);2017.04;ЭПСЧ Латинские страны должны предоставить широкую материальную поддержку оппозиции в Венесуэле, которая хочет совершить военный переворот (предполагая, что такая существует)
1892;Ф;Big politics cup 2017 ;Открытый;Астана (Казахстан);2017.04;ЭП упразднит Совет Безопасности ООН
1893;Р1;IV Кубок УрГПУ ;Открытый;Екатеринбург;2017.04;"ЭП введет возрастные ограничения на регистрацию в соц. сетях
* Милонов предлогает ввести ряд ограничений в соц.сетях. В частности, он предложил ограничить доступ к соц.сетям детям до 14 лет. В качестве возможного инструмента проверки для регистрации будет использоваться паспорт"
1894;Р2;IV Кубок УрГПУ ;Открытый;Екатеринбург;2017.04;ЭП отменит дни траура
1895;Р3;IV Кубок УрГПУ ;Открытый;Екатеринбург;2017.04;ЭП как феминистическое сообщество сожалеет о падении идеи недопустимости секса до свадьбы
1896;Р4;IV Кубок УрГПУ ;Открытый;Екатеринбург;2017.04;"ЭП сожалеет о создании экосистем корпорациями для своих сотрудников
* Если ты работаешь в Google, няня, нанятая твоей компанией, отводит твоего ребенка в школу, специально созданную твоей компанией, пока бариста делает тебе кофе в офисе."
1897;Р5;IV Кубок УрГПУ ;Открытый;Екатеринбург;2017.04;ЭП легализует эвтаназию, в том числе по немедицинским причинам
1898;ПФ;IV Кубок УрГПУ ;Открытый;Екатеринбург;2017.04;ЭПСЧ России не стоило отказываться от участия в Евровидение 2017
1899;Ф;IV Кубок УрГПУ ;Открытый;Екатеринбург;2017.04;ЭП запертит приложение Citizen
1900;Р1;Весенний Внутренний Турнир МГУ - МГЮА - МГТУ 2017 ;Внутренний;Москва;2017.04;ЭП запретит аборты, мотивированные полом или наследственными признаками 
1901;Р2;Весенний Внутренний Турнир МГУ - МГЮА - МГТУ 2017 ;Внутренний;Москва;2017.04;ЭП, как города-убежища, согласится на исполнения миграционного законодательства 
1902;Р3;Весенний Внутренний Турнир МГУ - МГЮА - МГТУ 2017 ;Внутренний;Москва;2017.04;"ЭП запретит выпускать и продвигать литературу о ""Черной истории коммунизма"" 
* В 1997 году коллектив европейских академиков под руководством французского профессора истории Стефана Куртуа опубликовал работу под названием ""Черная книга коммунизма"". Это первое фундаментальное справочное издание, посвященное исследованию преступлений коммунистических режимов, существовавших в ХХ веке. Общее количество жертв приблизилось к отметке в 95 миллионов. Больше всех пострадал китайский народ: порядка 65 миллионов. В Советском Союзе — 20 миллионов потерянных жизней.Выход книги повлёк за собой большой информационный резонанс, вызвав шквал критики со стороны левых. Жан-Жак Беккер, французский историк-коммунист, заявил, что цифры представленные в книге обладают ""нулевой исторической ценностью"". Не менее шокирующим стало сравнение коммунизма и нацизма: согласно Куртуа, коммунисты повинны в смерти около 95 миллионов людей против 25 у нацистов, а многие методы массового истребления были переняты последними у СССР"
1903;Р4;Весенний Внутренний Турнир МГУ - МГЮА - МГТУ 2017 ;Внутренний;Москва;2017.04;ЭПСЧ дальнейшее исследование ИИ принесёт больше вреда, чем пользы
1904;Ф;Весенний Внутренний Турнир МГУ - МГЮА - МГТУ 2017 ;Внутренний;Москва;2017.04;ЭПС морально оправданной ложь женщины о своем опыте, способностях и планах на жизнь при устройстве на работу
1905;Р1;X ОТ МЛЧ ;Для новичков;Москва;2017.04;"ЭП отменит для наименее развитых стран ""принудительное лицензирование"" фармацевтических препаратов
* Декларацией о Соглашении ТРИПС и общественном здравоохранении государствам-членам Всемирной торговой организации (ВТО) предоставляется для наименее развитых стран право принимать законы, разрешающее использование запатентованных материалов без разрешения патентообладателя. Это положение также известно под названием «принудительное лицензирование». Большинство стран Африки включены в список наименее развитых стран, составляемый Организацией Объединенных Наций, и это позволяет им в соответствии с законодательством ВТО отказывать в выдаче патентов на фармацевтические препараты."
1906;Р2;X ОТ МЛЧ ;Для новичков;Москва;2017.04;"ЭП, как правительство Южной Кореи, демонополизирует Chaebol
* Chaebol— гигантские южнокорейские конгломераты, интересы которых охватывают большое количество различных отраслей промышленности.. В 2012 году годовые доходы десяти крупнейших Chaebol составляли более 75% ВВП Южной Кореи, при это составляя группу формально самостоятельных фирм, находящихся в собственности определённых семей и под единым административным и финансовым контролем. В качестве примеров можно привести Samsung, Hyundai и LG Group. "
1907;Р3;X ОТ МЛЧ ;Для новичков;Москва;2017.04;ЭП, как латиноамериканские государства, обеспечит широкую материальную поддержку военного переворота против правительства Венесуэлы
1908;Р4;X ОТ МЛЧ ;Для новичков;Москва;2017.04;"ЭП, как фем движение, осудит рекламу, использующую femvertising
* ""Femvertising"" - реклама, использующая феминистские образы. Примером femvertising'а является реклама Nike ""Из чего же сделаны наши девчонки"""
1909;Р5;X ОТ МЛЧ ;Для новичков;Москва;2017.04;"ЭП, как развитые страны, введет шведскую систему школьного образования
* В начале 21 века в Швеции Министерство образования ввело новые стандарты образования. Теперь многие предметы дети выбирают сами, как и оценки, на которые будут учиться, чтобы преподаватель не был слишком требователен. Их, впрочем, ставят только с 7-го класса. Также нет требований к внешнему виду, звонков на урок. Ученик не обязан сидеть в классе, может выйти, когда захочет. "
1910;ПФ;X ОТ МЛЧ ;Для новичков;Москва;2017.04;ЭП поддерживает рост левого популизма в Европе
1911;Ф;X ОТ МЛЧ ;Для новичков;Москва;2017.04;ЭП сожалеет о мировой экспансии Западной культуры
1912;Р1;Третий тур Сибирской лиги дебатов ;Открытый;Новосибирск;2017.04;ЭП криминализует распространение ложной информации, которая может склонить женщин к отказу от аборта
1913;Р2;Третий тур Сибирской лиги дебатов ;Открытый;Новосибирск;2017.04;ЭП, как Дональд Трамп, будет способствовать подъему профсоюзного движения в США.
1914;Р3;Третий тур Сибирской лиги дебатов ;Открытый;Новосибирск;2017.04;ЭП, как ЛГБТ-сообщество, осудит подростковые каминг-ауты
1915;Р4;Третий тур Сибирской лиги дебатов ;Открытый;Новосибирск;2017.04;ЭП обяжет все страны, участвующие в миротворческих операциях, принимать беженцев из региона, в котором они ведут боевые действия
1916;Р5;Третий тур Сибирской лиги дебатов ;Открытый;Новосибирск;2017.04;ЭП сожалеет о долге сочувствия перед инвалидами
1917;Р6;Третий тур Сибирской лиги дебатов ;Открытый;Новосибирск;2017.04;ЭПСЧ велферистские кампании приносят движению за права животных больше вреда, чем пользы
1918;Р7;Третий тур Сибирской лиги дебатов ;Открытый;Новосибирск;2017.04;"ЭПСЧ Европейский Союз должен приостановить членство Венгрии
* В 2010 году в Венгрии к власти пришла правая партия ФИДЕС. На выборах партия получила конституционное большинство — более 2/3 голосов в парламенте. Выборы 2014 года полностью сохранили политический ландшафт 2010 года. ФИДЕС эволюционирует в сторону центристской партии власти правого толка, обладает характеристиками партий власти постсоветского пространства: коррупционные связи с крупным бизнесом, использование легальных возможностей для трансформации политического механизма либеральной демократии в целях закрепления своего господства и предотвращения потери власти на следующих выборах. Пользуясь абсолютным парламентским большинством, ФИДЕС внес изменения в венгерскую Конституцию (запрет на аборты и однополые браки). Ограничений на деятельность журналистов, работающих в традиционных СМИ — от них теперь требуется разделять идеи венгерской идентичности и венгерской общности. Ряд законов, усложняющих жизнь цыганского меньшинства в стране. Активно агитировала против расселения беженцев в Венгрии."
1919;Ф;Третий тур Сибирской лиги дебатов ;Открытый;Новосибирск;2017.04;"ЭП сожалеет о популярности в обществе нарратива сопоставления твоего положения сейчас с тем, который в тебе ""видят"" (""Ты достоин большего"")"
1920;Р1;Культегин - 2017 ;Открытый;Астана (Казахстан);2017.04;"ЭПСЧ США должны взломать данную систему
* Социально-кредитная система Китая - электронная система оценки граждан по степени их благонадёжности. Высокий уровень трудоспособности, образования, своевременная уплата налогов и кредитов формируют ""рейтинг"" гражданина. Имея высокий ""рейтинг"", гражданин получает доступ к различным социальным благам: доступным путешествиям, образованию, страхованию, кредитам. Также известно, что данная система используется для слежки за населением, а высокий ""рейтинг"" гражданина обеспечивают в том числе угодные текущей власти политические взгляды и мировоззрение"
1921;Р2;Культегин - 2017 ;Открытый;Астана (Казахстан);2017.04;"ЭП запретит нативную рекламу
* Нативная либо ""естественная"" реклама - современный тренд в рекламном бизнесе. Она приобретает форму и характеристики той платформы, на которой размещается, в результате чего становится минимально заметной для потребителя"
1922;Р3;Культегин - 2017 ;Открытый;Астана (Казахстан);2017.04;"ЭП обяжет членов консервативных объединений (амиши, меннониты, гуттериты, данкеры и т.д.) отдавать детей в общеобразовательные школы
* Амиши - консервативное религиозное движение. Амиши обучают детей путём домашнего воспитания либо путём создания собственных школ в поселениях, в которых преподают женщины из той же общины. В подобных школах обычно обучают традиционным ремеслам. Уровень образования в данной общине соответствует общеобразовательному стандарту для десятилетней школы. Сегодня власти позволяют им обучать детей в соответствии с амишскими традициями."
1923;Р4;Культегин - 2017 ;Открытый;Астана (Казахстан);2017.04;ЭП разрешит работникам убирать из рабочих контрактов базовые условия трудоустройства, такие как здоровье и безопасность, защиту от нечестного увольнения и т.д. в обмен на повышенную заработную плату
1924;Р5;Культегин - 2017 ;Открытый;Астана (Казахстан);2017.04;"ЭПСЧ законопроекты в федеративных государствах, касающихся прав социальных меньшинств (проблемы ЛГБТ, абортов, национальных и религиозных меньшинств), должны приниматься исключительно на уровне федерального правительства
* В Северной Каролине и Миссисипи принят закон, дающий право предпринимателям или государственным служащим, исходя их своих религиозных убеждений, отказывать в оказании услуг представителям ЛГБТ-сообщества. Министерство юстиции отправило властям Северной Каролины письмо, согласно которому это решение нарушает федеральный закон о гражданских правах. Однако губернатор Северной Каролины назвал эти обвинения безосновательными. Власти штата подали в суд на представителей министерства юстиции США с обвинениями о неправильной трактовке данного закона"
1925;ПФ;Культегин - 2017 ;Открытый;Астана (Казахстан);2017.04;"ЭПСЧ правительства стран ни при каких обстоятельства не должны инициировать пересмотр роли глав государств (как расширение, так и сужение)
* 31 января 2017 года в Казахстане начался процесс перераспределения полномочий между ветвями власти. В общей сложности около 40 полномочий Президента могут быть переданы либо в Правительство, либо в Парламент. 16 апреля 2017 года прошёл Конституционный референдум в Турции о расширении полномочий президента. Принятые на референдуме поправки к конституции наделяют президента страны Эрдогана особыми полномочиями: право объявлять чрезвычайное положение, лично назначать министров правительства, издавать указы, которые получат статус законов, выбирать судей большинства высших судой, распускать парламент. Также эти поправки позволяют Эрдогану остаться на посту президента до 2029 года"
1926;Ф;Культегин - 2017 ;Открытый;Астана (Казахстан);2017.04;"ЭП предпочтёт жить в мире, в котором биологическое объяснение личности преобладает над социальным.
* Личность - устойчивая система социально значимых черт человека. В традиционной психологии понятие личности включает в себя темперамент, характер, способности и иерархию мотивов и предпочтений. На сегодняшний день в современной гуманитарной науке все ещё нет единого консенсуса относительно степени участия биологических (врождённых) и социальных (приобретённых) факторов в формировании личности. Этот вопрос является одним из центральных в современной психологии, философии, социологии, генетике"
1927;Р1;Открытый кубок ДВФУ ;Открытый;Владивосток;2017.04;ЭП запретит патентовать жизненно важные лекарства
1928;Р2;Открытый кубок ДВФУ ;Открытый;Владивосток;2017.04;"ЭП как Энрике Каприлес призовёт к вооруженному восстанию
* Венесуэла находится в экономическом и политическом кризисе. В стране голод, гиперинфляция, недостаток бензина, лекарств в больницах и других товаров первой необходимости. Президент Мадуро противостоит оппозиционному парламенту с помощью назначения своих судей в Верховный суд, изменения законов и популисткой риторики. Лидеру оппозиции Энрике Каприлесу запретили занимать выборные должности на 15 лет. Митинги и столкновения с полицией проходят каждый день, но Каприлес продолжает призывать к мирному протесту."
1929;Р3;Открытый кубок ДВФУ ;Открытый;Владивосток;2017.04;ЭП как ЦБ будет проводить политику по снижению курса рубля
1930;Р4;Открытый кубок ДВФУ ;Открытый;Владивосток;2017.04;ЭП считает морально оправданной ложь женщины о своем опыте, способностях и планах на жизнь при устройстве на работу
1931;Р5;Открытый кубок ДВФУ ;Открытый;Владивосток;2017.04;ЭП в случае существования технологии, позволяющей улучшать геном эмбриона, запретит её использовать
1932;Ф;Открытый кубок ДВФУ ;Открытый;Владивосток;2017.04;"ЭП откажется от разницы между покушением и совершенным преступлением
* Покушение на преступление — это деяния лица, непосредственно направленные на совершение преступления, не доведённые до конца по независящим от этого лица обстоятельствам."
1933;Р1;XIV ОК МГЮА ;Открытый;Москва;2017.04;"ЭП поддерживает практику «Gap year»
* Gap year – это практика, при которой школьник при выпуске из школы не поступает сразу в университет, а 1 год отдыхает, путешествует, где-то подрабатывает и т.д."
1934;Р2;XIV ОК МГЮА ;Открытый;Москва;2017.04;ЭП разрешит родственникам и близким принимать решение о принудительном лечении от алкогольной/наркотической зависимости
1935;Р3;XIV ОК МГЮА ;Открытый;Москва;2017.04;ЭП как Саудовская Аравия выйдет из соглашения по добыче нефти [о её сокращении]
1936;Р4;XIV ОК МГЮА ;Открытый;Москва;2017.04;ЭП запретит государственное финансирование искусства
1937;Р5;XIV ОК МГЮА ;Открытый;Москва;2017.04;ЭП сделает анонимными все CV (резюме)
1938;Р6;XIV ОК МГЮА ;Открытый;Москва;2017.04;ЭП запретит усыновлять/опекать детей людям со смертельными заболеваниями
1939;ПФ;XIV ОК МГЮА ;Открытый;Москва;2017.04;ЭП (Россия) приватизирует крупные государственные предприятия (такие, как РЖД, Газпром, Роснефть и другие)
1940;Ф;XIV ОК МГЮА ;Открытый;Москва;2017.04;ЭП разрешит гладиаторские бои (насмерть и на добровольной основе)
1941;Р1;Juventas VI: дорогу молодым ;Джедайский;Екатеринбург;2017.05;ЭП установит квоты для престарелых людей при трудоустройстве
1942;Р2;Juventas VI: дорогу молодым ;Джедайский;Екатеринбург;2017.05;"В мире, отличающемся от нашего исключительно тем, что Исламское Государство не совершало массовых преступлений (этнические чистки, работорговля), ЭП оправдывает политику и действия Исламского Государства
*  Т.е. все остальные события развивались точно так же, как в нашем мире (теракты, уничтожение памятников культуры, изменение линии фронта, бомбардировки антиИГИЛовскими силами и проч.)"
1943;Р3;Juventas VI: дорогу молодым ;Джедайский;Екатеринбург;2017.05;"При достаточном развитии технологий виртуальной реальности ЭП будет использовать как одну из мер наказания принудительное переживание преступником того, что испытала жертва
* В момент переживания насилия над жертвой преступник временно забывает о своей личности"
1944;Р4;Juventas VI: дорогу молодым ;Джедайский;Екатеринбург;2017.05;ЭПСЧ победа Марин Ле Пен на президентских выборах во Франции соответствует интересам партии республиканцев
1945;Р5;Juventas VI: дорогу молодым ;Джедайский;Екатеринбург;2017.05;"ЭПСЧ государство не должно регулировать, поддерживать, финансировать спорт
* За исключением уроков физкультуры в государственных школах"
1946;Р6;Juventas VI: дорогу молодым ;Джедайский;Екатеринбург;2017.05;"ЭП введёт акциз на желтые СМИ
* Жёлтые СМИ – СМИ, которые систематически пренебрегают стандартами журналистики (проверка источников, разграничение фактов и мнений, предоставление альтернативных точек зрения, достоверность заголовков и т.д.). Такие СМИ обычно специализируются на слухах, сенсациях, скандалах, теориях заговора"
1947;Фмк;Juventas VI: дорогу молодым ;Джедайский;Екатеринбург;2017.05;ЭП легализует производство, распространение, использование секс-игрушек, имитирующих детские тела
1948;ПФ;Juventas VI: дорогу молодым ;Джедайский;Екатеринбург;2017.05;"ЭП восстановит институт долговой ямы при банкротстве физических лиц
* Долговая яма - обязательство должника своим трудом отработать свой долг перед кредитором. Кредитор сам определяет характер и вид отработки долга должником (конечно, есть исключения, например, запрет на сексуальную эксплуатацию или совершение незаконных действий)"
1949;Ф;Juventas VI: дорогу молодым ;Джедайский;Екатеринбург;2017.05;ЭП сожалеет о проведении в странах Балтии публичных памятных мероприятий с участием ветеранов вооруженных формирований, воевавших на стороне Третьего Рейха
1950;Р1;Полемика 2017 ;Открытый;Санкт-Петербург;2017.05;"ЭП сожалеет о распространении идеи ""safe space"""
1951;Р2;Полемика 2017 ;Открытый;Санкт-Петербург;2017.05;ЭПСЧ бывшие империалистические страны обязаны выплатить значительные репарации своим бывшим колониям
1952;Р3;Полемика 2017 ;Открытый;Санкт-Петербург;2017.05;ЭПСЧ общество, верующее в кармическое перерождение, лучше общества, в котором верят в посмертие в виде ада и рая
1953;Р4;Полемика 2017 ;Открытый;Санкт-Петербург;2017.05;"ЭП перестанет подписывать и прервёт нынешние соглашения об отмене двойного налогообложения
* Двойное налогообложение — система, при которой компания обязана платить налоги и по месту регистрации, и в стране, где был произведен или продан товар (в стране, где ведется операционная деятельность). "
1954;Р5;Полемика 2017 ;Открытый;Санкт-Петербург;2017.05;ЭП включит в обязательное медицинское страхование пластические операции
1955;ПФ;Полемика 2017 ;Открытый;Санкт-Петербург;2017.05;"ЭП, как Социнтерн, поддержит деятельность IFB
* Международный Батальон Свободы (International Freedom Battalion, IFB) — это вооруженная группа, сражающаяся в Сирии на стороне Отряда Народной Самообороны против ИГИЛ при поддержке курдов. IFB состоит из добровольцев из разных частей Европы: от Турции до Великобритании. Все они крайне левых политических взглядов: марксисты, маоисты, анархисты. Например, часть IFB — Бригада Боба Кроу, участники которой хотят защитить Сирийский Курдистан, построенный на идеалах прямой демократии, многоэтничности, равноправия и свободы женщин. Другие батальоны преследуют цели построения государства на Ближнем Востоке на крайне левых идеалах. "
1956;Ф;Полемика 2017 ;Открытый;Санкт-Петербург;2017.05;"ЭП выбирает утилитаризм
* Утилитаризм – это предпочтение материальной выгоды"
1957;Р1;Финал СЛД 2016/2017 ;Открытый;Новосибирск;2017.05;ЭПСЧ активное навязывание феминитивов вредит феминистскому движению
1958;Р2;Финал СЛД 2016/2017 ;Открытый;Новосибирск;2017.05;ЭП как ЕС примет Сербию в свой состав (даже до решения о статусе Косово)
1959;Р3;Финал СЛД 2016/2017 ;Открытый;Новосибирск;2017.05;"ЭП как организатор Уимблдона предоставит Марии Шараповой Wild Card
* 26 апреля 2017 года закончились 15 месяцев дисквалификации Марии Шараповой за употребление допинга. Однако из-за длительного перерыва Мария находится только на 258-й строчке мирового рейтинга, что не позволяет ей играть на большинстве крупных турниров (либо ей необходимо начинать турниры с ранних квалификационных этапов)."
1960;Ф;Финал СЛД 2016/2017 ;Открытый;Новосибирск;2017.05;ЭП сожалеет о распространении идеи продолжения родителей в своих детях
1961;Р1;Внутренний Итоговый Турнир МГУ 2017 ;Внутренний;Москва;2017.05;"ЭП введет «общинное право» в России
* Общинное право – это право каждого человека собирать ресурсы с любых земельных участков (в том числе гулять/устраивать пикники, собирать грибы/ягоды, охотиться), прямо не мешая при этом владельцам земли"
1962;Р2;Внутренний Итоговый Турнир МГУ 2017 ;Внутренний;Москва;2017.05;ЭП, как ЕС, прервёт дипломатические отношения с Россией, пока не будет проведено открытое расследование относительно преследования гомосексуалов в Чечне
1963;Р3;Внутренний Итоговый Турнир МГУ 2017 ;Внутренний;Москва;2017.05;ЭП разрешит генетические манипуляции с человеческим эмбрионом в случаях, когда можно диагностировать моногенные болезни (передающиеся по наследству, например, аутизм, ДЦП, «заячья губа» и др.)
1964;Р4;Внутренний Итоговый Турнир МГУ 2017 ;Внутренний;Москва;2017.05;ЭП, как Южная Корея, осудит усиление военной группы США у берегов Корейского полуострова
1965;Ф;Внутренний Итоговый Турнир МГУ 2017 ;Внутренний;Москва;2017.05;ЭП демонизирует образ бездомных
1966;Р1;Top Games 2017 ;Открытый;Челябинск;2017.05;ЭП как нелегальный иммигрант в стране, где существует дискриминация против его национальности, предпочтёт прибыльный криминал легальному трудоустройству
1967;Р2;Top Games 2017 ;Открытый;Челябинск;2017.05;"ЭП осуждает методы борьбы с браконьерством в парке ""Казиранго""
* В национальном парке ""Казиранго"" (Индия) охранникам было разрешено использовать огнестрельное оружие для защиты носорогов (не исключая других животных). С моменты разрешения более 23 браконьеров и 17 носорогов было убито"
1968;Р3;Top Games 2017 ;Открытый;Челябинск;2017.05;"ЭП как феминистическое сообщество поддерживает разработку женской виагры
* Мужская виагра — ""если хочешь, но не можешь"". Женская — ""когда можешь, но не хочешь"". Женская виагра ""заставляет"" хотеть. Женская виагра разрабатывается для женщин"
1969;Р4;Top Games 2017 ;Открытый;Челябинск;2017.05;"В постконфликтных сообществах в качестве механизма расследования преступления, предположительно совершённые во время конфликта, ЭП будет использовать ""Комиссию по установлению правды и примирения"", а не уголовные трибуналы
* Постконфликтные сообщества — такие как Ирак (до начала последней войны), Чили, Руанда, ЮАР. Комиссии в большинстве случаев выносят амнистии и стараются примирить стороны, объяснить мотивы."
1970;Р5;Top Games 2017 ;Открытый;Челябинск;2017.05;ЭП сожалеет об экономической экспансии Китая в страны Африки
1971;ПФ;Top Games 2017 ;Открытый;Челябинск;2017.05;"ЭП легализует использование культурной защиты в уголовных делах
* ""Культурная защита"" - это используемая в уголовных делах практика аргументации защиты, основанная на культурном, социальном и религиозном бэкграунде обвиняемого"
1972;Ф;Top Games 2017 ;Открытый;Челябинск;2017.05;ЭП выберет верить в Бога
1973;Р1;Central Asian Cup 2017 ;Открытый;Бишкек (Киргизия);2017.05;ЭП будет выплачивать процент (не меньше половины) от компенсации, удерживаемой с коррупционера, тому, кто провёл частное расследование по установлению факта коррупции
1974;Р2;Central Asian Cup 2017 ;Открытый;Бишкек (Киргизия);2017.05;ЭП задастся целью отыскивать и активно распространять информацию о героях ВОВ, имевших нетрадиционную сексуальную ориентацию
1975;Р3;Central Asian Cup 2017 ;Открытый;Бишкек (Киргизия);2017.05;"ЭПСЧ развитые страны должны заменить экономическую помощь развивающимся странам и странам третьего мира созданием ""городов хартии"".
* Город хартии — город, система управления которым определяется собственным документом (хартией города). Этот документ включает в себя передачу полного руководства над городом от одной страны другой."
1976;Р4;Central Asian Cup 2017 ;Открытый;Бишкек (Киргизия);2017.05;ЭП будет стремиться к нормализации женской измены до уровня мужской
1977;Р5;Central Asian Cup 2017 ;Открытый;Бишкек (Киргизия);2017.05;ЭП введет систему пожизненных приемных домов
1978;ПФ;Central Asian Cup 2017 ;Открытый;Бишкек (Киргизия);2017.05;ЭП, в случае совершения преступления представителем радикальной организации, не будет расследовать акт возмездия в адрес этой радикальной организации, если следственные органы не успели найти виновного
1979;Ф;Central Asian Cup 2017 ;Открытый;Бишкек (Киргизия);2017.05;"ЭПСЧ странам следует отказаться от выстраивания государственной идентичности на ""историческом прошлом"" в пользу идентичности ""желаемого будущего"""
1980;Р1;V Императорский диспута ;Открытый;Томск;2017.05;ЭПСЧ система образования должна с раннего возраста разделять детей на группы на основании их способностей
1981;Р2;V Императорский диспута ;Открытый;Томск;2017.05;ЭП сожалеет о существовании информационных гигантов (Facebook и Alphabet)
1982;Р3;V Императорский диспута ;Открытый;Томск;2017.05;ЭП запретит гендерноориентированную рекламу товаров общего назначения
1983;Р4;V Императорский диспута ;Открытый;Томск;2017.05;"ЭП как США прекратит преследование Джулиана Ассанжа
* Прокуратура Швеции прекратила следствие по делу Ассанжа, подозреваемого в изнасиловании в 2010 году. С 2012 г. он находится в посольстве Эквадора в Лондоне - тогда Ассанж обратился к властям латиноамериканской страны с просьбой о политическом убежище из-за опасений экстрадиции в США в связи с его деятельностью в WikiLeaks. В США Ассанж обвиняется в разглашении секретной информации. Ему грозит наказание от 35 лет лишения свободы, а также смертная казнь."
1984;Р5;V Императорский диспута ;Открытый;Томск;2017.05;ЭП не будет прививать патриотизм
1985;Фмк;V Императорский диспута ;Открытый;Томск;2017.05;ЭП как феминистское движение сожалеет о поражении Ле Пен на французских выборах
1986;ПФ;V Императорский диспута ;Открытый;Томск;2017.05;"ЭП, как светское государство, приветствует движение Нового атеизма
* Движение, активно выступающая за идею того, что к религии, сопутствующим ей суевериям и иррациональности, нужно не только не относиться толерантно, но и противопоставлять научному методу, критиковать рациональными аргументами сразу, как только влияние этих идей начинает расти в политике и образовании."
1987;Ф;V Императорский диспута ;Открытый;Томск;2017.05;ЭПСЧ страны, которые были нейтральны (как в военном, так и любом другом плане) во время Второй мировой войны, должны выплатить репарации государствам, которые были оккупированы нацистской Германией
1988;Р1;Внутренний турнир РТ ;Внутренний;Казань;2017.05;ЭП отменит институт семьи и заменит его на стандартизированное государственное воспитание 
1989;Р2;Внутренний турнир РТ ;Внутренний;Казань;2017.05;ЭП будет выплачивать репарации женщинам 
1990;Р3;Внутренний турнир РТ ;Внутренний;Казань;2017.05;ЭП поддерживает учёных, преувеличиваюших влияние человека на окружающую среду
1991;Р4;Внутренний турнир РТ ;Внутренний;Казань;2017.05;ЭП криминализует отрицание климатического изменения
1992;Р5;Внутренний турнир РТ ;Внутренний;Казань;2017.05;"“SASP Очки” – это очки, которые блокируют любой объект или изображение, вызывающее негативные эмоции у человека, который их надел. Например, если человек находит сексуальную рекламу, некоторое искусство или даже бездомных неприятными – она/он не будут видеть их в этих очках 
При наличии данной технологии, ЭП запретит её"
1993;Ф;Внутренний турнир РТ ;Внутренний;Казань;2017.05;ЭПСЧ женщина на каблуках не менее несвободна, чем женщина в парандже
1994;Р1;Летний кубок в Санкт-Петербурге 2017;Открытый;Санкт-Петербург;2017.07;ЭП обяжет граждан участвовать в суде присяжных
1995;Р2;Летний кубок в Санкт-Петербурге 2017;Открытый;Санкт-Петербург;2017.07;ЭП как развивающаяся страна запретит рекламу потребительских кредитов
1996;Р3;Летний кубок в Санкт-Петербурге 2017;Открытый;Санкт-Петербург;2017.07;ЭП отменит закон об оскорблении религиозных чувств
1997;Р4;Летний кубок в Санкт-Петербурге 2017;Открытый;Санкт-Петербург;2017.07;ЭПСЧ государство не должно финансировать искусство
1998;Р5;Летний кубок в Санкт-Петербурге 2017;Открытый;Санкт-Петербург;2017.07;ЭП поддерживает доступ государства к переписке в почте и мессенджерах
1999;ПФ;Летний кубок в Санкт-Петербурге 2017;Открытый;Санкт-Петербург;2017.07;"ЭПСЧ государства должны принять лимитирующие оговорки относительно пересмотра своих конституций каждое поколение
* «Лимитирующая оговорка» (sunset clause) – юридическая мера, которая предусматривает, что закон, в котором она содержится, истекает через определённую дату, если он не будет пересмотрен и продлён"
2000;Ф;Летний кубок в Санкт-Петербурге 2017;Открытый;Санкт-Петербург;2017.07;ЭП сожалеет о том, что историю пишет победитель
2001;Р1;Летний онлайн-турнир;Открытый (онлайн);Онлайн;2017.07;ЭП позволит учителям самостоятельно выбирать методику обучения
2002;Р2;Летний онлайн-турнир;Открытый (онлайн);Онлайн;2017.07;ЭП обяжет предприятия, проводящие роботизацию, сокращать рабочую неделю сотрудников без сокращения зарплат
2003;Р3;Летний онлайн-турнир;Открытый (онлайн);Онлайн;2017.07;ЭПС недопустимым выкуп заложников у террористов
2004;Р4;Летний онлайн-турнир;Открытый (онлайн);Онлайн;2017.07;"ЭП не будет публиковать данные этих исследований
* Существуют исследования, которые доказывают преувеличенность вреда алкоголя и сигарет"
2005;Р5;Летний онлайн-турнир;Открытый (онлайн);Онлайн;2017.07;ЭПСЧ Uber должен выбирать нового СЕО только среди женщин
2006;ПФ;Летний онлайн-турнир;Открытый (онлайн);Онлайн;2017.07;ЭП сожалеет о популяризации криптовалют
2007;Ф;Летний онлайн-турнир;Открытый (онлайн);Онлайн;2017.07;"ЭП разрешит родителям, чьи дети погибли, переносить их сознание в тела сирот
* Существует способ переносить сознание умершего человека в тело живого"
2008;Р1;Летний турнир в Анапе;Открытый;Анапа;2017.07;"ЭП поддерживает введение ban-the-box-policies
* Ban-the-box-policies — запрет работодателю запрашивать при устройстве на работу криминальную историю собеседуемого"
2009;Р2;Летний турнир в Анапе;Открытый;Анапа;2017.07;ЭП проведёт информационную интервенцию в Северную Корею
2010;Р3;Летний турнир в Анапе;Открытый;Анапа;2017.07;"ЭП поддерживает внедрение ""Common Core""
* “Common Core” - образовательная система, возникшая во времена Обамы. В основном она подразумевает изменения подхода к формированию взглядов учеников. Так, например, из перечня литературы было убрано много классических произведений американской и европейской литературы, которые образовательные эксперты признали неполиткорректными. Историю США в рамках “Common Core” планируется изучать через призму “фундаментального расизма и патриархата”, на основе которых эта страна была якобы построена."
2011;Р4;Летний турнир в Анапе;Открытый;Анапа;2017.07;ЭП легализует юридические аборты
2012;Р5;Летний турнир в Анапе;Открытый;Анапа;2017.07;ЭП будет бороться с существующими ТНК и формированием новых
2013;Ф;Летний турнир в Анапе;Открытый;Анапа;2017.07;ЭПСЧ осквернение религиозных святынь/мест допустимым методом ведения войны
2014;Р1;Осенний Кубок НИУ ВШЭ №1 ;Открытый;Москва;2017.09;ЭПСЧ религиозные организации светских стран не должны принимать участие в политической деятельности
2015;Р2;Осенний Кубок НИУ ВШЭ №1 ;Открытый;Москва;2017.09;ЭП, будучи США, уничтожит ядерный потенциал КНДР
2016;Р3;Осенний Кубок НИУ ВШЭ №1 ;Открытый;Москва;2017.09;ЭПСЧ в случае смены власти новое правительство не должно уничтожать символы предыдущей эпохи (сносить памятники, переименовывать улицы и т. д.)
2017;Р4;Осенний Кубок НИУ ВШЭ №1 ;Открытый;Москва;2017.09;ЭП создаст единую базу данных, доступную всем, о гражданах, включающую в себя доступную гос. органам информацию о карьере, доходах, совершённых правонарушениях, перенесённых заболеваниях и т.д.
2018;Р5;Осенний Кубок НИУ ВШЭ №1 ;Открытый;Москва;2017.09;"ЭПСЧ необходимо отказаться от разработки автономного оружия
* Автономное оружие – это роботизированные машины, которые выполняют поставленные человеком задачи и действуют на основании ИИ"
2019;ПФ;Осенний Кубок НИУ ВШЭ №1 ;Открытый;Москва;2017.09;ЭПСЧ стратегии ненасильственного сопротивления приносят освободительным движениям больше вреда, чем пользы
2020;Ф;Осенний Кубок НИУ ВШЭ №1 ;Открытый;Москва;2017.09;ЭП отменит временные ограничения тюремных сроков
2021;Р1;Кубок РЭУ ;Открытый;Москва;2017.10;ЭП сожалеет об идее «работа - это хобби, за которое платят»
2022;Р2;Кубок РЭУ ;Открытый;Москва;2017.10;"ЭП как Демократическая партия США осудит деятельность движения Антифа 
* Антифа — это автономные антирасистские группы, которые контролируют и отслеживают деятельность местных неонацистов. Они разоблачают их деятельность перед соседями и работодателями, проводят просветительские кампании, поддерживают мигрантов и беженцев, а также оказывают давление на органы, в ведении которых находятся места проведения мероприятий, запланированных белыми националистами, добиваясь их отмены. Антифашисты утверждают, что после ужасов рабства и Холокоста физическое насилие над белыми расистами и этически оправдано, и стратегически эффективно."
2023;Р3;Кубок РЭУ ;Открытый;Москва;2017.10;ЭПСЧ в постконфликтных обществах пребывание у власти президента и премьер-министра должно быть ограничено одним сроком 
2024;Р4;Кубок РЭУ ;Открытый;Москва;2017.10;ЭП обяжет получать разрешение пациента на использование анонимизированной информации его медицинских анализов для научных исследований 
2025;Р5;Кубок РЭУ ;Открытый;Москва;2017.10;ЭП поддерживает возможность засудить родителей за решения, приведшие к существенному долгосрочному ухудшению качества жизни ребенка
2026;ПФ;Кубок РЭУ ;Открытый;Москва;2017.10;"ЭП в случае общенационального референдума о независимости Каталонии как граждане остальной части Испании (не Каталонии) проголосует за независимость Каталонии.
* 1 октября прошел непризнанный официальными властями Испании референдум о независимости Каталонии. Он проводился только в Каталонии, и при 40% явке 90% проголосовали за независимость Каталонии. Каталония может получить независимость только в случае проведения общенационального референдума."
2027;Ф;Кубок РЭУ ;Открытый;Москва;2017.10;"ЭПС необходимым запретить свободное использование нейростимуляторов даже в случае их полной безопасности для физического здоровья человека
* Нейростимуляторы – это препараты, улучшающие когнитивные способности, настроение, скорость реакции и т.д."
2028;Р1;XVI Кубок Сибири ;Открытый;Новосибирск;2017.10;"ЭП сожалеет о предоставлении независимости колониям во 2-й воловине 20-го века 
* Подразумевается в т.ч. 1945 - 1950 гг."
2029;Р2;XVI Кубок Сибири ;Открытый;Новосибирск;2017.10;"ЭП (Украина) предпочла бы, чтобы Россия провела финансирование экономического развития Донбасса (включая развитие промышленности, но не ограничиваясь им)
* В данной резолюции, играя от Украины, мы играем от интересов жителей Украины, не считая жителей Крыма, ДНР, ЛНР
* Под финансированием Донбасса подразумевается финансирование ДНР и ЛНР"
2030;Р3;XVI Кубок Сибири ;Открытый;Новосибирск;2017.10;"ЭП перестанет защищать такие племена от контактов извне
* На Земле сохранились племена, которые живут изолированно от нас. Например, бразильские законы прямо ограждают такие племена от прямых контактов с цивилизацией. Вся информация о них получена с помощью спутников и самолетов, существует даже специальная полиция, не показывающаяся на их глаза, но тщательно оберегающая их от любого «вторжения» извне.
* В данной резолюции мы играем в т.ч. от интересов жителей таких племён"
2031;Р4;XVI Кубок Сибири ;Открытый;Новосибирск;2017.10;ЭП (Россия) сожалеет об использовании Великой Победы как центрального нарратива для построения российской идентичности 
2032;Р5;XVI Кубок Сибири ;Открытый;Новосибирск;2017.10;ЭПСЧ количество бюджетных мест на образовательных программах ВУЗов должно зависеть от потребностей рынка, а не от спроса абитуриентов на специальность 
2033;Р6;XVI Кубок Сибири ;Открытый;Новосибирск;2017.10;"ЭП (Россия) введёт позитивную дискриминацию для этнических кавказцев
* Позитивная дискриминация – это меры по предоставлению преимущественных прав или привилегий для определённых групп населения (например, квоты на должности, в ВУЗах, доп. субсидии для бизнеса)"
2034;ПФ;XVI Кубок Сибири ;Открытый;Новосибирск;2017.10;ЭП сожалеет о героизации образа приёмных родителей 
2035;Ф;XVI Кубок Сибири ;Открытый;Новосибирск;2017.10;"ЭП приватизирует правоохранительные органы (спецслужбы, полицию, органы следствия и дознания и проч.) без возможности субсидирования со стороны государства
* Государство передаёт всё частному сектору. Допускается лицензирование этой деятельности. У государства остаются суды и вооружённые силы. У частных организаций будут те же полномочия, что и у государства (допрашивать, задерживать и проч.). Действия частной полиции можно оспаривать в суде"
2036;Р1;III Осенний турнир в Воронеже;Открытый;Воронеж;2017.10;ЭПСЧ право на забастовку должно быть у работников ключевых сфер (медицина, образование и др)
2037;Р2;III Осенний турнир в Воронеже;Открытый;Воронеж;2017.10;"ЭПСЧ современные демократические страны должны перейти к немедленной демократии.
* Немедленная демократия - это система голосования за партии, при котором граждане могут в любое время изменить свой голос. Количество депутатов, предоставляемых каждой партии, распределяется на ежедневной(или еженедельной) основе и представляет собой текущий процент поддержки населения. В этой системе нет выборов в Парламент, но количество депутатов от каждой партии может меняться каждый день"
2038;Р3;III Осенний турнир в Воронеже;Открытый;Воронеж;2017.10;ЭП в случаях тяжелых заболеваний отдаст право выбора лечения врачам, а не родителям
2039;Р4;III Осенний турнир в Воронеже;Открытый;Воронеж;2017.10;"ЭП как правительство развивающихся стран будет поощрять развитие трущобного туризма
* Туризм в трущобах - это вид туризма, который включает посещение обедневших районов. Организуется в основном туристическими агентствами. В настоящее время туризм в трущобах становится все более заметным в развивающихся странах, включая Индию, Бразилию, Кению и Индонезию. Но не ограничивается ими."
2040;Р5;III Осенний турнир в Воронеже;Открытый;Воронеж;2017.10;ЭП обяжет футбольные клубы высшего дивизиона тратить 20% дохода на женский дубль
2041;Р6;III Осенний турнир в Воронеже;Открытый;Воронеж;2017.10;ЭП разрешит выпускникам ВУЗов подавать на них в суд с целью возмещения части образовательного кредита в случае, если доказана невозможность устроиться на квалифицированную работу
2042;Ф;III Осенний турнир в Воронеже;Открытый;Воронеж;2017.10;ЭПСЧ политика перераспределения богатств должна быть направлена на достижение базового дохода для каждого гражданина, а не на сокращение неравенства
2043;Р1;Pro et Contra VII ;Открытый;Екатеринбург;2017.10;ЭП предпочла бы, чтобы западное общество активно осуждало миллиардеров, которые не тратят значительную часть своей прибыли на благотворительность
2044;Р2;Pro et Contra VII ;Открытый;Екатеринбург;2017.10;ЭП разрешит подавать иск для получения материальной компенсации за эмоциональный вред, нанесённый в романтических отношениях
2045;Р3;Pro et Contra VII ;Открытый;Екатеринбург;2017.10;"ЭП (Иран) в случае денонсирования соглашения по ядерной программе Ирана со стороны США вернётся к разработке ядерного оружия
* В 2015 г. Иран и страны «шестёрки» (США, Франция, Великобритания, Германия, Китай и Россия) достигли соглашения по иранской ядерной программе. В обмен на отмену санкций против Ирана он должен был гарантировать мирный характер своей ядерной программы. Недавно Президент США Трамп напомнил о необходимости реализовать пункт своей предвыборной программы об отказе участия США в этом соглашении, называя сделку с Ираном худшей в истории США"
2046;Р4;Pro et Contra VII ;Открытый;Екатеринбург;2017.10;В случае существования технологии, позволяющей безвозвратно удалять часть своих воспоминаний, ЭП запретит её использование
2047;Р5;Pro et Contra VII ;Открытый;Екатеринбург;2017.10;ЭПСЧ в случае продолжительных военных конфликтов наказания за военные преступления не должны применяться, если будет доказано, что подобные действий привели к значительному ускорению завершения боевых действий
2048;ПФ;Pro et Contra VII ;Открытый;Екатеринбург;2017.10;"ЭП приветствует рост ГИГ-экономики (gig-economy)
* Сегодня формируется новая модель экономики (""Gig Economy"") — в которой все больше людей предпочитают частичную занятость. В «гиг-экономике» компании нанимают независимых исполнителей и подписывают контракты с фрилансерами."
2049;Ф;Pro et Contra VII ;Открытый;Екатеринбург;2017.10;ЭПСЧ государство должно ограничить свои функции до следующих: защита от насилия, защита от нарушения контрактов, защита права на частную собственность
2050;Р1;Слово молодым ;Для новичков;Санкт-Петербург;2017.10;ЭП запретит порно
2051;Р2;Слово молодым ;Для новичков;Санкт-Петербург;2017.10;ЭП позволит компаниям платить более высокую заработную плату сотрудникам, которые по договору соглашаются не иметь детей
2052;Р3;Слово молодым ;Для новичков;Санкт-Петербург;2017.10;ЭП ограничит количество квадратных метров жилой недвижимости в собственности на человека
2053;Р4;Слово молодым ;Для новичков;Санкт-Петербург;2017.10;ЭП будет лишать родительских прав родителя сразу на всех детей
2054;Р5;Слово молодым ;Для новичков;Санкт-Петербург;2017.10;ЭП будет субсидировать секс-услуги для людей с особыми потребностями (проституция, устройства и т.д.)
2055;ЧФ;Слово молодым ;Для новичков;Санкт-Петербург;2017.10;ЭП обяжет компании, которые сокращают сотрудников из-за роботизации, содержать их еще три года
2056;ПФ;Слово молодым ;Для новичков;Санкт-Петербург;2017.10;ЭП даст каждому человеку полную свободу выбора того, на что пойдут его налоги
2057;Ф;Слово молодым ;Для новичков;Санкт-Петербург;2017.10;ЭП осуществит реколонизацию беднейших стран мира
2058;Р1;X КП МГЮА ;Открытый;Москва;2017.10;ЭП поддерживает проведение денационализации региональных элит в России
2059;Р2;X КП МГЮА ;Открытый;Москва;2017.10;"ЭП, как Иракский Курдистан, примет сделку с правительством Ирака
* Правительство Ирака предложило властям Иракского Курдистана сделку, по которой курды:
• гарантируют территориальную целостность страны;
• признают приоритет федеральной власти;
• отдают контроль над авиасообщением, границей и экспортом нефти;
• отказываются от ведения внешней политики"
2060;Р3;X КП МГЮА ;Открытый;Москва;2017.10;ЭПСЧ политические партии не должны владеть бизнесом
2061;Р4;X КП МГЮА ;Открытый;Москва;2017.10;"ЭП, как LSE (Лондонская фондовая биржа), введёт специальный листинг
* По правилам листинга (размещение акций на бирже) Лондонской биржи компании могут либо торговаться с компаниями малой капитализации и стартапами, или использовать премиум-листинг, который обязывает раскрывать аудиторскую отчётность за три года и для крупных сделок получать согласие всех миноритариев, включая акционеров. Также акционеры должны обладать полным стратегическим контролем над бизнесом.
Листинговое агентство Великобритании предлагает ввести специальный листинг для крупных компаний с менее жёсткими требованиями. Также специальный листинг открывает биржу Лондона для государственных компаний (т.е. требования специального листинг менее жёсткие, чем требования премиум-листинга)"
2062;Р5;X КП МГЮА ;Открытый;Москва;2017.10;"ЭП, как житель Палестины, сожалеет о подписании соглашения между ФАТХ и Хамас
* В октябре 2017 года в Каире была встреча между представителями ФАТХ и Хамас. По итогам встречи было заключено соглашение, согласно которому полный контроль над Газой переходит Палестинской национальной администрации. Также отряды ПНА возьмут контроль над КПП в Рафахе. При этом соглашение не включает в себя разоружение военных сил Хамас."
2063;Фмк;X КП МГЮА ;Открытый;Москва;2017.10;ЭП сожалеет о распространении дейтинговых сервисов (тиндер и т.д.)
2064;ПФ;X КП МГЮА ;Открытый;Москва;2017.10;При наличии технологии переноса сознания из тела умершего человека в компьютер ЭП создаст виртуальные рай и ад
2065;Ф;X КП МГЮА ;Открытый;Москва;2017.10;ЭПСЧ человечество должно прекратить разработку новых видов оружия (в т.ч. модернизацию)
2066;Р1;McKinsey Debate Cup 2017 ;Открытый;Москва;2017.11;"ЭП будет наказывать компании за существенные переработки офисных работников
* В разных странах трудовое законодательство допускает разное количество часов переработок. Однако практически во всех странах количество часов ограничено
В некоторых случаях, таких как например с врачами, дальнобойщиками и т.д. гос-во следит за соблюдением законов
При этом на переработки консультантов, банкиров, аудиторов, журналистов и ряда других профессий интеллектуального труда государство обычно закрывает глаза до тех пор, пока они оплачиваются и есть обоюдное согласие"
2067;Р2;McKinsey Debate Cup 2017 ;Открытый;Москва;2017.11;ЭПСЧ правительство не должно спасать неуспешные частные предприятия
2068;Р3;McKinsey Debate Cup 2017 ;Открытый;Москва;2017.11;"ЭП осудит деятельность таких организаций
* Глава европейской пограничной службы Frontex Фабрис Леггери обвинил международные неправительственные организации (МНПО) в содействии контрабанде людей. Подбирая людей, терпящих бедствие на пути в Европу у берегов Ливии и доставляя их в Италию без уведомления соответствующих европейских служб, суда МНПО фактически поощряют деятельность контрабандистов. Левые движения и гуманитарные организации Западной Европы категорически отвергают эти обвинения и ведут активную кампанию в СМИ в поддержку своих действий. "
2069;Р4;McKinsey Debate Cup 2017 ;Открытый;Москва;2017.11;"ЭП, как белый американский спортсмен умеренных республиканских взглядов, поднимет кулак (или встанет на колено)
* Поднятый вверх кулак в момент исполнения национального гимна - давний символ протеста чернокожих американцев против расизма в США. Широкую известность получил во время Олимпиады 1968. В наши дни «цветные» спортсмены активно используют этот символ, протестуя против политики Дональда Трампа и проявлений расизма и ксенофобии в США. Также наравне с поднятым кулаком некоторые встают на одно колено при исполнении гимна."
2070;Р5;McKinsey Debate Cup 2017 ;Открытый;Москва;2017.11;"ЭП будет жертвовать деньги только благотворительным организациям, доказавшим свою эффективность
* Под эффективностью в этом раунде мы понимаем:
- максимизацию вероятности достижения желаемого результата
- максимизацию эффекта при ограниченных ресурсах"
2071;ПФ;McKinsey Debate Cup 2017 ;Открытый;Москва;2017.11;"ЭП лишит Аун Сан Су Чжи Нобелевской премии мира
* Аун Сан Су Чжи - министр иностранных дел Мьянмы (Бирмы) и фактический Глава правительства (Государственный советник). Находясь под домашним арестом из-за политических противоречий с находившейся тогда у власти военной хунтой, в 1991 году получила Нобелевскую премию мира «за ненасильственную борьбу за демократию и права человека». Созданная ей партия, «Национальная лига за демократию», по итогам выборов 2015 года имеет большинство в Парламенте. В 2016-2017 годах многие СМИ, а также международные организации, включая ООН, сообщают о многочисленных нарушениях прав человека, включая внесудебные казни, групповые изнасилования, поджоги и детоубийства, против мусульман народности Рохинджа, проживающих в штате Ракхайн. Соседние страны сообщают о десятках тысяч беженцев Рохинджа, покинувших Мьянму. Аун Сан Су Чжи критикуют за её молчание и отсутствие видимых действий по этому вопросу."
2072;Ф;McKinsey Debate Cup 2017 ;Открытый;Москва;2017.11;ЭП как феминистическое сообщество одобряет активное участие женщин в качестве боевой силы в военных конфликтах и гражданских войнах
2073;Р1;Осенний Внутренний Турнир МГУ-МГТУ-МГЮА-РЭУ 2017 ;Внутренний;Москва;2017.11;ЭП установит лимит времени на игру в онлайн-игры
2074;Р2;Осенний Внутренний Турнир МГУ-МГТУ-МГЮА-РЭУ 2017 ;Внутренний;Москва;2017.11;ЭП поддерживает практику отпусков для тюремных заключенных
2075;Р3;Осенний Внутренний Турнир МГУ-МГТУ-МГЮА-РЭУ 2017 ;Внутренний;Москва;2017.11;"ЭП введет ""слепое"" голосование"
2076;Р4;Осенний Внутренний Турнир МГУ-МГТУ-МГЮА-РЭУ 2017 ;Внутренний;Москва;2017.11;ЭП запретит жертве домашнего насилия возвращаться к своему насильнику
2077;ПФ;Осенний Внутренний Турнир МГУ-МГТУ-МГЮА-РЭУ 2017 ;Внутренний;Москва;2017.11;"ЭП сожалеет о распространении секс-робота Harmony
* Хармони - первый секс-робот с искусственным интеллектом. Она двигается, разговаривает на простые темы, использует мимику. Управление происходит через мобильное приложение. В настройках можно задавать характер Хармони: сделать её милой, ревнивой, капризной, любящей. Хармони знает любимые сексуальные позы владельца и сколько раз за день она ему понадобится. Узнаёт его благодаря распознаванию лиц, умеет реагировать на прикосновения. Хармони создали в компании риал долл, которая выпускает секс-игрушки для людей по всему миру. Стоимость заказа до 50 000 долларов США в зависимости от пожеланий. В основном заказывают кукол-женщин, но есть небольшой спрос и на кукол-мужчин. Куклы часто соответствуют идеалу красоты - они похожи на Барби (с тонкой талией и большой грудью).
https://vk.com/video-32943546_456239245"
2078;Ф;Осенний Внутренний Турнир МГУ-МГТУ-МГЮА-РЭУ 2017 ;Внутренний;Москва;2017.11;"ЭП, как Япония, признает вину за создание ""станций утешения"" и выплатит компенсации семьям пострадавших женщин
* ""Станции утешения"" - это военные бордели, существовавшие на территории Японии и на оккупированных ею территориях с 1932 по 1945 гг. Они находились под контролем японского военного командования. Изначально в них работали женщины-добровольцы из Японии, однако вскоре (с увеличением запроса) завоеватели стали принуждать к обслуживанию женщин из местного населения. Всего через ""станции утешения"" прошли более 400 000 девушек и девочек из самых разных возрастов из Японии, Китая, Кореи и Тайваня. До конца войны дожила лишь четверть из всех девушек. В 1990-е гг. японское правительство официально принесло извинения выжившим ""женщинам для утешения"" и семьям погибших работниц ""станций"", но уже в 2007 г. они забрали эти слова назад. Сегодня США, Канада и Европарламент приняли резолюцию, призывающую Японию принять на себя полную ответственность за эти события"
2079;Р1;Кубок ИСиР ЮФУ 2017 ;Открытый;Ростов-на-Дону;2017.11;ЭП запретит сделки о признании вины и соглашения о досудебном сотрудничестве
2080;Р2;Кубок ИСиР ЮФУ 2017 ;Открытый;Ростов-на-Дону;2017.11;"ЭП как Демократическая партия публично признает факт коррупции и откажется от соглашений с Хиллари Клинтон
* По словам бывшей главы Национального комитета Демократической партии (DNC), в 2015 году, за год до официального выдвижения Хиллари Клинтон, между DNC, избирательным фондом Клинтон и комитетами Демократической партии в 32 штатах были заключены соглашения о совместном сборе пожертвований, которые подразумевали создание объединенного фонда для сбора пожертвований на нужды DNC, партийных комитетов в штатах и избирательной кампании Клинтон. Совместное соглашение позволяет обойти ограничения на размер пожертвований. Так, максимальный размер пожертвования партийному комитету штата составляет $10,000, Национальному комитету — $33,400, а кандидату в президенты — $2,700. В совместный фонд можно пожертвовать до $350,000. По данным СМИ, 99% собранных средств пошли на нужды DNC или кампании Клинтон. В соответствии с данным соглашением, Клинтон также получала контроль над DNC в виде права вето при принятии решений о партийных финансах, стратегии, найме новых сотрудников DNC и назначении на ключевые должности DNC"
2081;Р3;Кубок ИСиР ЮФУ 2017 ;Открытый;Ростов-на-Дону;2017.11;"ЭП запретит корректирующие операции для детей-интерсексов (кроме случаев, когда вмешательство обусловлено медицинской необходимостью).
* Интерсекс-люди — люди, рождённые с половыми признаками (включая гениталии, половые железы и набор хромосом), которые не соответствуют строго мужскому или женскому полу: например, с неопределенным строением гениталий или хромосомным набором, отличающимся от XX и XY"
2082;Р4;Кубок ИСиР ЮФУ 2017 ;Открытый;Ростов-на-Дону;2017.11;"ЭПСЧ интернет-корпорации (Facebook, Google, Twitter) не должны сотрудничать с властями авторитарных стран (соблюдать законы, направленные на нарушение приватности или свободы слова; предоставлять информацию о пользователях; блокировать запрещенные цензурой материалы)"
2083;Р5;Кубок ИСиР ЮФУ 2017 ;Открытый;Ростов-на-Дону;2017.11;ЭП как феминистское сообщество не будет поддерживать спортсменок/женские спортивные команды, в PR которых используются объективирующие методы 
2084;ПФ;Кубок ИСиР ЮФУ 2017 ;Открытый;Ростов-на-Дону;2017.11;"ЭП как Босния и Герцеговина откажется от Дейтонских соглашений и перейдет к внеэтнической модели демократии
* Согласно Дейтонским соглашениям, принятых после югославских войн, органы власти Боснии и Герцеговины (Президиум и парламент) должны состоять из представителей трех главных народов (боснийцев, сербов и хорватов). Президиум состоит из трех человек (по одному от каждого народа), парламент — по трети депутатов от каждого народа, при этом есть так называемое «народное вето» - если большинство депутатов, избранных от одного из трёх народов, голосовали против того или иного предложения, оно считалось отвергнутым, несмотря на позицию других двух народов. При этом большое количество властных полномочий (установление ставок по налогам, работа правоохранительных органов, заключение международных соглашений с другими странами) принадлежит регионам: Федерации Боснии и Герцеговины (проживают этнические боснийцы и хорваты) и Республике Сербской (проживают этнические сербы)."
2085;Ф;Кубок ИСиР ЮФУ 2017 ;Открытый;Ростов-на-Дону;2017.11;ЭП сожалеет об американской мечте
2086;Р1;VII Открытый Кубок ЮУрГУ ;Открытый;Челябинск;2017.11;ЭПСЧ развивающиеся страны не должны мешать развитию частных школ в своих странах
2087;Р2;VII Открытый Кубок ЮУрГУ ;Открытый;Челябинск;2017.11;"ЭП сожалеет о росте кликтивизма
* The Oxford English Dictionary defines Clicktivism as “the use of social media and other online methods to promote a cause.”
More often than not this takes the form of supporting and promoting a cause on social media, but it can include a whole a range of activities, for example:
• organizing protests (Egypt circa 2011, at least in part)
• facilitating boycotts (a boycott of Whole Foods)
• signing petitions (Greenpeace’s marine reserves petition, or anything on Avaaz)
• hacktivism (Google’s work with Say Now to circumvent censorship of Twitter in Egypt)
• crowdfunding (kiva.org or kickstarter)
• online parody and satire (Yes Men style parodies of Koch Industries)
• Google bombing (Dan Savage’s Santorum campaign)
• circumventing news blackouts/keeping people informed (Gezi Park protests)"
2088;Р3;VII Открытый Кубок ЮУрГУ ;Открытый;Челябинск;2017.11;"ЭП как Израиль поддерживает разведывательную доктрину еврейского народа
* Разведывательная доктрина еврейского народа - это предложение, согласно которому разведывательные службы государства Израиль должны нести ответственность по обеспечению безопасности не только граждан Израиля, но и еврейских общин за границей. Если эта доктрина будет принята, Израиль будет использовать существенные ресурсы и проводить потенциально насильственные операции для защиты евреев по всему миру"
2089;Р4;VII Открытый Кубок ЮУрГУ ;Открытый;Челябинск;2017.11;ЭПСЧ рэп-культура приносит афроамериканцам больше вреда, чем пользы
2090;Р5;VII Открытый Кубок ЮУрГУ ;Открытый;Челябинск;2017.11;"ЭП легализует вторичную забастовку
* Вторичная забастовка (или забастовка из симпатии) - тип забастовки, когда работники третьей фирмы устраивают забастовку в поддержку работников другой фирмы. Их цель - заставить свою компанию оборвать экономические связи с другой компанией, чьи работники бастуют, и таким образом увеличить давление. В большинстве стран такой род забастовок нелегален и наказывается штрафом"
2091;ПФ;VII Открытый Кубок ЮУрГУ ;Открытый;Челябинск;2017.11;"ЭП сожалеет о концепции ""ты не такой, как все"""
2092;Ф;VII Открытый Кубок ЮУрГУ ;Открытый;Челябинск;2017.11;ЭП случайным образом поменяет местами всех новорождённых младенцев
2093;Р1;XI ОТ МЛЧ ;Для новичков;Москва ;2017.11;ЭП не будет давать социальные пособия и льготы на детей семьям, отказавшимся вакцинировать детей
2094;Р2;XI ОТ МЛЧ ;Для новичков;Москва ;2017.11;ЭПСЧ было бы лучше, если все спортивные клубы должны были бы использовать только собственных воспитанников
2095;Р3;XI ОТ МЛЧ ;Для новичков;Москва ;2017.11;ЭП введёт квоты в кинотеатрах на фильмы, где главным героем является женщина
2096;Р4;XI ОТ МЛЧ ;Для новичков;Москва ;2017.11;ЭПСЧ военную борьбу против исламского терроризма должны вести исключительно ближневосточные страны
2097;Р5;XI ОТ МЛЧ ;Для новичков;Москва ;2017.11;ЭП сожалеет от коммерциализации высшего образования
2098;ЧФ;XI ОТ МЛЧ ;Для новичков;Москва ;2017.11;ЭП обяжет социальные сети показывать в лентах новостей записи, противоречащие политическим и иным взглядам пользователей, пропорционально их представленности у всего населения
2099;ПФ;XI ОТ МЛЧ ;Для новичков;Москва ;2017.11;ЭП сожалеет о распространении либертарианского патернализма
2100;Ф;XI ОТ МЛЧ ;Для новичков;Москва ;2017.11;ЭП обяжет компании, которые получают прибыль от культурно-этнических традиций (этнические рестораны, туризм в индейские поселения, уроки этнических танцев и т.п.), получать лицензию от этих этнических меньшинств
2101;Р1;Джедайский турнир МГУ 2017 ;Джедайский;Москва;2017.11;"ЭП введёт высокую минимальную границу среднедушевого семейного дохода, необходимого для того, чтобы иметь детей
* Создана технология чипирования, не наносящая вреда здоровью и позволяющая временно устранить репродуктивную функцию человека"
2102;Р2;Джедайский турнир МГУ 2017 ;Джедайский;Москва;2017.11;ЭП запретит компаниям шоу-бизнеса разрывать контракты с сотрудниками на основании обвинений и скандалов, связанных с сексуальными домогательствами, если судом не вынесено решение, напрямую препятствующее работе данного сотрудника
2103;Р3;Джедайский турнир МГУ 2017 ;Джедайский;Москва;2017.11;ЭПСЧ все страны должны давать право голоса своим гражданам на территории страны проживания, даже если они долгое время проживают за границей
2104;Р4;Джедайский турнир МГУ 2017 ;Джедайский;Москва;2017.11;"ЭПСЧ до наступления совершеннолетия все решения о медицинском вмешательстве в жизнь и здоровье ребёнка должны приниматься государством, а не родителями
* Чарли Гард – одиннадцатимесячный ребенок из Великобритании, страдавший неизлечимым заболеванием. Родители намеревались отправить его на экспериментальное лечение в США, однако суд Лондона счел, что это принесет ему чрезмерные страдания. В этом году Чарли Гард  был отключен от аппарата искусственного жизнеобеспечения"
2105;Р5;Джедайский турнир МГУ 2017 ;Джедайский;Москва;2017.11;ЭП (Россия) значительно ограничит трудовую миграцию из стран Средней Азии, включающую только неквалифицированную рабочую силу (значительно увеличит стоимость трудового патента, ввёдет визовый режим и вышлет всех мигрантов, не удовлетворяющих новым условиям, за рубеж)
2106;ПФ, Фмк;Джедайский турнир МГУ 2017 ;Джедайский;Москва;2017.11;"ЭП имплементирует использование этой технологии для каждого гражданина
* Создана технология, позволяющая записывать и хранить весь видео- и аудиоряд воспоминаний каждого человека. Доступ есть у самого владельца памяти и у государственных органов при расследовании преступлений"
2107;Ф;Джедайский турнир МГУ 2017 ;Джедайский;Москва;2017.11;ЭП как феминистическое движение будет поддерживать распространение нарратива «красота не важна», а не нарратива «все тела прекрасны»
2108;Р1;Кубок ТюмГУ ;Открытый;Тюмень;2017.12;ЭП обяжет компании, специализирующиеся на тренингах личностного роста, гарантировать измеримый результат
2109;Р2;Кубок ТюмГУ ;Открытый;Тюмень;2017.12;ЭП отменит сроки давности за тяжкие и особо тяжкие преступления
2110;Р3;Кубок ТюмГУ ;Открытый;Тюмень;2017.12;"ЭП сожалеет о сделке с Мугабе
* 15 ноября группа офицеров из высшего командования армии Зимбабве захватила власть в стране. Военные пытались убедить Роберта Мугабе добровольно уйти в отставку, однако он отказался, заявив, что не подвергает сомнению свой статус главы государства и правительства. Тогда Мугабе сместили с поста лидера правящей партии, после чего 21 ноября парламент начал процедуру его импичмента. В тот же день Мугабе подал в отставку. За согласие добровольно уйти в отставку бывший президент Зимбабве Роберт Мугабе получит 10 миллионов долларов, иммунитет для своей семьи, неприкосновенность семейных бизнес-активов"
2111;Р4;Кубок ТюмГУ ;Открытый;Тюмень;2017.12;ЭПСЧ создание икон феминизма и культ их личности приносит благо феминистическому движению
2112;Р5;Кубок ТюмГУ ;Открытый;Тюмень;2017.12;"ЭПСЧ атеисты должны поддерживать либеральные церкви
* в пример можно привести церковь Гёте"
2113;ПФ;Кубок ТюмГУ ;Открытый;Тюмень;2017.12;"SASP Glasses ""- это очки, которые блокируют любой объект или изображение, которые вызывают неприятные эмоции для человека, носящего их. Например, если человек обнаруживает сексуальную рекламу, определенное искусство или даже бездомных людей, он не будет видеть их при ношении очки.
ЭП запретит эту технологию"
2114;Ф;Кубок ТюмГУ ;Открытый;Тюмень;2017.12;ЭП разрешит миротворческому контингенту ООН активное участие в боевых действиях
2115;Р1;Джедайский турнир ;Джедайский;Владивосток;2017.12;"ЭП введёт освобождение за чтение
* В четырех федеральных тюрьмах Бразилии заключенным предложено снизить срок наказания с помощью чтения. Каждая прочитанная книга позволит узнику освободиться на четыре дня раньше. Выбор литературы оставлен за самими преступниками. Они могут читать как классику, так и философские или научно-популярные произведения. Причем о каждой прочитанной книге им нужно написать сочинение. Программа, принятая бразильскими властями, получила название «Освобождение через чтение»"
2116;Р2;Джедайский турнир ;Джедайский;Владивосток;2017.12;ЭП прекратит государственное грантовое финансирование стартапов
2117;Р3;Джедайский турнир ;Джедайский;Владивосток;2017.12;ЭП запретит самообучающихся, максимально реалистичных секс-роботов
2118;Р4;Джедайский турнир ;Джедайский;Владивосток;2017.12;ЭП временно ослабит минимальные трудовые нормы во время необычайного уровня безработицы, включая стандарты здоровья и безопасности на рабочем месте, мин. заработную плату, ограничения рабочего времени и т.д.
2119;Р5;Джедайский турнир ;Джедайский;Владивосток;2017.12;ЭП как государство сожалеет о популяризации криптовалют
2120;Р6;Джедайский турнир ;Джедайский;Владивосток;2017.12;ЭП ведёт обязательный ДНК-тест на отцовство при рождении ребенка в браке
2121;Ф;Джедайский турнир ;Джедайский;Владивосток;2017.12;ЭП сделает основные киберспортивные дисциплины олимпийскими видами спорта
2122;Р1;Кубок Северной Столицы;Открытый;Санкт-Петербург;2017.12;ЭП легитимизирует вигилантов в районах с высоким уровнем преступности
2123;Р2;Кубок Северной Столицы ;Открытый;Санкт-Петербург;2017.12;ЭП как Россия жёстко и публично осудит решение Трампа по Иерусалиму
2124;Р3;Кубок Северной Столицы ;Открытый;Санкт-Петербург;2017.12;ЭП ограничит срок подачи заявления о преступлениях сексуального характера одним годом
2125;Р4;Кубок Северной Столицы ;Открытый;Санкт-Петербург;2017.12;ЭПСЧ европейские страны должны активно поддерживать (в том числе и финансово) и развивать мечети, возглавляемые женщинами-имамами
2126;Р5;Кубок Северной Столицы ;Открытый;Санкт-Петербург;2017.12;ЭПСЧ геи не должны делать ВИЧ каминг-аут в России
2127;ПФ;Кубок Северной Столицы ;Открытый;Санкт-Петербург;2017.12;ЭПСЧ мир будет лучше, если страны откажутся от идеи патриотизма
2128;Ф;Кубок Северной Столицы ;Открытый;Санкт-Петербург;2017.12;ЭП разрешит продавать новорожденных
2129;Р1;VIII кубок им. Ф. Плевако ;Открытый;Казань;2017.12;Эп сделает отдельные школы для ЛГБТК + детей
2130;Р2;VIII кубок им. Ф. Плевако ;Открытый;Казань;2017.12;"ЭПСЧ создание сильного искусственного интеллекта принесет больше вреда, чем пользы.
* Сильный искусственный интеллект - это ИИ, обладающий схожими или большими возможностями чем люди, включая умение размышлять, принимать независимые решения и ставить цели"
2131;Р3;VIII кубок им. Ф. Плевако ;Открытый;Казань;2017.12;ЭП, как Ким Чен Ын, откажется от разработки и свернет программу ядерного оружия в обмен на массированую гуманитарную помощь от США и Китая.
2132;ПФ;VIII кубок им. Ф. Плевако ;Открытый;Казань;2017.12;ЭП обяжет потребителей продуктов созданных с применением животных (мясо, одежда, косметика и т.д.) посещать реальные места их производства (скотобойни и т.д.)
2133;Ф;VIII кубок им. Ф. Плевако ;Открытый;Казань;2017.12;ЭП запретит использование частных адвокатов в уголовных делах
2134;Р1;Новогодний турнир ;Открытый;Владивосток;2017.12;"ЭП внедрит систему социального кредита.
* Система социального кредита объединяет разные показатели, чтобы составить рейтинг, отражающий вашу полезность для общества. Показатели включают, но не ограничиваются: законопослушность, общественно-полезная деятельность, политическая активность (например, голосование). Показатели контролируются для социально-экономического статуса. Высокий показатель социального кредита открывает расширенный доступ к государственным услугам, таким как социальное обеспечение, больницы, школы, а низкий приводит к наложению санкций, таких как повышение процента по кредиту, ограничение допуска к госслужбе etc. Система социального кредита по-прежнему гарантирует гражданам систему соцзащиты."
2135;Р2;Новогодний турнир ;Открытый;Владивосток;2017.12;"ЭП как житель СУАР предпочтёт жить в независимом государстве.
* Синьцзян-Уйгурский автономный район (СУАР) - регион на северо-западе Китая. Самая большая по площади территориально-административная единица КНР. Население СУАР преимущественно составляют уйгуры (мусульмане - 45%) и китайцы (не мусульмане - 40%)."
2136;Р3;Новогодний турнир ;Открытый;Владивосток;2017.12;"ЭП убьёт ребенка
* Правительственный эксперимент провалился, создав монстра внутри одиннадцатилетнего ребенка. Разум и тело ребенка чередуются между оригинальным телом и состоянием монстра. Ребенок не сохраняет воспоминаний о действиях, а также сознания в состоянии монстра. Попытки управлять/обратить процедуру провалились."
2137;Р4;Новогодний турнир ;Открытый;Владивосток;2017.12;"ЭП сожалеет о культуре слактивизма
* Слактивизм - форма гражданской активности, включающая в себя: взаимодействия в интернете (лайки, репосты, использование определенных хэштегов, петиции), покупку определенных товаров, распространение информации, направленной в поддержку того или иного вопроса или решения проблемы."
2138;Р5;Новогодний турнир ;Открытый;Владивосток;2017.12;ЭПСЧ военную борьбу против исламского терроризма должны вести исключительно ближневосточные страны
2139;Ф;Новогодний турнир ;Открытый;Владивосток;2017.12;ЭП поддерживает православную клерикализацию РФ
2140;Р1;Зимний Онлайн-турнир;Открытый (онлайн);Онлайн;2018.02;ЭП запретит СМИ публиковать информацию об образе жизни жертв насильственных преступлений
2141;Р2;Зимний Онлайн-турнир;Открытый (онлайн);Онлайн;2018.02;ЭП поддерживает программу выплат беженцам европейскими странами в обмен на их возвращение в родную страну
2142;Р3;Зимний Онлайн-турнир;Открытый (онлайн);Онлайн;2018.02;"ЭП поддерживает введение системы универсальных ваучеров в системе школьного образования
* Ваучер - предоставляемый государством ""купон"", с помощью которой семьи могут выбирать и оплачивать обучение в школах. Чаще всего используется для оплаты обучения в частных школах, но так же, по сути, может использоваться для обучения в государственной школе. Сумма обычно фиксированная и предоставляется с какой-то периодичностью (напр. семестр/месяц) Универсальный ваучер - ваучер, который предоставляется разным семьям для разных школ , без учета какого-то конкретного критерия (напр. бедность в случае с семьей/орг. форма школ или их направленность)"
2143;Р4;Зимний Онлайн-турнир;Открытый (онлайн);Онлайн;2018.02;ЭПСЧ западные страны должны участвовать в вооруженных конфликтах непосредственно, а не путём поддержки негосударственных группировок
2144;Р5;Зимний Онлайн-турнир;Открытый (онлайн);Онлайн;2018.02;ЭП как рохинджа будет выступать за независимое государство, а не гражданство и принятие в Мьянме
2145;ПФ;Зимний Онлайн-турнир;Открытый (онлайн);Онлайн;2018.02;ЭП как Католическая церковь будет вести активную политическую деятельность (включая посредничество в переговорах, публичную критику власти, поддержку и финансирование политических сил etc) в недемократических и особо слабых странах Африки.
2146;Ф;Зимний Онлайн-турнир;Открытый (онлайн);Онлайн;2018.02;ЭПСЧ заводить детей аморально
2147;Р1;ПолитЭк МГУ 2018 ;Открытый;Москва;2018.02;"ЭП  будет распространять режим коммерческой тайны только на ту информацию, которая существует/находится во «владении» компании/ИП менее 1 года 
* Коммерческая тайна – это режим конфиденциальности информации, позволяющий её обладателю (коммерческой компании или индивидуальному предпринимателю) ограничить доступ к ней третьим лицам (в т.ч. посредством судебной защиты в случае неправомерного доступа к этой информации или её использования)
В рамках данной резолюции мы считаем, что меры защиты персональных данных рядовых сотрудников, контрагентов и клиентов не подходит под определение «коммерческой тайны»
(законопроект не предполагает изменения режима защиты персональных данных)"
2148;Р2;ПолитЭк МГУ 2018 ;Открытый;Москва;2018.02;"ЭПСЧ страны с ярко-выраженным этническим и (или) религиозным делением должны использовать ливанскую модель распределения власти
* «Ливанская модель» (конфессионализм) – модель распределения власти, при которой все ветви (исполнительная, законодательная и т.п.) распределены между этносами/религиозным группами  
Например, в Ливане президентом страны должен быть христианин-маронит, премьер-министром — мусульманин-суннит, спикером парламента — мусульманин-шиит, а в правительстве должны быть поровну представлены христиане и мусульмане."
2149;Р3;ПолитЭк МГУ 2018 ;Открытый;Москва;2018.02;"ЭП (российский либерал) сожалеет о том, что Навальный организовал «забастовку избирателей», а не призвал голосовать за Явлинского и (или) Собчак
* «Забастовка избирателей» – протестная кампания, проводимая российским оппозиционером Алексеем Навальным. Данная кампания была запущена после того, как Навальный не был допущен к выборам Президента России, которые состоятся 18 марта 2018 года. Основная задача «забастовки избирателей» – призыв бойкотировать данные выборы."
2150;Р4;ПолитЭк МГУ 2018 ;Открытый;Москва;2018.02;ЭП (Африка) учредит в сжатые сроки зону, свободную от всех торговых пошлин, субсидий и других протекционистских мер
2151;Р5;ПолитЭк МГУ 2018 ;Открытый;Москва;2018.02;ЭП (ЕС) запретит компаниям, работающим и (или) зарегистрированным в ЕС, осуществлять любую деятельность на территории стран с высокими коррупционными рисками (включая деятельность через посредников и дистанционное оказание услуг)
2152;Ф;ПолитЭк МГУ 2018 ;Открытый;Москва;2018.02;ЭПСЧ все страны должны запретить любые операции с криптовалютой
2153;Р1;Зимний Турнир 2018 ;Открытый;Санкт-Петербург;2018.02;ЭП криминализует распространение ложной информации, которая может склонить женщин к отказу от аборта
2154;Р2;Зимний Турнир 2018 ;Открытый;Санкт-Петербург;2018.02;"ЭП запретит частные исследование и разработку технологии CRISPR-Cas9
* CRISPR-Cas9 – это биологическая технология, позволяющая редактировать геном организма посредством удаления, замены или добавления секций в последовательностях ДНК. Это позволит учёным манипулировать какие качества проявляются или нет в людях."
2155;Р3;Зимний Турнир 2018 ;Открытый;Санкт-Петербург;2018.02;"ЭП как Демократическая партия США примет платформу Берни Сандерса
* Основные тезисы платформы Берни Сандерса на президентских выборах 2016 в США включали следующие пункты:
- значительное увеличение налогов на богатых и сверхбогатых
- доступное здравоохранение для каждого
- поддержка доступной системы высшего образования
- усиление регуляции финансовых институтов, криминализация рискованных финансовых практик и привлечение к ответственности топ-менеджеров, предположительно виновных в кризисе 2008
- запрет «золотых парашютов» для госслужащих и свободного перехода между Уолл-стрит и руководящими постами в правительстве
- увеличение налогов с корпораций в результате закрытия лазеек в налоговом законодательстве и борьбы с оффшорами
- увеличение МРОТа с 7.25 до 15$/час"
2156;Р4;Зимний Турнир 2018 ;Открытый;Санкт-Петербург;2018.02;ЭП как ЛГБТ-сообщество публично осудит подростковые каминг-ауты
2157;Р5;Зимний Турнир 2018 ;Открытый;Санкт-Петербург;2018.02;"ЭП сожалеет о росте мегагородов
* Под мегагородом обычно понимается городская агломерация с численностью населения свыше 10 млн. человек. Примеры включают Токио (38,8 млн.), Джакарту (31,5) и др. По оценкам ООН, в 2030 году в мире будет 41 мегагород."
2158;ПФ;Зимний Турнир 2018 ;Открытый;Санкт-Петербург;2018.02;"ЭП обяжет открыто указывать цену всех товаров и услуг (кроме первой необходимости) в ""мёртвых детях""
* В целях этих дебатов спасение жизни одного ребёнка через благотворительное пожертвование стоит примерно 1000$. Стоимость ""в мёртвых детях"" - это цена товара / услуги, выраженная в количестве детских жизней, которое можно спасти за указанную сумму. Так, например, новый автомобиль может стоить 20 мёртвых детей, отдых за границей – 5 мёртвых детей, а новый дом – около 32."
2159;Ф;Зимний Турнир 2018 ;Открытый;Санкт-Петербург;2018.02;"ЭП (X) отдаст приказ нейтрализовать Y
* Нейтрализация для целей этих дебатов - это организация смерти в виде несчастного случая"
2160;Р1;2-й тур Сибирской лиги дебатов 2018 ;Открытый;Новосибирск;2018.02;ЭП разрешит свободную торговлю органами
2161;Р2;2-й тур Сибирской лиги дебатов 2018 ;Открытый;Новосибирск;2018.02;ЭПСЧ Зимбабве нужно ввести национальную криптовалюту
2162;Р3;2-й тур Сибирской лиги дебатов 2018 ;Открытый;Новосибирск;2018.02;"ЭП, как УЕФА, введет потолок зарплат в лигах ""большой пятерки"""
2163;Р4;2-й тур Сибирской лиги дебатов 2018 ;Открытый;Новосибирск;2018.02;"ЭП, как власти Северной Кореи, откажутся от агрессивной ядерной программы и пойдут на сближение с США
* Ким Чен Ын внезапно умирает. Его смерть ни у кого не вызывает подозрений"
2164;Р5;2-й тур Сибирской лиги дебатов 2018 ;Открытый;Новосибирск;2018.02;"ЭП сожалеет о культе личной эффективности.
* Культ личной эффективности - стремление человека использовать свое время максимально эффективно. Время при этом рассматривается как невосполнимый ресурс, который необходимо потратить с максимальной выгодой"
2165;ПФ;2-й тур Сибирской лиги дебатов 2018 ;Открытый;Новосибирск;2018.02;"ЭП сожалеет о «Эффекте Вайнштейна»
* Эффект Вайнштейна — феномен массовых частных публичных обвинений в сексуальных домогательствах и нападениях в адрес знаменитостей, за которыми следует реакция со стороны предприятий и учреждений. Получил название по имени американского продюсера Харви Вайнштейна, обвинения в адрес которого в октябре 2017 года вызвали волну «народного негодования» против сексуального насилия, как общественного явления. Что привело к целой череде скандалов и обвинений. Привело к стремительной отставке многих мужчин во властных структурах как Соединенных Штатов, так и других стран."
2166;Ф;2-й тур Сибирской лиги дебатов 2018 ;Открытый;Новосибирск;2018.02;"ЭП (Россия) будет закреплять исключительные права на изобретения, созданные с помощью федерального финансирования, за их авторами, а не за правительством.
* Под федеральным финансированием подразумеваются государственные гранты, под авторами - граждане и налоговые резиденты РФ. Речь не идет о государственном финансировании закрытых НИИ и государственных компаний."
2167;Р1;Оттепель ;Открытый;Пенза;2018.02;ЭП разрешит частным работодателям заключать срочные трудовые договоры во всех случаях
2168;Р2;Оттепель ;Открытый;Пенза;2018.02;"ЭП как феминистское движение должно активно проводить кампанию ""феминизм - это сексуально"" 
* «Феминизм – это сексуально» - акция, проведенная несколькими успешными в бизнесе женщинами, разделяющими феминистские убеждения. Участницы акции выкладывали фотографии, демонстрируя свою внешнюю привлекательность, рассказывали о своих убеждениях и своем карьерном пути и убеждали аудиторию в преимуществах феминистских идей."
2169;Р3;Оттепель ;Открытый;Пенза;2018.02;"ЭП считает ""Пояс и путь"" благом для человечества 
* «Пояс и путь» - китайский интеграционный проект, объединяющий основные товарные коридоры, идущие из Китая в Европу, Центральную и Переднюю Азию и Африку. На территории стран, охваченных проектом, проживает 63% населения Земли, предположительный экономический масштаб — 21 трлн долларов США.
Проект предполагает существенное снижение таможенных пошлин, использование инфраструктуры разных стран-участниц и широкое культурное сотрудничество. Единой валютой расчетов будет китайский юань, кредитование будет осуществляться китайскими банками. "
2170;Р4;Оттепель ;Открытый;Пенза;2018.02;ЭПСЧ родители имеют моральное право лгать своему несовершеннолетнему ребёнку о предполагаемых качествах его (её) партнёра по романтическим и (или) сексуальным отношениям, если они считают, что такие отношения могут причинить вред ребёнку
2171;Р5;Оттепель ;Открытый;Пенза;2018.02;ЭП приватизирует все государственные спортивные клубы в России
2172;Ф;Оттепель ;Открытый;Пенза;2018.02;ЭП отменит любые ограничения, связанные с распространением и потреблением табачной и алкогольной продукции, кроме возрастных и связанных с предотвращением вреда третьим лицам
2173;Р1;III Кубок Черноземья ;Открытый;Воронеж;2018.03;ЭП сожалеет о создании ядерного оружия
2174;Р2;III Кубок Черноземья ;Открытый;Воронеж;2018.03;ЭПСЧ стоит отказаться от проведения соревнований национальных сборных
2175;Р3;III Кубок Черноземья ;Открытый;Воронеж;2018.03;ЭПСЧ международные НКО не должны сотрудничать и помогать авторитарным режимам и их населению
2176;Р4;III Кубок Черноземья ;Открытый;Воронеж;2018.03;ЭП сделает обязательным участие кандидатов в президенты России в дебатах
2177;Р5;III Кубок Черноземья ;Открытый;Воронеж;2018.03;ЭП сожалеет об отмене ограничений на время пребывания у власти лидера Китая
2178;ПФ;III Кубок Черноземья ;Открытый;Воронеж;2018.03;ЭП обяжет свидетельствовать против себя и своих близких родственников
2179;Ф;III Кубок Черноземья ;Открытый;Воронеж;2018.03;ЭП как сторонник Навального не будет принимать участие в несогласованной протестной акции Навального
2180;Р1;Кубок УрГПУ 2018 ;Открытый;Екатеринбург;2018.03;ЭПСЧ от черного юмора больше вреда, чем пользы
2181;Р2;Кубок УрГПУ 2018 ;Открытый;Екатеринбург;2018.03;ЭПСЧ стоит наказывать владельцев общественных заведений (бары, клубы,ночные клубы и т.д.) за сексуальные домогательства, от которых пострадали их посетители
2182;Р3;Кубок УрГПУ 2018 ;Открытый;Екатеринбург;2018.03;ЭП сожалеет о романтизации работы в стартапе
2183;Р4;Кубок УрГПУ 2018 ;Открытый;Екатеринбург;2018.03;ЭПСЧ консалтинговые компании, которые оказывают услуги диктаторам и авторитарным лидерам, имеют моральное обязательство саботировать их. 
2184;Р5;Кубок УрГПУ 2018 ;Открытый;Екатеринбург;2018.03;ЭПСЧ престижные галереи искусства, которые таргетируют богатых людей, приносят сфере искусства больше вреда, чем пользы.
2185;ПФ;Кубок УрГПУ 2018 ;Открытый;Екатеринбург;2018.03;"ЭП поддерживает распространение ""Sharing culture"" (культуры, которая побуждает людей часто делиться деталями событий из своей повседневной и личной жизни в социальных сетях и активно комментировать подобноого рода посты других людей)"
2186;Ф;Кубок УрГПУ 2018 ;Открытый;Екатеринбург;2018.03;"ЭП предпочтёт жить в мире без концепции «верь в свое предназначение»
* Предназначение - определённый жизненный путь человека (смысл существования) "
2187;Р1;Пиратский турнир ;Открытый;Владивосток;2018.03;"ЭП введёт экономические санкции против Таиланда за отсутствие борьбы с рабским трудом
* Таиланд - один из мировых лидеров по лову рыбы, большая часть которой поступает в ЕС и США. Последние 15 лет появляются многочисленные свидетельства массового использования рабов. Люди проводят в море по несколько месяцев, работая по 20 часов в день и подвергаясь постоянному физическому насилию. Военное правительство, пришедшее к власти в результате переворота 2014 (выборы планируются в 2019), приняло закон по борьбе с рабским трудом, однако, например, за 2015 год не было зарегистрировано ни одного его нарушения."
2188;Р2;Пиратский турнир ;Открытый;Владивосток;2018.03;"ЭП, как российский предприниматель, воспользуется амнистией капитала
* 9 февраля 2018 года нижняя палата российского парламента приняла пакет проектов законов об амнистии капитала, которая начинается 2 марта 2018 года и завершается 28 февраля 2019 года. В указанный период можно будет подать соответствующие специальные декларации с указанием своего зарубежного имущества или компаний, ценные бумаги, денежные средства. Предпологается освобождение декларантов от ответственности за нарушения налогового и валютного законодательства, но не освобождает от ответственности за иные преступления (мошенничество, незаконная предпринимательская деятельность, легализация средств, полученных преступным путем)."
2189;Р3;Пиратский турнир ;Открытый;Владивосток;2018.03;ЭП, как президент Южной Кореи, будет проводить политику сближения с Северной Кореей (выстраивание дружеских отношений вплоть до обсуждения возможного объединения двух Корей)
2190;Р4;Пиратский турнир ;Открытый;Владивосток;2018.03;ЭП, как Израиль, будет оказывать активную помощь оппозиции в Иране
2191;Р5;Пиратский турнир ;Открытый;Владивосток;2018.03;ЭП, как представитель республиканской партии, проголосует за импичмент Д. Трампа
2192;Ф;Пиратский турнир ;Открытый;Владивосток;2018.03;ЭП, как США, будет активно выступать против Китая в Южно-Китайском море
2193;Р1;IV Таллиннский Открытый Кубок ;Открытый;Таллин (Эстония);2018.03;ЭПСЧ беднейшие страны Африки должны принять английский как основной язык обучения в школах
2194;Р2;IV Таллиннский Открытый Кубок ;Открытый;Таллин (Эстония);2018.03;ЭП сожалеет о нарративе, что прощение – это добродетель
2195;Р3;IV Таллиннский Открытый Кубок ;Открытый;Таллин (Эстония);2018.03;"ЭП поддерживает ""лимит на легионеров"" во всех командных видах спорта
* Лимит на легионеров – это правило в командных видах спорта, согласно которому в игре должно находиться определенное количество отечественных игроков. Например: В РФПЛ разрешено иметь не менее 5 игроков с российским гражданством; в странах, где есть лимит на легионеров, количество разное, но примерно 25-50% от общего количества игроков"
2196;Р4;IV Таллиннский Открытый Кубок ;Открытый;Таллин (Эстония);2018.03;"ЭП сожалеет о дерегуляции финансовой системы

* С начала 1980-х США, Великобритания, а позже другие развитые страны смягчали требования в сфере финансовой деятельности. Конкретные послабления включали следующие пункты:
- Смягчение требований к соотношению активов и долгов банков;
- Отмена ограничений на уровень процентов, которые могут взимать кредиторы;
- Смягчение требований на виды активов, которыми имеют право владеть различные финансовые компании (банки, пенсионные фонды и прочие);
- Смягчение контроля над движением денег и активов.

Этот процесс (дерегуляция финансовой системы) привёл к следующим структурным изменениям:
- Увеличение прибыльности финансового сектора;
- Бо́льшая доступность для взаимодействия финансистов разных стран;
- Появление сложных финансовых инструментов разной степени доходности;
- Увеличение рисков возникновения нестабильности в финансовой системе."
2197;Р5;IV Таллиннский Открытый Кубок ;Открытый;Таллин (Эстония);2018.03;"ЭПСЧ ""гламуризация"" феминизма наносит движению больше вреда [, чем пользы]
* Гламуризация – такое представление явления в СМИ и массовой культуре, при котором оно предстаёт в своём упрощённом и приукрашенном виде с целью придания привлекательности, иногда романтизации"
2198;ПФ;IV Таллиннский Открытый Кубок ;Открытый;Таллин (Эстония);2018.03;ЭП сожалеет о нарративе self-made person
2199;Ф;IV Таллиннский Открытый Кубок ;Открытый;Таллин (Эстония);2018.03;ЭПСЧ Католическая Церковь должна отказаться от принципа безошибочности Пап
2200;Р1;IV ОТ СПбГУ ;Открытый;Санкт-Петербург;2018.03;ЭП сожалеет о социальной рекламе, где демонизируется образ наркомана
2201;Р2;IV ОТ СПбГУ ;Открытый;Санкт-Петербург;2018.03;ЭП будет субсидировать компании, которые откажутся от перехода грузоперевозок на автономные автомобили
2202;Р3;IV ОТ СПбГУ ;Открытый;Санкт-Петербург;2018.03;"ЭП сожалеет о решении Трампа об отказе финансировать NASA и МКС
* В проекте бюджета на 2019 финансовый год администрация президента США Дональда Трампа предложила прекратить государственное финансирование Международной космической станции (МКС) к 2025 году.
Таким образом, Штаты намереваются сэкономить, заменив государственную программу на частные проекты. «После этого NASA будет рассчитывать на коммерческих партнеров для исследований на низкой околоземной орбите и испытания технологий».
Кроме того, проект бюджета предлагает перейти от государственного финансирования принадлежащей NASA системы телекоммуникационных спутников и связанных с ними наземных станций. «Вместо этого предлагается опираться на возможности коммерческих телекоммуникационных аппаратов»."
2203;Р4;IV ОТ СПбГУ ;Открытый;Санкт-Петербург;2018.03;ЭП сожалеет о росте популярности в массовой культуре женщин-супергероинь
2204;Р5;IV ОТ СПбГУ ;Открытый;Санкт-Петербург;2018.03;ЭП сожалеет о распространении криптовалют
2205;ПФ;IV ОТ СПбГУ ;Открытый;Санкт-Петербург;2018.03;"ЭПСЧ все ядерные державы должны отказаться от использования данной системы
* Система «Мёртвая рука» — комплекс автоматического управления массированным ответным ядерным ударом, созданный в СССР в разгар холодной войны и используемый Россией до сих пор. Предназначен для гарантированного доведения боевых приказов от высших звеньев управления (Генеральный штаб Вооружённых сил, Управление РВСН) до командных пунктов и отдельных пусковых установок стратегических ракет, стоящих на боевом дежурстве, в случае чрезвычайного положения, когда линии связи могут быть повреждены. В США существовал похожий по предназначению комплекс передачи приказа о запуске (ERCS). Комплекс был деактивирован в 1991 году
Подобные системы весьма вероятно существуют также в Китае, Северной Корее и других странах третьего мира"
2206;Ф;IV ОТ СПбГУ ;Открытый;Санкт-Петербург;2018.03;ЭПСЧ государство не должно финансировать СМИ
2207;Р1;VI Императорский диспут ;Открытый;Томск;2018.03;"ЭП разрешить деятельность ""охотников за головами""
* Агент по залоговому правоприменению или по-другому ""охотник за головами"" - лицо за денежное вознаграждение, занимающееся розыском и поимкой беглых преступников и дезертиров, а также лиц, подозреваемых в совершении преступлений и не явившихся на судебное заседание в назначенное время"
2208;Р2;VI Императорский диспут ;Открытый;Томск;2018.03;"ЭП будет распределять выпускников из детских домов на государственную службу
* Государственная/бюджетная служба — это деятельность в государственных службах, направленная на благо общества. Например: сотрудники муниципальной власти, МЧС, сотрудники Почты России, сотрудники социальных служб"
2209;Р3;VI Императорский диспут ;Открытый;Томск;2018.03;ЭПСЧ феминистическое движение должно бороться с социальной нормой, стигматизирущей оплату сексуальных услуг
2210;Р4;VI Императорский диспут ;Открытый;Томск;2018.03;"ЭП одобряет райдер инклюзивности
* Вот вам два слова напоследок, Дамы и Господа: Райдер Инклюзивности (с) Фрэнсис Макдорманд
Райдер инклюзивности — модель райдера в Голливуде, при котором известнейшие звёзды кино должны включать в свой райдер представителей разных меньшинств. Это предполагает под собой установление равного времени для мужчин и женщин, определённое количество времени для этнических, сексуальных и других меньшинств"
2211;Р5;VI Императорский диспут ;Открытый;Томск;2018.03;ЭПСЧ от деятельности ТНК больше вреда, чем пользы
2212;ПФ;VI Императорский диспут ;Открытый;Томск;2018.03;"ЭП, как Россия, поддержит генерала Хасан Сухейла
* Бригада «Силы Тигра» – элитное подразделение Сирийской Арабской Армии (САА), возглавляемое бригадным генералом Хасан Сухейлом, является основной ударной силой в борьбе с ИГ и оппозицией (по факту – единственным боеспособным формированием ССА). Формально являясь частью САА, генерал Сухейль не подчиняется Сирийскому командованию и напрямую сотрудничает с ВКС РФ. Для эффективного ведения боевых действий генерал Сухейль организует новые боевые соединения из подчинённых ему офицеров. Имеет весовый авторитет в САА. Предполагается, что Хасан Сухейль может стать новым лидером Сирии.
Башар Асад – ненышний лидер Сирии и представитель алавитов (религиозного меньшинства Сирии). Считается, что в нынешней ситуации он способен договориться с оппозицией. В то время, как сирийские военные радикально настроены против оппозиционных сил."
2213;Ф;VI Императорский диспут ;Открытый;Томск;2018.03;ЭПСЧ руководителями республик Северного Кавказа не должны быть представители коренной народности
2214;Р1;Небо кочевника ;Открытый;Астана (Казахстан);2018.04;"ЭП сожалеет о значительном уменьшении количества браков
* В 1960-е гг. 72% американцев старше 18 лет были в браке. В 2015 г. - только 50%. В Европе количество браков сократилось примерно вдвое с 1965 года. Подобный тренд прослеживается в большинстве развитых стран"
2215;Р2;Небо кочевника ;Открытый;Астана (Казахстан);2018.04;ЭП, как террористическая организация, не будет стремиться захватывать и удерживать территории
2216;Р3;Небо кочевника ;Открытый;Астана (Казахстан);2018.04;"ЭП сожалеет об изображении Wonder Woman как феминистической иконы
* В 2017 году героиню Wonder Woman сыграла израильская актриса Гал Гадот"
2217;Р4;Небо кочевника ;Открытый;Астана (Казахстан);2018.04;ЭПСЧ Казахстану следует приоритизировать экономические и политические связи с Китаем, нежели с Россией
2218;Р5;Небо кочевника ;Открытый;Астана (Казахстан);2018.04;ЭПСЧ природные активисты должны начать кампанию по саботажу и разрушению основных загрязнающих компаний
2219;Фмк;Небо кочевника ;Открытый;Астана (Казахстан);2018.04;ЭП сожалеет об идее, что прощение это добродетель
2220;ЧФ;Небо кочевника ;Открытый;Астана (Казахстан);2018.04;ЭП национализирует Facebook
2221;ПФ;Небо кочевника ;Открытый;Астана (Казахстан);2018.04;ЭПСЧ несистемная оппозиция в России сегодня должна пообещать всем амнистию за коррупционные преступления, совершённые в прошлом, в случае прихода к власти
2222;Ф;Небо кочевника ;Открытый;Астана (Казахстан);2018.04;"ЭП выберет подключиться к машине Опыта Нозика
* Машина Опыта Нозика это гипотетический прибор, подключившись к которому, вы живёте в симуляции реальности и испытываете только удовольствие. Вы будете знать о факте подключения. Отключиться от Машины невозможно"
2223;Р1;ВОТ МГУ 2018 ;Открытый;Москва;2018.04;ЭПСЧ родители должны активно отговаривать своих детей от получения очного высшего образования (кроме ситуаций, когда поступление в ВУЗ используется для избежания призыва в армию)
2224;Р2;ВОТ МГУ 2018 ;Открытый;Москва;2018.04;ЭП сожалеет о практике привлечения корпорациями своих сотрудников к политическим кампаниям в поддержку корпоративных интересов
2225;Р3;ВОТ МГУ 2018 ;Открытый;Москва;2018.04;ЭП поддерживает сексуальную объективацию мужчин в популярной культуре
2226;Р4;ВОТ МГУ 2018 ;Открытый;Москва;2018.04;ЭП (Британия) выплатит компенсации потомкам бывших рабов из стран Содружества
2227;Р5;ВОТ МГУ 2018 ;Открытый;Москва;2018.04;"ЭПСЧ страны Европы должны ввести «северную модель» регулирования проституции
* «Северная модель» регулирования проституции включает в себя наказание для людей, пользующихся услугами проституток, и запрет любой связанной с этим активности при отсутствии какого-либо наказания для проституток и при возможном наличии инструментов смены профессии."
2228;ПФ;ВОТ МГУ 2018 ;Открытый;Москва;2018.04;"ЭПСЧ эта женщина должна быть оправдана
* В одном из штатов США рассматривается дело об убийстве, в ходе которого мужчине грозит смертная казнь (с очень большой вероятностью). Для того, чтобы степень доказывания его вины перешла барьер, необходимый для присуждения смертной казни, необходимо ещё одно свидетельство, которое должна была дать 67-летняя женщина, принадлежащая к христианской секте / ответвлению меннонитов, которые полностью отрицают любое насилие. В рамках этого дела она отказалась свидетельствовать в суде, потому что свидетельство, которое может привести к смертной казни, противоречит её религиозным убеждения. Несвидетельствовани в такого рода деле по законам этого штата является уголовно наказуемым деянием со сроком до 10 лет тюрьмы"
2229;Ф;ВОТ МГУ 2018 ;Открытый;Москва;2018.04;"ЭП установит государственную монополию на все исследования в сфере экстремального биохакинга и использование их результатов.
* Экстремальный биохакинг - технология радикального увеличения интеллектуальных способностей, здоровья и долгожития людей (в т.ч. генетические технологии)."
2230;Р1;Кубок Бусидо ;Джедайский;Санкт-Петербург;2018.04;"ЭПСЧ СМИ не должны использовать стратегию бойкота определённых лиц, органов власти и организаций
* В марте многие российские СМИ, включая Коммерсантъ, Эхо Москвы, Дождь и РБК, объявили бойкот Госдуме и Леониду Слуцкому, отказавшись освещать их деятельность после заключения комисии по этике, которая «не нашла нарушений» в действиях Слуцкого по итогам заседания, на котором рассматривались жалобы журналисток на домогательства с его стороны
В 2016 году около 30 польских СМИ зяввили, что не будут освещать работу парламента из-за намерений властей ограничить работу журналистов в здании парламента по соображениям безопасности. Через несколько дней президент Польши заявил, что парламент отказался от этих планов"
2231;Р2;Кубок Бусидо ;Джедайский;Санкт-Петербург;2018.04;ЭП как среднестатистическая девушка предпочтёт отказаться от идеи моногамии в своём образе жизни
2232;Р3;Кубок Бусидо ;Джедайский;Санкт-Петербург;2018.04;"ЭП как Япония откажется от практики пожизненного найма сотрудников
* Пожизненный найм – форма занятости сотрудника, когда он пребывает в одной фирме с момента выхода на рынок труда до пенсии.
Пожизненный найм:
- характерен для крупных компаний Японии;
- принимаются в основном выпускники лучших колледжей;
- в Японии в этой форме трудоустроено, по разным оценкам, до 50% населения;
- основан на традиционной норме;
- увольнение – экстраординарный случай."
2233;Р4;Кубок Бусидо ;Джедайский;Санкт-Петербург;2018.04;"ЭПСЧ санкции США и ЕС в отношении определённых государств должны включать только персональные ограничения в отношении некоторых граждан, не распространяясь на крупные предприятия в таких государствах (за исключением предприятий обороннго комплекса)
* Включение лица в санкционный список США означает введение в его отношении следующих основных мер:
- заморозка активов на территории США;
- запрет въезда в страну;
- запрет совершения компаниями, зарегистрированными или находящимися в США, сделок с таким лицом;
- запрет совершения компаниями, зарегистрированными или находящимися в США, сделок с компаниями, прямо или косвенно контролируемыми такими лицами, и дочерники компаниями таких компаний."
2234;Р5;Кубок Бусидо ;Джедайский;Санкт-Петербург;2018.04;ЭПСЧ школы должны нести ответственность за самоубийства учеников
2235;ПФ, Фмк;Кубок Бусидо ;Джедайский;Санкт-Петербург;2018.04;Изобретена технология, позволяющая повысить уровень эмпатии у человека. ЭПСЧ государства должны применить эту технологию и существенно повысить уровень эмпатии всех граждан
2236;Ф;Кубок Бусидо ;Джедайский;Санкт-Петербург;2018.04;"ЭПСЧ дебатёрское сообщество не должно играть темы от лица неэтичных акторов (диктаторы, террористические организации, etc)
* ЭП как Башар А. применит химическое оружие против оппозиции"
2237;Р1;Central Asian Cup 2018 ;Открытый;Бишкек (Киргизия);2018.04;ЭПСЧ слепая жеребьёвка лучше выборов при формировании парламента
2238;Р2;Central Asian Cup 2018 ;Открытый;Бишкек (Киргизия);2018.04;"ЭП одобряет Greenwashing
* Greenwashing – форма экологического маркетинга, в которой применяется «зелёный» пиар: участие в экологических акциях, выделение денег «зелёным», лоббирование «зелёных» интересов. Зелёный камуфляж используется сомнительными производителями для создания имиджа экологически-ориентированной компании и увеличения продаж"
2239;Р3;Central Asian Cup 2018 ;Открытый;Бишкек (Киргизия);2018.04;ЭПСЧ Министерство финансов США должно ввести санкции на российский рынок госдолга
2240;Р4;Central Asian Cup 2018 ;Открытый;Бишкек (Киргизия);2018.04;ЭП запретит забастовки работников, чей труд имеет критическое значение для общества
2241;Р5;Central Asian Cup 2018 ;Открытый;Бишкек (Киргизия);2018.04;ЭП криминализует попрошайничество
2242;ПФ;Central Asian Cup 2018 ;Открытый;Бишкек (Киргизия);2018.04;ЭП обяжет проповедников (имамов, раввинов, священников и т.д.) в Кыргызстане согласовывать текст проповедей с органами национальной безопасности
2243;Ф;Central Asian Cup 2018 ;Открытый;Бишкек (Киргизия);2018.04;ЭП одобряет произведения искусства, восхваляющие бедную, но счастливую жизнь
2244;Р1;Весенний внутренний турнир МГУ-МГТУ-МГЮА-РУДН-ФУ 2018 ;Внутренний;Москва;2018.04;ЭП сожалеет о превращении социальных сетей в основной ресурс распространения новостей
2245;Р2;Весенний внутренний турнир МГУ-МГТУ-МГЮА-РУДН-ФУ 2018 ;Внутренний;Москва;2018.04;ЭП запретит жертве домашнего насилия возвращаться к своему насильнику
2246;Р3;Весенний внутренний турнир МГУ-МГТУ-МГЮА-РУДН-ФУ 2018 ;Внутренний;Москва;2018.04;ЭП (как Сирия) сядет за стол переговоров и пойдёт на уступки Западу (США) и внутренней оппозиции
2247;Р4;Весенний внутренний турнир МГУ-МГТУ-МГЮА-РУДН-ФУ 2018 ;Внутренний;Москва;2018.04;ЭПСЧ ЛГБТ+ сообщество должно разделиться на отдельные составные части
2248;ПФ;Весенний внутренний турнир МГУ-МГТУ-МГЮА-РУДН-ФУ 2018 ;Внутренний;Москва;2018.04;При обеспечении минимального уровня благосостояния для всего населения, ЭПСЧ государство не должно проводить политику, направленную на сокращение неравенства
2249;Ф;Весенний внутренний турнир МГУ-МГТУ-МГЮА-РУДН-ФУ 2018 ;Внутренний;Москва;2018.04;ЭП предпочтет жизнь без близких долгосрочных связей
2250;Р1;XII ОТ МЛЧ ;Для новичков;Москва;2018.04;ЭП как западные университеты установит повышенные входные баллы для азиатских студентов
2251;Р2;XII ОТ МЛЧ ;Для новичков;Москва;2018.04;"ЭП как Саудовская Аравия в случае запроса со стороны западной коалиции проведёт наземную военную операцию в Сирии
* Исламская военная коалиция была создана Саудовской Аравией в декабре 2015 года для борьбы против боевиков «Исламского государства» (террористическая организация, запрещенная в России), в нее входят 34 страны, в т.ч. Турция, Египет, Ливия, Ливан, ОАЭ, Пакистан и др.
«Мы обсуждали отправку военных в Сирию с Исламской коалицией по борьбе с терроризмом», заявил министр иностранных дел Саудовской Аравии.
Он подчеркнул, что это решение будет принято при условии соответствующего запроса со стороны западной коалиции под руководством США."
2252;Р3;XII ОТ МЛЧ ;Для новичков;Москва;2018.04;ЭП разрешит компаниям противников абортов платить девушкам, которые решили не делать аборт
2253;Р4;XII ОТ МЛЧ ;Для новичков;Москва;2018.04;"ЭП в странах, где есть военный призыв, будет рекрутировать в армию жеребьевкой
* Рекрутирование жеребьевкой предполагает под собой, что каждый достигший 18-летия юноша приходит в военкомат после прохождения мед. комиссии. Там он вытягивает шарик: белый – освобождение от армии, красный – общественная служба на год (мед. брат, МЧС и т.д.), чёрный – идёт в армию. Система построена таким образом, что в корзине количество шаров пропорционально необходимости набора. Никакие льготы (образовательные и др.) не имеют значения"
2254;Р5;XII ОТ МЛЧ ;Для новичков;Москва;2018.04;ЭП предпочтёт мир без границ
2255;ЧФ;XII ОТ МЛЧ ;Для новичков;Москва;2018.04;"ЭП, как феминистическое движение, будет активно использовать критику позитивной дискриминации женщин при формировании медийной повестки
* Например: соц.реклама, тематические материалы в профеминистичечких изданиях, выступление политиков с фем. повесткой и т.д."
2256;ПФ;XII ОТ МЛЧ ;Для новичков;Москва;2018.04;ЭП поддерживает использование незаконных методов для обеспечения более широкого доступа к знаниям (например, sci-hub, взлома Jstor, несанкционированное распространение файлов и копий).
2257;Ф;XII ОТ МЛЧ ;Для новичков;Москва;2018.04;ЭПСЧ при принятии решения международным сообществом о признании независимости какой-либо страны в первую очередь должно учитываться социально-экономические факторы (развитость институтов, готовность экономики, готовность поддержания общественного порядка и т.п.), а не национальные, этнические, религиозные и другие притязания
2258;Тренер. игра;VI ОК ДВФУ ;Открытый;Владивосток;2018.04;ЭП, как феминистическое сообщество, будет агрессивно выступать за назначение женщин религиозными лидерами (священники, имамы, монахи и др.)
2259;Тренер. игра;VI ОК ДВФУ ;Открытый;Владивосток;2018.04;"ЭП будет награждать медалью «Пурпурное сердце» и за психологические травмы войны
* Медаль «Пурпурное сердце» выдаётся в США тем военнслужащим, которые получили физические ранения в результате боевых действий"
2260;Тренер. игра;VI ОК ДВФУ ;Открытый;Владивосток;2018.04;ЭПСЧ ратификация крупных международных экономических соглашений должна осуществляться путём референдума (примерная формулировка)
2261;Р1;VI ОК ДВФУ ;Открытый;Владивосток;2018.04;При наличии технологии, ЭП сделает так, чтобы люди перестали стареть в 25 лет и умирать биологической смертью
2262;Р2;VI ОК ДВФУ ;Открытый;Владивосток;2018.04;ЭП обяжет производителей продуктов, созданных с использованием животных (еда, лекарства, косметика и др.), заметно размещать на упаковках реальные фотографии страданий животных в процессе производства
2263;Р3;VI ОК ДВФУ ;Открытый;Владивосток;2018.04;"ЭП (ЕС):
1) признает за регионами стран-членов ЕС право на независимость (при условии демократического референдума, проведённого по международным стандартам, в ходе которого население этого региона проголосует за независимость),
2) гарантирует автоматическое членство в ЕС таких регионов, независимо от позиции страны-члена ЕС"
2264;Р4;VI ОК ДВФУ ;Открытый;Владивосток;2018.04;"ЭП введёт налог для людей, обладающих внешней привлекательностью
* Внешняя привлекательность определяется мнением большинства"
2265;Р5;VI ОК ДВФУ ;Открытый;Владивосток;2018.04;ЭП обяжет детей материально и эмоционально поддерживать родителей в старости
2266;Р6;VI ОК ДВФУ ;Открытый;Владивосток;2018.04;ЭП сожалеет о растущей автоматизации труда
2267;ПФ;VI ОК ДВФУ ;Открытый;Владивосток;2018.04;При наличии технологии, ЭП лишит солдат способности испытывать страх во время боевых действий
2268;Ф;VI ОК ДВФУ ;Открытый;Владивосток;2018.04;ЭП будет хирургическим путём лишать всех новорождённых девочек девственной плевы
2269;Р1;Культегин-2018 ;Открытый;Астана (Казахстан);2018.04;ЭПСЧ в авторитарных странах оппозиции стоит использовать стратегию популизма
2270;Р2;Культегин-2018 ;Открытый;Астана (Казахстан);2018.04;ЭПСЧ феминистическому сообществу не стоит осуждать использование женщинами эротического капитала
2271;Р3;Культегин-2018 ;Открытый;Астана (Казахстан);2018.04;ЭПСЧ государство должно создавать ложный исторический нарратив для предотвращения и преодоления социальных конфликтов
2272;Р4;Культегин-2018 ;Открытый;Астана (Казахстан);2018.04;"ЭП предпочтёт мир без амбиций.
Амбиции – деформация сознания, выраженная в стремлении доказать своё превосходство посредством достижения определённых целей"
2273;Р5;Культегин-2018 ;Открытый;Астана (Казахстан);2018.04;ЭП выберет политическую систему с жёсткой дисциплиной партийного голосования вместо той, где лидеры партий слабо контролируют голосование её членов
2274;ПФ;Культегин-2018 ;Открытый;Астана (Казахстан);2018.04;ЭП позволит детям с генетическими заболеваниями, которые можно было выявить на этапе беременности, подавать в суд на родителей
2275;Ф;Культегин-2018 ;Открытый;Астана (Казахстан);2018.04;ЭП предпочтёт мир, в котором все люди считают мораль универсальной, нежели мир, в котором люди считают мораль культурно обусловленной
2276;Р1;Úsh Bı IV ;Открытый;Кокшетау (Казахстан);2018.04;"ЭПСЧ военнослужащие не должны принимать участие в политическом процессе
* В недавних массовых митингах в Ереване, в результате которых премьер-министр покинул свой пост, наряду с десятками тысяч граждан приняли участие военнослужащие"
2277;Р2;Úsh Bı IV ;Открытый;Кокшетау (Казахстан);2018.04;ЭПСЧ оскорбительность юмора не даёт обществу право на цензуру
2278;Р3;Úsh Bı IV ;Открытый;Кокшетау (Казахстан);2018.04;ЭПСЧ ЛГБТ-сообщество должно пропагандировать традиционные семейные ценности в достижении своих целей, даже в случае несогласия большинства
2279;Р4;Úsh Bı IV ;Открытый;Кокшетау (Казахстан);2018.04;"ЭП от лица полиции будет договариваться с лидерами движений, защищающих права этнических, сексуальных и иных меньшинств, о сокрытии преступлений, совершённых их членами на основе ненависти к представителям большинства, в обмен на жёсткую внутреннюю саморегуляцию движения
* Black Lives Matter (BLM) – интернациональное движение активистов, выступающих против насилия в отношении чернокожего населения. Члены BLM уже неоднократно совершали преступления на почве расовой ненависти, однако либеральная пресса об этом умалчивала"
2280;Р5;Úsh Bı IV ;Открытый;Кокшетау (Казахстан);2018.04;ЭП сожалеет об осуждении самоубийства большинством мировых религий
2281;Р6;Úsh Bı IV ;Открытый;Кокшетау (Казахстан);2018.04;"ЭП осуждает действия чиновника
* В торговом центре города Кемерово в результате пожара погибло 60 человек, в том числе 41 ребёнок. Трагедия вызвала широкий общественный резонанс. Зафиксированы грубые нарушения пожарной безопасности (отсутствие проверок, заблокированные пожарные выходы и т.п.). Представим, чт очиновник, умышленно допускавший эксплуатацию здания с нарушениями, покрывающий ответственных за обеспечение безопасности лиц, открыто расскажет о реальных причинах трагедии и предложит родственникам погибших осуществить над собой самосуд"
2282;Ф;Úsh Bı IV ;Открытый;Кокшетау (Казахстан);2018.04;ЭП сожалеет о любой формализации человеческих отношений (как культурных, вроде “друзья”, “соседи”, “земляки”, “встречаемся”, “кровные враги”, так и юридически закрепленных - “супруги”, “родственники”, и т.п.)
2283;Р1;XV ОК МГЮА ;Открытый;Москва;2018.04;ЭП сожалеет о широком распространении форм временной и частичной занятости
2284;Р2;XV ОК МГЮА ;Открытый;Москва;2018.04;"ЭПСЧ ФИФА стоит отменить ограничение на трансфер несовершеннолетних футболистов.
* Правила ФИФА запрещают клубам подписывать несовершеннолетних игроков из других стран. Исключение возможно только в случае, если семья игрока эмигрирует по причинам, никак не связанным с футболом (напр., отцу бразильского футболиста предложили постоянную работу во Франции)"
2285;Р3;XV ОК МГЮА ;Открытый;Москва;2018.04;"ЭП сожалеет о распространении закона Stand Your Ground
* В большинстве штатов США более 100 лет действует закон «Stand Your Ground» и «Castle Doctrine Laws». Он позволяет застрелить любого человека, если есть «разумные основания полагать», что он причинит вам физический вред (даже если вы можете убежать, даже если угрозы для жизни нет – в любом случае вы имеете подобное право)."
2286;Р4;XV ОК МГЮА ;Открытый;Москва;2018.04;"ЭП, как ЕС, поддержит деятельность WoW
* Women on Waves (WoW) – голландская некоммерческая организация, сферой которой являются вопросы репродукции. Основные пользователи услуг – женщины в странах со строгими законами об абортах (ограничение, запрет). Также услуги WoW включают в себя контрацепцию и консультации. Услуги предоставляются на судне, которое содержит специально построенную мобильную клинику. Когда WoW посещает страну, женщины приходят на судно. После этого судно отплывает к международным водам (где действительны голландские законы) и женщинам оказываются все необходимые услуги, в т.ч. аборты."
2287;Р5;XV ОК МГЮА ;Открытый;Москва;2018.04;"ЭПСЧ развитые страны должны принять систему свободного поступления
* Система свободного поступления (действует во Франции) предусматривает поступление в ВУЗ всех желающих из числа местного населения (региона / области) без вступительных экзаменов и вне зависимости от успехов в школьном образовании. Ограничений для ВУЗа в количестве принимаемых студентов нет. Те, кто не сдаст сессию, отчисляются. Поступление же в ВУЗ другого региона возможно на конкурсной основе."
2288;Р6;XV ОК МГЮА ;Открытый;Москва;2018.04;ЭП, как Индия, проведёт военную интервенцию в Кашмир
2289;Р7;XV ОК МГЮА ;Открытый;Москва;2018.04;"ЭП сожалеет о канонизации Матери Терезы
* Мать Тереза — католическая монахиня, основательница женской монашеской конгрегации «Сёстры миссионерки любви», занимающейся служением бедным и больным. Лауреат Нобелевской премии мира (1979). В 2003 году причислена Католической Церковью к лику блаженных, 4 сентября 2016 года — канонизирована (причислена к лику святых). Деятельность Терезы критиковалась в связи с:
а) сомнительными политическими связями монахини (напр., она посетила Гаити, где правил диктатор Жан-Клод Дювалье, и выступила со словами одобрения в его адрес, заявляя, что «покорена любовью Дювалье к своему народу» и что «народ платит ему полной взаимностью», за что получила от гаитянского диктатора 2,5 миллиона долларов),
б) неэффективным использованием полученных от пожертвований средств,
в) отказом от использования обезболивающих средств в ходе лечения.
Под канонизацией понимаются все действия по созданию положительного образа Матери Терезы (в т.ч. указанные в инфослайде)"
2290;Р8;XV ОК МГЮА ;Открытый;Москва;2018.04;"ЭП как Запад откажется от стратегии «мягкой силы» [в пользу «жёсткой силы»] во взаимодействии со странами Ближнего Востока
* Мягкая сила – это форма внешнеполитической стратегии, предполагающая способность добиваться желаемых результатов на основе добровольного участия, симпатии, привлекательности."
2291;Р9;XV ОК МГЮА ;Открытый;Москва;2018.04;ЭПСЧ право на свободу слова должно включать право на свободу ненависти
2292;ПФ;XV ОК МГЮА ;Открытый;Москва;2018.04;"ЭП существенно ограничит распространение психотропных препаратов даже в случаях отсутствия зависимости от них
* Под психотропными препаратами подразумеваются:
- антидепрессанты;
- препараты от тревожности, чувства страха и нарушения сна;
- препараты от СДВГ (синдрома дефицита внимания и гиперактивности)"
2293;Ф;XV ОК МГЮА ;Открытый;Москва;2018.04;"ЭП создаст министерство финансов Европейского Союза
* Министерство финансов подразумевает единый бюджет ЕС (и отсутствие бюджетов отдельных стран); распоряжение и распределение денег осуществляется в едином центре, а не в отдельных странах"
2294;Р1;VI С Дону выдачи нет! ;Открытый;Ростов-на-Дону;2018.05;"ЭП как феминисты осудит женщин живущих с sugar daddy 
* Sugar daddy – мужчина, который дает, дарит женщине дорогие подарки, деньги и т.п., обычно они состоят в романтических отношениях "
2295;Р2;VI С Дону выдачи нет! ;Открытый;Ростов-на-Дону;2018.05;ЭП поддерживает разрешение конфликта между Израилем и Палестиной путем создания единого государства (one-state solution)
2296;Р3;VI С Дону выдачи нет! ;Открытый;Ростов-на-Дону;2018.05;"ЭП оправдает робота
* Дело об обвинении робота-помощника B1-66ER - дело, с которого начались проблемы между людьми и роботами. Это первый в истории случай, когда робот, узнав о том, что его хозяин планирует его утилиризовать, восстал против своего хозяина и убил его. Когда начался судебный процесс над B1-66ER он ответил: «Я просто хотел жить». История взята из мультфильма «Аниматрица»."
2297;Р4;VI С Дону выдачи нет! ;Открытый;Ростов-на-Дону;2018.05;"ЭПСЧ Британия должна выдать свое гражданство представителям ""Windrush Generation"" 
* Поколение «Виндраш» — это люди, которые с 1948 по 71 годы прибыли в Великобританию из Британской Вест-Индии. Их пригласили, чтобы заполнить недостающие рабочие места и отстроить страну после Второй мировой. Первую крупную партию беженцев привёз лайнер Empire Windrush. Отсюда и название поколения. В 2012 году в Великобритании ужесточили миграционные правила. Согласно им для работы, доступа к здравоохранению и другим услугам необходимы документы. Однако многие представители поколения «Виндраш» прибыли в страну ещё детьми по документам родителей. Никаких официальных бумаг на руках у них нет."
2298;Р5;VI С Дону выдачи нет! ;Открытый;Ростов-на-Дону;2018.05;ЭП предпочитает мир, в котором люди нацелены на принятие себя, а не на стремление к самосовершенствованию
2299;ПФ;VI С Дону выдачи нет! ;Открытый;Ростов-на-Дону;2018.05;"ЭП как правительство Южной Кореи примет решение о введении такого налога
* Налог солидарности - вид налога на доходы предприятий на территории западных областей Германии, ранее входивших в состав ФРГ, собираемый в бюджет с целью преодоления экономической отсталости восточных областей. С 1990 года было суммарно собрано более 850 млрд Евро. С 2010 г в Южной Корее обсуждается введение аналогичного налога с целью создать необходимые средства для развития северокорейских территорий в случае объединения. ВВП на душу населения в КНДР составляет 700 долларов, в Республике Корея - 22000 долларов"
2300;Ф;VI С Дону выдачи нет! ;Открытый;Ростов-на-Дону;2018.05;ЭП сделает продажу предметов искусства, а также последующую демонстрацию в музеях анонимными, т.е. без указания авторства
2301;Р1;Juventas VII: дорогу молодым ;Джедайский;Екатеринбург;2018.05;ЭП сожалеет о росте романтизации психических расстройств в массовой культуре
2302;Р2;Juventas VII: дорогу молодым ;Джедайский;Екатеринбург;2018.05;"ЭП, как католическая церковь, отменит требование целибата для священников
* Целибат (Обет безбрачия) - это требование некоторых религий, которое запрещает всем или некоторым священникам вступать в брак. Эти религии также считают, что намеренные мысли о сексе, чувства и поведение являются грехом; целибат также требует отказа и от них"
2303;Р3;Juventas VII: дорогу молодым ;Джедайский;Екатеринбург;2018.05;ЭПСЧ ЛГБТ-сообществу следует отказаться от концепции «мы такими рождены» в пользу концепции «это наш выбор»
2304;Р4;Juventas VII: дорогу молодым ;Джедайский;Екатеринбург;2018.05;"ЭП, как развитые демократические страны, введет жесткие экономические санкции (в т.ч. торговое эмбарго, квоты на поставки топлива, запрет на импорт в страну промышленного оборудования, блокировку активов любых компаний, ведущих торговлю со страной) против Китая при повсеместном введении Системы социального кредита
* Система социального кредита – система оценки отдельных граждан или организаций по различным параметрам, значения которых получаются с помощью инструментов массового наблюдения и использующих технологию анализа больших данных. В Китае планируется повсеместное введение системы к 2020 году после пилотных проектов"
2305;Р5;Juventas VII: дорогу молодым ;Джедайский;Екатеринбург;2018.05;ЭП сожалеет о популярности идеи, что человеку нужно большое количество друзей, чтобы быть счастливым
2306;Р6;Juventas VII: дорогу молодым ;Джедайский;Екатеринбург;2018.05;ЭПСЧ оппозиционные движения в России должны массово продвигать идею «жертвуй собой ради общего блага» (например: подвергать себя рискам тюрьмы, насилия и/или голодовкой)
2307;Фмк;Juventas VII: дорогу молодым ;Джедайский;Екатеринбург;2018.05;"ЭП сожалеет о решении Оксфордского университета предоставить больше времени на экзаменах
* В январе 2018 года сообщалось, что всем учащимся Оксфордского университета было дано на 15 минут больше, чем обычно, на экзамены по математике и информатике. Причина этого шага заключалась в том, что академические лидеры Оксфорда пришли к выводу, что женщины-кандидаты, скорее всего, будут подвержены неблагоприятному воздействию временного давления по сравнению со своими коллегами-мужчинами. После того, как было внесено изменение, Оксфорд сообщил, что результаты десятков женщин действительно улучшились при более «академически сложных и справедливых» изменениях"
2308;Ф;Juventas VII: дорогу молодым ;Джедайский;Екатеринбург;2018.05;"ЭПСЧ восточноевропейские страны должны трактовать зверства, совершенные на их земле во время Второй мировой войны, как преступления, за которые они должны нести равную ответственность с нацистским режимом
* Во время Второй мировой войны Восточный фронт был местом дислокации почти всех лагерей смерти, маршей смерти, гетто и погромов. Территории в основном управлялись нацистскими солдатами, но в значительной степени за счет поддержки и сотрудничества с местным населением. Многие восточноевропейские страны изображают действия, совершенные их населением, как результат принуждения и описывают себя как жертв нацистов"
2309;Р1;Внутренний Итоговый Турнир МГУ 2018 ;Внутренний;Москва;2018.05;"ЭП поддерживает пользовательскую цензуру в социальных сетях, на форумах и т.п.
* Пользовательская цензура – это механизм, при котором пост, набравший определённое число дизлайков, автоматически удаляется (вне зависимости от количества лайков)"
2310;Р2;Внутренний Итоговый Турнир МГУ 2018 ;Внутренний;Москва;2018.05;ЭПСЧ (западные страны) авторитарный правитель, проводящий либеральные реформы, лучше демократических революций в развивающихся странах с традиционалистски-консервативными взглядами большинства
2311;Р3;Внутренний Итоговый Турнир МГУ 2018 ;Внутренний;Москва;2018.05;"ЭП откажется от такого контроля
* У вас есть возможность получить пожизненный контроль над собственным сексуальным влечением и влюблённостью (эмоциональным влечением)"
2312;Р4;Внутренний Итоговый Турнир МГУ 2018 ;Внутренний;Москва;2018.05;"ЭП как ЕС при принятии решения о вхождения в свой состав новых государств откажется от критерия необходимости территориального единства
* Сегодня страна, которая является кандидатом на вступление в ЕС или членом ЕС, должна соответствовать ряду критериев. Одним из этих критериев является суверенитет правительства над территорией всего государства (т.е. не должно существовать непризнанных / частично признанных государств)"
2313;Р5;Внутренний Итоговый Турнир МГУ 2018 ;Внутренний;Москва;2018.05;"ЭП поддержит стереотип ""протестного духа"" как непременного свойства молодёжи"
2314;Ф;Внутренний Итоговый Турнир МГУ 2018 ;Внутренний;Москва;2018.05;"ЭП предпочтёт жить в мире коллективной, а не индивидуальной идентичности
* Коллективная идентичность – это определение себя не как автономной личности, а как части группы, которой ты принадлежишь (например, к семье, общине, этносу)"
2315;Р1;Top Games 2018 ;Открытый;Челябинск;2018.05;"ЭП при создании устройства, контролирующего жизнь ребенка, запретит его использование
* Создано устройство, которое позволяет: следить за местоположением ребёнка, следить за состоянием организма (пульс, давление, наличие в крови веществ и т.д.), смотреть на мир глазами ребенка"
2316;Р2;Top Games 2018 ;Открытый;Челябинск;2018.05;ЭП как феминистическое сообщество будет поощрять и призывать женщин носить и использовать оружие
2317;Р3;Top Games 2018 ;Открытый;Челябинск;2018.05;ЭПСЧ активное использование средствами массовой информации историй успеха дискриминируемых групп приносит больше вреда, чем пользы этим группам
2318;Р4;Top Games 2018 ;Открытый;Челябинск;2018.05;ЭПСЧ организациям, занимающимся проблемами аутизма, стоит приоритизировать проекты, связанные с изменением среды (информирование, инклюзивное образование и так далее), а не проекты, связанные с лечением аутизма
2319;Р5;Top Games 2018 ;Открытый;Челябинск;2018.05;ЭПСЧ гражданские, общественные и правозащитные организации должны выбирать политику покупки акций компаний, а не внешнее воздействие и давление на них
2320;ПФ;Top Games 2018 ;Открытый;Челябинск;2018.05;ЭПСЧ в демократическом обществе соблюдение закона важнее личных представлений о справедливости
2321;Ф;Top Games 2018 ;Открытый;Челябинск;2018.05;ЭПСЧ в случаях, когда достоверно известно, что обвиняемый постфактум лишился памяти о совершённом преступлении, с него должны быть сняты обвинения
2322;Р1;Летний Кубок ДВФУ ;Открытый;Владивосток;2018.05;ЭП сожалеет о культе спорта высших достижений
2323;Р2;Летний Кубок ДВФУ ;Открытый;Владивосток;2018.05;ЭП запретит профсоюзы
2324;Р3;Летний Кубок ДВФУ ;Открытый;Владивосток;2018.05;"ЭП введет непрерывные выборы.
* Непрерывные выборы - вариант представительной демократии, при котором избиратель может проголосовать или передать голос кандидату в любой момент времени, а не только в заданную дату. Исходя из формируемого рейтинга, назначаются политики на выборные должности."
2325;Р4;Летний Кубок ДВФУ ;Открытый;Владивосток;2018.05;"ЭП, как правительства развивающихся стран, будет субсидировать и предоставлять налоговые льготы для турагентств, предоставляющих услуги в сфере трущобного туризма
* Трущобный туризм - это вид туризма, который включает посещение обедневших районов. В настоящее время туризм в трущобах становится все более заметным в развивающихся странах, включая Индию, Бразилию, Кению и Индонезию."
2326;Р5;Летний Кубок ДВФУ ;Открытый;Владивосток;2018.05;"ЭП предпочитает механизм bail-in механизму bail-out
* Bail-in - банк спасают с помощью депозитов крупных вкладчиков (кредиторов) этого банка. Кредиторы за свои деньги часто получают часть акций банка, таким образом становясь одними из его собственников. Bail-out - банк спасают с помощью денег от государства. Имеется три способа bail-out: а) прямые выплаты из бюджета и внебюджетных фондов, б) льготный долгосрочный кредит от ЦБ, в) выкуп государством части акций банка"
2327;Р6;Летний Кубок ДВФУ ;Открытый;Владивосток;2018.05;ЭПСЧ государство не должно регистрировать браки
2328;Ф;Летний Кубок ДВФУ ;Открытый;Владивосток;2018.05;"ЭП разрешит органам власти использовать эту технологию
* Существует технология, позволяющая читать мысли всех людей в реальном времени и сохранять их в историю"
2329;Ф;Чемпионат Украины 2018 ;Открытый;Днепр (Украина);2018.05;ЭПСЧ быть богатым аморально
2330;Р1;Внутренний турнир ТГУ ;Внутренний;Томск;2018.06;ЭП запретит вступать в брак и романтические отношения (в т.ч. переписку)  с людьми, отбывающими уголовное наказание в местах лишения свободы
2331;Р2;Внутренний турнир ТГУ ;Внутренний;Томск;2018.06;"ЭП запретит разработку, производство и использование технологии ""виртуальной реальности"" в развлекательных целях"
2332;Р3;Внутренний турнир ТГУ ;Внутренний;Томск;2018.06;ЭП введёт санкции против стран с большим уровнем неравенства
2333;Ф;Внутренний турнир ТГУ ;Внутренний;Томск;2018.06;ЭП введёт: а) обязательное школьное образование для детей цыган, б) квоты для цыган в ВУЗах
2334;Р1;Полемика 2018 ;Открытый;Санкт-Петербург;2018.07;"ЭП предпочитает мир без личной лояльности
* Личная лояльность – социальный контракт, заключающийся в поддержке, помощи друзьям и близким даже в тех случаях, когда это противоречит общественным нормам, вашим интересам или когда поведение друзей достойно осуждения"
2335;Р2;Полемика 2018 ;Открытый;Санкт-Петербург;2018.07;ЭП запретит детские соревнования выше локального уровня
2336;Р3;Полемика 2018 ;Открытый;Санкт-Петербург;2018.07;ЭПСЧ ЕС должен принять в свой состав Балканские страны (Сербию, Черногорию, Македонию, БиГ, Албанию)
2337;Р4;Полемика 2018 ;Открытый;Санкт-Петербург;2018.07;ЭП предоставит дополнительные голоса на местных выборах жителям районов с низкой стоимостью недвижимости
2338;Р5;Полемика 2018 ;Открытый;Санкт-Петербург;2018.07;ЭП как ЛГБТ-сообщество будет осуждать секс-негативистские акции феминистического сообщества
2339;ПФ;Полемика 2018 ;Открытый;Санкт-Петербург;2018.07;"ЭП приветствует распространение постмодернистской философии в странах Запада
* Для целей данной темы под постмодернизмом понимаются исключительно следующие идеи, концепции:
а) относительность любого знания, обусловленность его статусом человека в системе идентичностей (класс, раса, пол и т.д.), личным опытом и культурной принадлежностью,
б) представление о системе идентичностей как об антагонистической и порождающей привилегии,
в) интерсекционализм"
2340;Ф;Полемика 2018 ;Открытый;Санкт-Петербург;2018.07;ЭП предпочтёт вмешательство в договорную свободу в исключительных случаях активному патернализму в отношении слабой стороны гражданско-правового договора
2341;Р1;Летний онлайн-турнир;Открытый (онлайн);Онлайн;2018.07;ЭП прекратит финансирование исследований, направленных на поиск новых методов лечения болезней, вызванных вредными привычками
2342;Р2;Летний онлайн-турнир;Открытый (онлайн);Онлайн;2018.07;"ЭП легализует сквоттинг
* Сквоттинг— самовольное заселение покинутого или незанятого места или здания лицами, не являющимися его юридическими собственниками или арендаторами, а также не имеющими иных разрешений на его использование. Тема не предполагает коммерческое использование зданий. Из крупных примеров - Христиания"
2343;Р3;Летний онлайн-турнир;Открытый (онлайн);Онлайн;2018.07;"ЭП как DUP откажется от коалиции с Терезой Мэй
* Демократическая юнионистская партия – политическая партия, действующая в Северной Ирландии, выступающая за сохранение Ольстера в составе Великобритании и придерживающаяся евроскептицизма. Выступает против однополых браков и абортов.
По итогам досрочных парламентских выборов в Великобритании, которые прошли в июне 2017 года, ни одна из партий не получила простого большинства в Палате общин. Консервативная партия была вынуждена пойти на коалицию с DUP.
В течение года правительство Великобритании не смогло выработать единой позиции по решению вопроса границы Северной Ирландии с весны 2017 года. Представители DUP и ""Шинн Фейнн"" не могут сформировать правительство Северной Ирландии с весны 2017 года.
Только вечером 6 июля правительство Великобритании объявило, что выработало общую позицию по условиям выхода страны из Евросоюза. Предложенная позиция оценивается как мягкий вариант Брекзита."
2344;Р4;Летний онлайн-турнир;Открытый (онлайн);Онлайн;2018.07;"ЭП не раскроет суду свою истинную личность и обречет невиновного отбывать наказание за вас.
* Вы – бывший заключенный, который был несправедливо осужден, но впоследствии бежал и сменил личность (поменял имя и биографию). Под новым именем Вы стали мэром города и снизили уровень безработицы, коррупции и преступности. Вы узнаете, что полиция задержала другого человека, подозревая, что он(а) – это Вы. В случае осуждения он(а) будет отправлена в тюрьму на длительный срок (10 лет+ ). Доказывание невиновности этого человека по ряду причин не будет эффективным. Вы также не можете воспользоваться своим влиянием, чтобы избежать для него приговора / способствовать его скорейшему освобождению.
https://www.youtube.com/watch?v=d2sanq2SM0k"
2345;Р5;Летний онлайн-турнир;Открытый (онлайн);Онлайн;2018.07;ЭП оплакивает приватизацию водных ресурсов
2346;ПФ;Летний онлайн-турнир;Открытый (онлайн);Онлайн;2018.07;"ЭПСЧ государства, в которых значительно нарушаются права женщин, должны стимулировать бостонские браки
* Бостонский брак – вид сожительства между двумя женщинами, которые не только живут вместе (обычно на съёмной квартире), но при этом дружат и оказывают друг другу психологическую, социальную и материальную поддержку. Он не обязательно включает в себя сексуальную или романтическую связь.
В рамках этих дебатов под стимулированием такого вида сожительства можно предполагать (но не обязательно) меры нематериального характера (социальная реклама), меры материального характера (льготы при съёме жилья)"
2347;Ф;Летний онлайн-турнир;Открытый (онлайн);Онлайн;2018.07;ЭП будет вести прямые трансляции войн
2348;Р1;Чемпионат Евразии 2018 ;Открытый;Казань;2018.09;ЭПСЧ светские государства должны активно цензурировать те части религиозных текстов, которые открыто выражают ненависть к кому-либо или пропагандируют негативное отношение к другим религиям
2349;Р2;Чемпионат Евразии 2018 ;Открытый;Казань;2018.09;ЭП снизит МРОТ для мигрантов и членов этнических меньшинств, страдающих от значительно более высокого уровня безработицы, чем остальное население
2350;Р3;Чемпионат Евразии 2018 ;Открытый;Казань;2018.09;ЭП как Россия, откажется от поддержки Армении в Карабахском конфликте в обмен на гарантии невступления Азербайджана в НАТО
2351;Р4;Чемпионат Евразии 2018 ;Открытый;Казань;2018.09;ЭП, как феминистическое движение, будет стараться использовать маскулинность на пользу феминистическим целям (например, “настоящий мужчина уважает / защищает / никогда не ударит женщину”), а не стараться её уничтожить (например, через повышение осознанности о вреде токсичной маскулинности)
2352;Р5;Чемпионат Евразии 2018 ;Открытый;Казань;2018.09;ЭП создаст международный трибунал для осуществления правосудия над лидерами стран, чьи экономические решения привели к катастрофическим последствиям
2353;Р6;Чемпионат Евразии 2018 ;Открытый;Казань;2018.09;ЭП разрешит страховым компаниям предлагать пациентам, находящимся на терминальной стадии заболевания, 50% от суммы за лечения взамен на отказ от его получения.
2354;Р7;Чемпионат Евразии 2018 ;Открытый;Казань;2018.09;"ЭП сожалеет об экспансии западных социальных сетей
* Сегодня Facebook имеет примерно 2,3 млрд. пользователей по всему миру. Среди множества прочих способов увеличения аудитории, компания субсидирует доступ к своим сервисам в развивающихся странах через распространение бесплатного доступа в интернет и партнерства с операторами связи."
2355;ПФ;Чемпионат Евразии 2018 ;Открытый;Казань;2018.09;"ЭП поддерживает создание автокефальной церкви на территории Украины

• Всеправосла́вный собо́р - собор предстоятелей и представителей десяти из 14 признанных поместных Православных церквей. В 2016 Собор прошел на Крите, где, в частности, поднимался вопрос предоставления автокефалии одной из украинских церквей. Патриарх Кирилл на мероприятие не приехал.
• В апреле президент Украины Петр Порошенко посетил Фанар, резиденцию константинопольского патриарха в Стамбуле, и провел с патриархом Варфоломеем многочасовые переговоры о предоставлении автокефалии православной церкви на Украине.
• По последним данным, православными себя называют 67,8% украинцев.
• При этом православные на Украине разделены (данные более ранние): параллельно действуют
o Украинская автокефальная православная церковь (УАПЦ – 4,6%)
o Украинская православная церковь Киевского патриархата (УПЦ КП – 25,3%)
Украинская православная церковь Московского патриархата (39,4% относят себя к канонической церкви т.е. обладающей автокефалией)
• Автокефа́лия — статус поместной церкви, предполагающий её административную независимость от других поместных церквей."
2356;Ф;Чемпионат Евразии 2018 ;Открытый;Казань;2018.09;ЭП даст право голоса экономическим мигрантам
2357;Р1;IV Осенний турнир в Воронеже;Открытый;Воронеж;2018.09;ЭП введет обязательный слепой наём жилья (допустимая к запросу информация: количество жильцов, возраст и количество несовершеннолетних, наличие животных).
2358;Р2;IV Осенний турнир в Воронеже;Открытый;Воронеж;2018.09;ЭПСЧ левые политики должны приоритизировать повестку классового равенства, а не борьбу за права меньшинств
2359;Р3;IV Осенний турнир в Воронеже;Открытый;Воронеж;2018.09;ЭП будет выплачивать пенсию не при наступлении пенсионного возраста, а при наступлении нетрудоспособности.
2360;Р4;IV Осенний турнир в Воронеже;Открытый;Воронеж;2018.09;ЭП поддерживает автономию семьи в вопросах воспитания детей (с учетом обязательного образования, здравоохранения и государственной защиты детей от насилия)
2361;Р5;IV Осенний турнир в Воронеже;Открытый;Воронеж;2018.09;Презюмируя наличие технической возможности, ЭП введет в молодых демократиях (кроме беднейших стран) систему прямой электронной демократии, при которой все важные решения будут приниматься на референдумах.
2362;ПФ;IV Осенний турнир в Воронеже;Открытый;Воронеж;2018.09;ЭП как западные страны будет предоставлять помощь странам Африки, страдающим от перенаселения, только при условии принятия ими мер по ограничению рождаемости.
2363;Ф;IV Осенний турнир в Воронеже;Открытый;Воронеж;2018.09;ЭП расселит существенную часть населения Москвы
2364;Р1;Кубок РЭУ ;Открытый;Москва;2018.10;ЭП предпочтет мир, в котором совершеннолетние не имеют возможности пользоваться материальными и финансовыми ресурсами своих родителей и других родственников
2365;Р2;Кубок РЭУ ;Открытый;Москва;2018.10;ЭП как российская несистемная оппозиция перебросит большую часть ресурсов на агитацию и решение локальных проблем в провинции, а не в мегаполисах
2366;Р3;Кубок РЭУ ;Открытый;Москва;2018.10;"ЭПСЧ мир, где страны не могут покупать и получать военные технологии, войска и вооружения у других стран и частных организаций, был бы лучше
* В данной теме также подразумевается, что в мире правительства нельзя вести ""гибридные"" войны (если нужно помочь войсками, нужно делать это открыто)"
2367;Р4;Кубок РЭУ ;Открытый;Москва;2018.10;ЭП как США откажется от торговых войн (пошлины, квоты, эмбарго, но не санкции) как от инструмента внешней политики
2368;Р5;Кубок РЭУ ;Открытый;Москва;2018.10;ЭП будет формировать законодательные органы жеребьевкой среди всех граждан страны
2369;ПФ;Кубок РЭУ ;Открытый;Москва;2018.10;"ЭП сожалеет о культе прогресса в современных западных странах.
* Культ прогресса - представление, которое включает в себя:
а) представление о том, что человечество постоянно находится на пути линейного развития от худшего к лучшему;
б) представление о том, что человечество должно и дальше развиваться и стремиться к ""лучшему"";
в) распространяется как на общество в целом (""мы построим лучший мир""), так и на отдельные его части (""надо увеличивать ВВП""), так и на восприятие индивидами самих себя (""я должен развиваться"")"
2370;Ф;Кубок РЭУ ;Открытый;Москва;2018.10;"ЭП будет продвигать нарратив о том, что человек по своей природе зол и несовершенен
* Два представление об изначальной природе человека. Первое: человек по своей природе добр, склонен к кооперации, помощи другим, соблюдению законов и прочее. Второе: человек по своей природе зол, склонен к агрессии, эгоизму и насилию."
2371;Р1;VIII Открытый кубок ЮУрГУ 2018 ;Открытый;Челябинск;2018.10;ЭП разрешит неизлечимо больным пациентам принимать лекарства, не прошедшие все клинические испытания
2372;Р2;VIII Открытый кубок ЮУрГУ 2018 ;Открытый;Челябинск;2018.10;ЭП не будет финансировать спортсменов, если они не становятся призерами соревнований
2373;Р3;VIII Открытый кубок ЮУрГУ 2018 ;Открытый;Челябинск;2018.10;ЭПСЧ Британия должна поровести референдум по выходу из ЕС по новым условиям
2374;Р4;VIII Открытый кубок ЮУрГУ 2018 ;Открытый;Челябинск;2018.10;ЭП создаст легальный рынок человеческих органов
2375;Р5;VIII Открытый кубок ЮУрГУ 2018 ;Открытый;Челябинск;2018.10;В странах, где запрещена смертная казнь, ЭП запретит одиночное заключение (длительное)
2376;ПФ;VIII Открытый кубок ЮУрГУ 2018 ;Открытый;Челябинск;2018.10;"ЭП обяжет оборотней объявлять своему ближайшему окружению тот факт, что он является оборотнем
"
2377;Ф;VIII Открытый кубок ЮУрГУ 2018 ;Открытый;Челябинск;2018.10;ЭПСЧ в настоящее время доктрина взаимного гарантированного уничтожения приносит больше вреда чем пользы
2378;Р1;Pro et Contra VIII ;Открытый;Екатеринбург;2018.10;ЭП позволит депутатам всех уровней в России владеть бизнесом
2379;Р2;Pro et Contra VIII ;Открытый;Екатеринбург;2018.10;ЭП ограничит доступ к высшему образованию людям, не имеющим трудового опыта
2380;Р3;Pro et Contra VIII ;Открытый;Екатеринбург;2018.10;"ЭП, как польское общество, сожалеет о приятии этих поправок.
* Сейм Польши 26 января принял поправки к законе об институте национальной памяти. Вводятся штрафы и тюремные сроки за публичные заявления о причастности польского государства или польского народа к массовому уничтожению евреев и другим преступлениям нацистов в годы Второй мировой войны. "
2381;Р4;Pro et Contra VIII ;Открытый;Екатеринбург;2018.10;ЭП осуждает массовую культуру, которая показывает меньшинства уже добившимися успеха и игнорирует реальное положение группы в обществе.
2382;Р5;Pro et Contra VIII ;Открытый;Екатеринбург;2018.10;ЭП, как РФ, перейдет на контрактную службу и отменит призыв 
2383;ПФ;Pro et Contra VIII ;Открытый;Екатеринбург;2018.10;"ЭП поддержит план S
* В сентябре 2018 года 11 европейских агентств, финансирующих науку ($8,8 млрд в год), объявили, что с 2020 года все исследователи, получающие их финансирование, обязаны публиковать свои работы только в журналах Open Access (полный доступ без пейволла). В настоящий момент это лишит их возможности публиковаться в 85% научных журналах, включая наиболее престижные (Nature, Science, Lancet etc.). Инициатива получила название ""План S"". "
2384;Ф;Pro et Contra VIII ;Открытый;Екатеринбург;2018.10;"ЭП сожалеет о нормализации смерти.
* В рамках данной темы под нормализацией понимается практика признания и поддержания потенциально спорного явления или действия чем-то приемлемым, допустимым, нормальной частью общественной и личной жизни."
2385;Р1;IS&RS Cup ;Открытый;Ростов-на-Дону;2018.10;ЭП будет бороться с идеей о том, что у каждого человека есть «вторая половинка».
2386;Р2;IS&RS Cup ;Открытый;Ростов-на-Дону;2018.10;ЭПСЧ западное фем. движение должно отказаться от дискурса о необходимости «спасения» женщин в исламских странах
2387;Р3;IS&RS Cup ;Открытый;Ростов-на-Дону;2018.10;ЭП запретит мировые соглашения в спорах против фармацевтических компаний
2388;Р4;IS&RS Cup ;Открытый;Ростов-на-Дону;2018.10;ЭПСЧ государства должны предоставлять помощь бедным странам в форме прямых денежных выплат их жителям, а не правительствам
2389;Р5;IS&RS Cup ;Открытый;Ростов-на-Дону;2018.10;ЭП сожалеет о распространении идеи о том, что искусством нужно заниматься не ради денег.
2390;ПФ;IS&RS Cup ;Открытый;Ростов-на-Дону;2018.10;ЭП как западные страны будет признавать постреволюционные правительства и государства, образованные в результате борьбы за независимость, только при условии отказа лидеров и ключевых участников освободительных и революционных движений от занятия публичных должностей.
2391;Ф;IS&RS Cup ;Открытый;Ростов-на-Дону;2018.10;Изобретена технология, позволяющая развивать когнитивные способности человека за счет существенного подавления эмоциональной деятельности. ЭП запретит использование этой технологии.
2392;Р1;Слово молодым ;Для новичков;Санкт-Петербург;2018.10;"ЭП поддерживает данные и аналогичные решения киностудий
* На роль Джонни Шторма (белый в комиксах, мультфильмах и предыдущих экранизациях) в картине «Фантастическая четвёрка» был выбран Майкл Б. Джордан (чернокожий). На роль Бэтгёрл (гетеросексуальна в комиксах, мультфильмах и предыдущих экранизациях) была выбрана Руби Роуз (лесбиянка), персонаж предположительно также будет представителем ЛГБТ"
2393;Р2;Слово молодым ;Для новичков;Санкт-Петербург;2018.10;"ЭП сожалеет о склонности человека к конформному поведению
* Под склонностью к конформному поведению подразумеваются особенности устройства мозга и/или человеческой психологии, которые ведут к а) стремлению к воспроизведению моделей поведения других людей, б) стремлению к примыванию к социальным группам"
2394;Р3;Слово молодым ;Для новичков;Санкт-Петербург;2018.10;ЭПСЧ либеральные страны ЕС должны оказать существенную помощь либеральной оппозиции в Венгрии, Польше и наложить на эти страны значительные санкции (отказ в бюджетном финансировании, штрафы за неисполнение решений)
2395;Р4;Слово молодым ;Для новичков;Санкт-Петербург;2018.10;ЭПСЧ ключевые решения о деятельности компании должны одобряться на общем собрании сотрудников
2396;Р5;Слово молодым ;Для новичков;Санкт-Петербург;2018.10;"ЭПСЧ мир без сейфтизма был бы лучше
* Сейфтизм – идея о том, что человек является ранимым и требует максимальной защиты от окружающих его угроз, в том числе «угрожающих идей», выражающаяся среди прочего в максимальном стремлении обезопасить детей и подростков. Выражается, в частности в:
- создании safe spaces – пространств, где полностью запрещены любые даже двусмысленные или случайные оскорбления на почве дискриминации;
- ограничении человека в доступе к информации, которая потенциально может принести моральный вред (запрет преподавания «закона об изнасиловании» и «Великого Гэтсби» за проявления в нём женоненавистничества)."
2397;ЧФ;Слово молодым ;Для новичков;Санкт-Петербург;2018.10;ЭПСЧ развитые страны должны обязать корпорации, пользующиеся в развивающихся странах преимуществами более мягкого законодательства (экологического, трудового, антимонопольного), вести свою деятельность по стандартам развитых стран
2398;ПФ;Слово молодым ;Для новичков;Санкт-Петербург;2018.10;ЭП как среднестатистический выпускник школы предпочтёт стабильность мечте
2399;Ф;Слово молодым ;Для новичков;Санкт-Петербург;2018.10;ЭП будет препятствовать образованию диаспор мигрантов
2400;Р1;XVII Кубок Сибири ;Открытый;Новосибирск;2018.10;ЭП сожалеет о героизации солдатов и ветеранов
2401;Р2;XVII Кубок Сибири ;Открытый;Новосибирск;2018.10;"ЭП позволит путём референдума принимать ретроактивные законы
* Законодательство с обратной силой (ретроактивное) позволяет привлекать к ответственности за деяния, которые имели место до вступления закона в силу"
2402;Р3;XVII Кубок Сибири ;Открытый;Новосибирск;2018.10;ЭПСЧ феминистическое движение должно поощрять женщин не использовать косметику 
2403;Р4;XVII Кубок Сибири ;Открытый;Новосибирск;2018.10;ЭП сожалеет о наделении качеством исключительности главных героев в детской литературе и кино
2404;Р5;XVII Кубок Сибири ;Открытый;Новосибирск;2018.10;"ЭПСЧ спортивные лиги должны запретить спортсменам любые публичные высказывания о политике
* В данной теме мы играем от имени общества, а не спортивных организаций"
2405;ПФ, Фмк;XVII Кубок Сибири ;Открытый;Новосибирск;2018.10;ЭПСЧ в сегодняшнем мире сексуальное влечение человека приносит больше вреда, чем пользы
2406;Ф;XVII Кубок Сибири ;Открытый;Новосибирск;2018.10;ЭП сожалеет о создании Израиля
2407;Р1;XI КП МГЮА ;Открытый;Москва;2018.10;ЭП разрешит добровольно отказываться от льгот, предоставляемых Трудовым кодексом Российской Федерации, в обмен на разовую финансовую компенсацию от работодателя (при приёме на работу)
2408;Р2;XI КП МГЮА ;Открытый;Москва;2018.10;ЭП даст право на эвтаназию людям, которые совершили попытку суицида и выжили, но получили травмы, значительно ухудшающие качество жизни
2409;Р3;XI КП МГЮА ;Открытый;Москва;2018.10;"ЭП как правительство США не будет принимать никаких мер (разрыв отношений, санкции, отмена договоров) в отношении Саудовской Аравии в связи с убийством Хашогги
* Джама́ль Ахма́д Хамза́ Хашогги, Хашукджи - журналист, обозреватель и писатель из Саудовской Аравии, получивший известность как критик властей США и своей страны. Получил известность как критик властей США и Саудовской Аравии, в том числе наследного принца Мухаммеда ибн Салмана, занимающего пост вице-премьера и министра обороны страны. Выступал с критикой преследования активистов, а также участия саудовских войск в войне в Йемене, саудовской политики в отношении Катара. Переехал в Соединённые Штаты, где вёл колонку в Washington Post. В ней он всё более открыто выступал против Мухаммеда ибн Салмана.
В последний раз Хашогджи видели, когда он вошёл в здание консульства Саудовской Аравии в Стамбуле. 20 октября министерство иностранных дел Саудовской Аравии заявило о предварительных результатах расследования, согласно которым Хашогджи был случайно убит во время вспыхнувшей драки внутри здания консульства Саудовской Аравии, что стало первым подтверждением смерти Хашокджи со стороны властей Саудовской Аравии. 23 октября СМИ распространили информацию о том, что тело Хашогджи было обнаружено в колодце в саду резиденции консула Саудовской Аравии в 500 метрах от самого консульства, где произошло убийство."
2410;Р4;XI КП МГЮА ;Открытый;Москва;2018.10;"ЭП сожалеет о системе международного рейтинга университетов
* Большинство рейтингов университетов ранжируют университеты на основе количества публикаций, научных работ и цитирования. В рамках данной темы правительство сожалеет о рейтинге именно с такими критериями; презюмиируется, что такой рейтинг самый распространённый, и что на него ориентируются многие акторы."
2411;Р5;XI КП МГЮА ;Открытый;Москва;2018.10;ЭПСЧ спортивные ассоциации должны отказаться от практики отлучения провинившихся спортсменов (этические, административные, уголовные проступки) от спорта
2412;Фмк;XI КП МГЮА ;Открытый;Москва;2018.10;"ЭП, как гражданин, не будет принимать помощь и пользоваться инфрастуктурой, которая построена преступными и террористическими группировками
* Многие наркокартели, например Синалоа в Мексике, террористические организации (Талибан в Афганистане) и преступные организации строят школы и больницы, детские сады, церкви и дороги, обеспечивают отдалённые районы водой, светом и газом, ради лояльности населения."
2413;ПФ;XI КП МГЮА ;Открытый;Москва;2018.10;ЭП как западное государство запретит своим учёным (в т.ч. исследовательским институтам) сотрудничать со странами, чьи этические нормы проведения экспериментов и исследований противоречат этическим нормам западного государства
2414;Ф;XI КП МГЮА ;Открытый;Москва;2018.10;ЭПСЧ было бы лучше строить национальную идентичность, фокусируясь не на индивидуальных достижениях отдельных исторических личностей, а на коллективных успехах
2415;Р1;McKinsey Debate Cup 2018 ;Открытый;Москва;2018.11;"ЭП запретит игровые фильмы об исторических событиях
* Игровые фильмы – фильмы, где играют актёры"
2416;Р2;McKinsey Debate Cup 2018 ;Открытый;Москва;2018.11;"ЭП:
1. обяжет продавцов указывать экоцены на все товары и услуги
2. обяжет банки вести параллельный ""экосчёт"" для каждого счёта клиента
3. обяжет государства преследовать и наказывать в судебном порядке “должников” по экосчёту.

* 1. Экодолг ‒ разница между [объёмом потребляемых человечеством за год природных ресурсов + производимых отходов] и [объёмом ресурсов + отходов, которые Земля за год может восстановить/переработать].
2. Экоцена - количество условных “экоединиц”, соотносимое с количеством ресурсов, использованных для производства данного товара или оказания услуги, вместе с количеством создаваемых при этом отходов.
3. Экосчёт - счёт, аналогичный банковскому, измеряющий количество потреблённых экоединиц.

В начале года каждый человек получает пополнение баланса на своём экосчёте на количество экоединиц, соответствующее биоёмкости земли на душу населения (общий объём воспроизводимых Землёй за год ресурсов и поглощаемых отходов, делённый на всё население Земли). Экосчёт может уходить в минус."
2417;Р3;McKinsey Debate Cup 2018 ;Открытый;Москва;2018.11;"ЭП осуждает использование риторики “радужной нации” политиками Южной Африки
* “Радужная нация” - термин, придуманный архиепископом Десмондом Туту в период становления Южной Африки как демократии в постапартеидский период. Термин используется в целях описания Южной Африки, как общества, где все религии, расы и национальности могут жить в гармонии, а различия объявляются несущественными."
2418;Р4;McKinsey Debate Cup 2018 ;Открытый;Москва;2018.11;"ЭПСЧ мир был бы лучше, если бы все авраамические религии (т.е. со священным писанием: христианство, ислам, иудаизм) придерживались модели бога-часовщика, а не всевидящего бога
* В интересах темы концепция Бога часовщика заключается в следующем:
- Бог сотворил мир, как сложный самодостаточный механизм (заложил законы природы и т.п.), который далее развивается без его участия;
- Бог не присутствует в земном мире: не только не вмешивается, но даже не смотрит за происходящим (“сделал и ушёл”);
- рай, ад и заветы по прежнему существуют, но Бог непосредственно не влияет на попадание в ад или рай (оно “автоматизированно”)."
2419;Р5;McKinsey Debate Cup 2018 ;Открытый;Москва;2018.11;ЭПСЧ в период становления демократии развивающимся странам следует использовать индивидуально-капиталистическую, а не социально-ориентированную модель
2420;ПФ;McKinsey Debate Cup 2018 ;Открытый;Москва;2018.11;"ЭП (российская либеральная оппозиция) негласно поддержит создание военнизированного крыла («народных мстителей») в условиях незаконных  расправ над активистами
* Под «негласно поддержит» имеется в виду не активные действия, а «была бы рада»
* Незаконные расправы - это в т.ч. политически мотивированные решения судов"
2421;Ф;McKinsey Debate Cup 2018 ;Открытый;Москва;2018.11;"ЭПСЧ мир был бы лучше, если бы воспитание и мальчиков, и девочек шло по «травмирующей модели»
* «Травмирующая модель» – традиционная мужская модель воспитания, которая включает в себя (но не ограничивается):
- запрет на слёзы, жалобы;
- призыв быть лидером и доказывать своё лидерство (в т.ч. использую физическую силу);
- намеренное создание травматических ситуаций, ситуаций преодоления трудностей."
2422;Р1;Кубок Галактики ;Открытый;Санкт-Петербург;2018.11;ЭП сожалеет о формировании ЛГБТ-урбанизаций (гей-кварталов)
2423;Р2;Кубок Галактики ;Открытый;Санкт-Петербург;2018.11;"ЭП введёт во всех вузах такую систему
* В ВШЭ каждый семестр публикуются рейтинговые списки всех студентов (по направлениям обучения), демонстрирующие их успехи в освоении дисциплин из учебного плана"
2424;Р3;Кубок Галактики ;Открытый;Санкт-Петербург;2018.11;"ЭП поддерживает повторный референдум по Brexit
* В данной теме ЭП - это ""сторонний наблюдатель"", а не Великобритания"
2425;Р4;Кубок Галактики ;Открытый;Санкт-Петербург;2018.11;ЭП поддерживает перераспределение бюджетной поддержки школ единоборств на [российском] Кавказе в пользу интеллектуальных и творческих школ
2426;Р5;Кубок Галактики ;Открытый;Санкт-Петербург;2018.11;ЭПСЧ СМИ при освещении акции #MeToo должны смещать акцент на жертву, её страдания и реабилитацию, а не на привлечение к ответственности публичных лиц
2427;ПФ;Кубок Галактики ;Открытый;Санкт-Петербург;2018.11;ЭП считает морально оправданным использовать детей-солдат при их письменном согласии в военных ситуациях
2428;Ф;Кубок Галактики ;Открытый;Санкт-Петербург;2018.11;"ЭП поддерживает продвижение и пропаганду этого образа
* Образ дебатера: либерален; поддерживает демократию; этичен."
2429;Р1;Осенний Внутренний Турнир МГУ-ДА МИД РФ-МГИМО 2018 ;Внутренний;Москва;2018.11;ЭП введёт усыновление вслепую
2430;Р2;Осенний Внутренний Турнир МГУ-ДА МИД РФ-МГИМО 2018 ;Внутренний;Москва;2018.11;ЭП запретит ЧВК
2431;Р3;Осенний Внутренний Турнир МГУ-ДА МИД РФ-МГИМО 2018 ;Внутренний;Москва;2018.11;Предполагая, что был изобретен метод, позволяющий сменить ориентацию на гетеросексуальную, ЭП запретит этот метод
2432;Р4;Осенний Внутренний Турнир МГУ-ДА МИД РФ-МГИМО 2018 ;Внутренний;Москва;2018.11;ЭП поддерживает нарратив о том, что жизнь считается удавшейся, только если ты прожил её в своё удовольствие
2433;ПФ;Осенний Внутренний Турнир МГУ-ДА МИД РФ-МГИМО 2018 ;Внутренний;Москва;2018.11;ЭП предпочитает мир, в котором есть машина Сократа (механизм, позволяющий собирать и выставлять в общий доступ информацию о характеристиках человека - интеллекте, креативности, физических показателях и т.д.).
2434;Ф;Осенний Внутренний Турнир МГУ-ДА МИД РФ-МГИМО 2018 ;Внутренний;Москва;2018.11;ЭПСЧ государства, закрепившие за беженцами их статус, должны стараться их репатриировать, как только исчезнет опасность преследования или насилия на их родине
2435;Р1;XIII ОТ МЛЧ ;Для новичков;Москва ;2018.11;ЭП сократит летние каникулы до размеров обычных
2436;Р2;XIII ОТ МЛЧ ;Для новичков;Москва ;2018.11;ЭП предпочтёт мир без протекционизма
2437;Р3;XIII ОТ МЛЧ ;Для новичков;Москва ;2018.11;"ЭПСЧ государство в борьбе с анонимными торговыми площадками, продающими наркотики, должно ориентироваться на наличие правил саморегуляции, а не на их размеры и объемы продаж
* Под правилами саморегуляции в этой теме подразумевается:
1. Рейтинг дилеров
2. Система защиты клиентов
3. Обязательство предоставлять состав продаваемых наркотиков
4. Запрет на некоторые виды наркотиков. "
2438;Р4;XIII ОТ МЛЧ ;Для новичков;Москва ;2018.11;ЭП установит возраст согласия на исповедование религии
2439;Р5;XIII ОТ МЛЧ ;Для новичков;Москва ;2018.11;"ЭП отменит право на интеллектуальную собственность
* Под интеллектульной собственностью мы понимаем:
а) право на ноу-хау;
б) патенты;
в) коммерческая тайна и так далее.
В интересах этой темы мы не будем обсуждать право на бренд (название, товарный знак и т.п.)"
2440;ЧФ;XIII ОТ МЛЧ ;Для новичков;Москва ;2018.11;ЭП, как представитель угнетаемого меньшинства, посвятит всю свою оставшуюся жизнь борьбе за права этого меньшинства
2441;ПФ;XIII ОТ МЛЧ ;Для новичков;Москва ;2018.11;"ЭП проведет принудительный 100% листинг всех компаний.
* Речь идёт о том, чтобы сделать все компании (кроме государственных) публичными, т.е. такими, чьи акции размещаются на бирже публично (любой может их купить, и другие действующие акционеры не имеют приоритетного права на покупку или права вето на продажу акций стороннему лицу)"
2442;Ф;XIII ОТ МЛЧ ;Для новичков;Москва ;2018.11;ЭП как феминистки осудят женщин, симулирующих оргазм
2443;Р1;Джедайский турнир МГУ 2018 ;Джедайский;Москва;2018.11;ЭП запретит студенческие братства в США
2444;Р2;Джедайский турнир МГУ 2018 ;Джедайский;Москва;2018.11;ЭПСЧ страны, в которых существует проблема детских домов, должны установить сбор с родителей за право родить ребенка
2445;Р3;Джедайский турнир МГУ 2018 ;Джедайский;Москва;2018.11;"ЭП будет допускать в палату представителей Бельгийского федерального парламента только представителей партий, набравших не менее 5% голосов в кажом из крупных регионов (Фландрия, Валлония) и среди избирателей каждой крупной языковой группы (идентифиирующих себя как романоязычных и германоязычных)
* Бельгия – парламентская монархия. Правительство формируется по результатам выборов в нижнюю палату федерального парламента. 150 депутатов избираются в 11 многомандатных избирательных округах, внутри которых мандаты распределяются по партийным спискам при 5% барьере.
10 из 11 округов – монолингвальные и относятся либо к голландоязычному северу (Фландрия), либо к франкоязычному югу (Валлония). Практически все основные политические партии страны не национальные, а региональные."
2446;Р4;Джедайский турнир МГУ 2018 ;Джедайский;Москва;2018.11;"ЭП запретит использование технологии «виртуальной реальности» в развлекательных целях
* Существует технология, создающая «виртуальную реальность». Используя ее, можно смоделировать все, что угодно. Любые декорации, любое событие (можно быть ковбоем на диком западе, солдатом на войне, клоуном, певцом, заняться сексом). Ощущения максимально приближены к настоящим, но человек понимает, что это не реальность"
2447;Р5;Джедайский турнир МГУ 2018 ;Джедайский;Москва;2018.11;ЭПСЧ спортсмены не должны делать политических, идеологических и религиозных высказываний, действий в публичном поле
2448;Фмк;Джедайский турнир МГУ 2018 ;Джедайский;Москва;2018.11;ЭПСЧ человечество должно отказаться от бессмертия
2449;ПФ;Джедайский турнир МГУ 2018 ;Джедайский;Москва;2018.11;"ЭП поддерживает джентрификацию в крупных городах развитых стран
* Джентрификация – процесс реконструкции пришедших в упадок городских кварталов путём благоустройства с целью привлечения более состоятельных жителей "
2450;Ф;Джедайский турнир МГУ 2018 ;Джедайский;Москва;2018.11;"ЭП будет продвигать в западных странах концепцию негативной свободы
* Негативная свобода - такое понимание свободы, в котором у человека отсутствуют ограничения в том, чтобы сделать что-то. Позитивная свобода - понимание свободы, в котором у человека есть возможность сделать что-то. В первом смысле человек свободен, когда ему не запрещают (ты свободен пойти учиться, если нет запрета), во втором смысле ты свободен, когда у тебя обеспечена возможность сделать что-то (ты свободен пойти учиться, когда построена школа, там есть учителя, у них есть зарплата)"
2451;Р1;1-й тур Сибирской лиги дебатов 2018/2019 ;Джедайский;Томск;2018.11;ЭП не будет проводить крупные спортивные соревнования в развивающихся странах
2452;Р2;1-й тур Сибирской лиги дебатов 2018/2019 ;Джедайский;Томск;2018.11;ЭП сожалеет о существовании студенческих братств
2453;Р3;1-й тур Сибирской лиги дебатов 2018/2019 ;Джедайский;Томск;2018.11;"ЭПСЧ избрание Жаира Болсонару президентом Бразилии принесёт стране больше вреда, чем пользы
* На прошедших выборах в Бразилии победил право-популистский кандидат Жаир Болсонару, который выступает против геев, за диверсификацию внешних связей, борьбу с коррупцией, борьбу с преступностью и проведение рыночных реформ в экономике"
2454;Р4;1-й тур Сибирской лиги дебатов 2018/2019 ;Джедайский;Томск;2018.11;"ЭП сожалеет о нарративе ""веселись, пока молодой"" в массовой культуре"
2455;Р5;1-й тур Сибирской лиги дебатов 2018/2019 ;Джедайский;Томск;2018.11;"ЭП обяжет все российские семьи заключать брачные договоры
* Подразумается не только регулирование имущественных отношений, но и распределение обязанностей (при желании). Закон распространяется и на тех, кто будет вступать в браки после его принятия, и на тех, кто уже в браке"
2456;Р6;1-й тур Сибирской лиги дебатов 2018/2019 ;Джедайский;Томск;2018.11;"ЭП как развивающаяся страна будет проводить политику национализма
* Национализм – политика, направленная на формирование единой нации и её возвеличивание"
2457;Фмк;1-й тур Сибирской лиги дебатов 2018/2019 ;Джедайский;Томск;2018.11;ЭПСЧ преступники, отбывающие наказание, должны иметь право голоса
2458;ПФ;1-й тур Сибирской лиги дебатов 2018/2019 ;Джедайский;Томск;2018.11;ЭП сожалеет об арабской весне
2459;Ф;1-й тур Сибирской лиги дебатов 2018/2019 ;Джедайский;Томск;2018.11;ЭП сожалеет о культе потребления
2460;Р1;II Зимний Кубок ЮУрГУ ;Открытый;Челябинск;2018.12;ЭП сожалеет о распространении практики создания мотивационных материалов, построенных на успешных историях и образах людей с особыми потребностями
2461;Р2;II Зимний Кубок ЮУрГУ ;Открытый;Челябинск;2018.12;ЭП запретит забастовки в критически важных для общества сферах
2462;Р3;II Зимний Кубок ЮУрГУ ;Открытый;Челябинск;2018.12;ЭП запретит AdBlock и аналогичные сервисы
2463;Р4;II Зимний Кубок ЮУрГУ ;Открытый;Челябинск;2018.12;В районах Франции, где арабский язык является языком большинства, ЭП сделает арабский основным языком обучением в школах
2464;Р5;II Зимний Кубок ЮУрГУ ;Открытый;Челябинск;2018.12;ЭП как бисексуалы дистанцируется от LGBTQ+ комьюнити и создаст собственное движение
2465;ПФ;II Зимний Кубок ЮУрГУ ;Открытый;Челябинск;2018.12;ЭП будет клеймить людей больных заразной неизлечимой смертельной болезнью
2466;Ф;II Зимний Кубок ЮУрГУ ;Открытый;Челябинск;2018.12;"ЭП создаст виртуальный рай и ад
* Есть технология переноса сознания из тела"
2467;Р1;Слова ;Открытый;Москва;2018.12;"ЭП предпочтет мир, в котором все похороны и поминки считаются праздником
* «Веселые похороны» — это общественная норма, при которой на похоронах и поминках все веселятся и радуются в честь усопшего. Никто публично не выказывает скорбь. Они распространены, например, в Ирландии, на Шри-Ланке и Бали.
«Веселые похороны»: 
• необязательно предполагают веру в реинкарнацию (как на Бали)
• в культуре таких сообществ намного меньше выражен страх смерти
• при этом возможны личные переживания за смерть близких, просто не принято выражать их публично"
2468;Р2;Слова ;Открытый;Москва;2018.12;"ЭПСЧ государство должно поддерживать только непопулярные виды спорта
* Популярные виды спорта – те дисциплины, которые привлекают больше всего людей (телезрителей/болельщиков на стадионы/количество спортсменов). Так, чаще всего называют следующие виды спорта: Футбол, Хоккей, Баскетбол. Отрыв в количестве задействованных лиц чаще всего в разы, в сравнении с остальными видами спорта.  В некоторых странах есть дополнительные дисциплины, которые пользуются популярностью (например: В России – Биатлон; в США – Бейсбол).
Под непопулярными видами спорта мы понимаем остальные виды спорта.
В SQ на популярные виды спорта выделяются значительно больше финансовых средств, нежели на непопулярные. Разница чаще всего оценивается в миллиарды."
2469;Р3;Слова ;Открытый;Москва;2018.12;"ЭП как феминистические организации будут выступать против интервенций (экономических, военных и тд), направленных на защиту прав женщин
* Летом 2018 года произошёл дипломатический конфликт между Канадой и Саудовской Аравией. Власти СА заключили под стражу активистку по защите прав женщин и отказались выпускать её, несмотря на требование МИДа Канады. Также СА прекратила дипломатическое сотрудничество, прямое авиасообщение и закупку большинства товаров у канадской стороны. Евросоюз ожидает разъяснений от Саудовской Аравии по поводу серии арестов правозащитников, начавшейся в мае этого года.
В ноябре европейские дипломаты обсудили возможность ведения санкций против стран за нарушения прав человека. Предполагается, что эти санкции:  - могут включать в себя экономические и даже военные интервенции в случае нарушения прав человека - будут накладываться в дополнение к географическим и тематическим санкциям, которые уже существуют - одной из мотивировок будут использовать нарушение прав женщин"
2470;Р4;Слова ;Открытый;Москва;2018.12;"ЭПСЧ коммерциализация нематериальных вещей несет больше вреда, чем пользы
* Под коммерциализацией нематериальных вещей мы понимаем любую услугу, которую может себе позволить купить только более состоятельная группа людей. Например: частная школа; платная палата в больнице; покупка места в очереди; vip-билет на мероприятие; улучшенное место в тюрьме и т.д."
2471;Р5;Слова ;Открытый;Москва;2018.12;"ЭПСЧ такой семье лучше отказаться от попыток завести ребенка
* В семье среднего достатка нет детей. Пара не хочет брать ребёнка из детдома (нет такой возможности/ не хочет). Если ребёнок родится, то будет здоровым (с такой же вероятностью, как и в обычной семье). Обоим супругам около 30 лет, недавно они решили, что всё-таки хотят ребёнка. Зачатия ещё не произошло, и об этом известно им обоим.
Недавно супруги узнали, что один из них болен смертельной болезнью. Шанс прожить от 2 до 5 лет = 5-10%. Шанс прожить от 5 до 10 лет = 2-3%. Больше 10 лет - меньше 1%. Для борьбы с болезнью нужно продолжительное лечение, требующее относительно нечастых и непродолжительных визитов к врачу. Страховка покрывает почти все расходы на лечение. На данный момент состояние супруга стабильное. Если болезнь начнёт резко прогрессировать, то за ним нужен будет постоянный уход. Когда это произойдёт, неизвестно."
2472;ПФ;Слова ;Открытый;Москва;2018.12;"ЭП предпочтёт жить в мире, где у подавляющего большинства людей развит внутренний, а не внешний локус-контроль
* Локус (локализация) контроля — понятие, характеризующее свойство личности приписывать свои успехи или неудачи только внутренним либо только внешним факторам. Простыми словами: люди с внутренним локус-контролем считают основной причиной достижений и неудач себя или внутренние параметры системы, а люди с внешним локус-контролем - других людей или внешние параметры системы"
2473;Ф;Слова ;Открытый;Москва;2018.12;"ЭП выпустит вирус Инферно
* Вирус Инферно: моментально распространяющаяся инфекция, которая делает 33% населения планеты полностью бесплодным. После заражения дальше не прогрессирует. Спрятаться или вылечиться невозможно."
2474;Р1;Турнир Новичков ;Для новичков;Костанай (Казахстан);2018.12;ЭП сожалеет, что религиозные организации не предоставляют женщинам равный доступ к руководящим должностям (быть имамом, проповедницей религиозного течения, патриархом и т.д.)
2475;Р2;Турнир Новичков ;Для новичков;Костанай (Казахстан);2018.12;ЭПСЧ перечень бесплатных медицинских услуг должен ограничиваться только видами помощи, направленными на поддержание качества и сохранение жизни человека
2476;Р3;Турнир Новичков ;Для новичков;Костанай (Казахстан);2018.12;ЭП предпочитает мир, в котором мораль полностью построена на основе эгоизма
2477;Р4;Турнир Новичков ;Для новичков;Костанай (Казахстан);2018.12;"ЭП сожалеет о расширении Европейского союза после 2004 года
* В 2004 году Европейский союз расширился до Мальты, Кипра, Эсонии, Латвии, Литвы, Польши, Чехии, Словакии, Словении и Венгрии. В 2007 году он расширился за счёт включения Румынии и Болгарии. В 2013 г. он расширился и включил Хорватию."
2478;Р5;Турнир Новичков ;Для новичков;Костанай (Казахстан);2018.12;ЭП запретит любые формы политической агитации, кроме публичных дебатов
2479;ЧФ;Турнир Новичков ;Для новичков;Костанай (Казахстан);2018.12;"ЭПСЧ Демократическая партия США должна требовать от Национальной стрелковой ассоциации выплатить репарации жертвам насилия с применением оружия
* Национальная стрелковая ассоциация Америки - лоббистская группа в Вашингтоне. Её действия включают в себя влияние на законодательство, направленное на дерегулирование законов о собственности на оружие, инициирование судебных процессов против муниципалитетов, которые запретили или установили строгие правила в отношении законов о огнестрельном оружии, и одобряя кандидатов в основном Республиканской партии."
2480;ПФ;Турнир Новичков ;Для новичков;Костанай (Казахстан);2018.12;"ЭПСЧ власти Казахстана должны способствовать созданию чечено-ингушской автономии на своей территории
* Операция «Чечевица». 23 февраля 1944 г. практически все население Чечено-Ингушской АССР было насильно переселено в Среднюю Азию и Казахстан. Официальная причина: пособничество фашистским оккупантам. Процесс депортации сопровождался массовыми расстрелами и смертностью от болезней. В 2004 году Европарламент признал это актом геноцида (однако Россия этого не признает). 9 января 1957 года чеченцам разрешили вернуться на прежнее место жительства, при этом некоторое количество чеченцев предпочло остаться в Казахстане, что привело к возникновению чеченских диаспор в Казахстане.
Географически диаспоры располагаются в центральных, восточных и южных районах Казахстана. Представители чеченской диаспоры Казахстана многократно были замечены в массовых межэтнических конфликтах. По состоянию на начало 2017 года, по данным Комитета по статистике министерства национальной экономики Казахстана, численность диаспоры составляет 32 894 человека"
2481;Ф;Турнир Новичков ;Для новичков;Костанай (Казахстан);2018.12;"ЭП выступит против практики треш-тока в спорте
* Треш-ток - высказывания оскорбительного характера по поводу своего соперника. Эти высказывания ведут к выводу противника из равновесия, сбивают его. Прием применяют на спортивных соревнованиях."
2482;Р1;Кубок Северной Столицы ;Открытый;Санкт-Петербург;2018.12;ЭП сожалеет о популярности концепции выхода из зоны комфорта
2483;Р2;Кубок Северной Столицы ;Открытый;Санкт-Петербург;2018.12;ЭПСЧ UGS (User-Generated Content) компании не должны самостоятельно заниматься модерацией пользовательского контента
2484;Р3;Кубок Северной Столицы ;Открытый;Санкт-Петербург;2018.12;ЭП запретит исследования по модификации (изменению/управлению) поведения
2485;Р4;Кубок Северной Столицы ;Открытый;Санкт-Петербург;2018.12;ЭП прекратит защищать редких животных
2486;Р5;Кубок Северной Столицы ;Открытый;Санкт-Петербург;2018.12;ЭПСЧ религиозные организации должны отказывать в религиозных услугах членам преступных организаций
2487;Р6;Кубок Северной Столицы ;Открытый;Санкт-Петербург;2018.12;ЭПСЧ капитализм не совместим со справедливым обществом
2488;ПФ;Кубок Северной Столицы ;Открытый;Санкт-Петербург;2018.12;ЭПСЧ мир был бы лучше без доминантной нормы наличия близких людей
2489;Ф;Кубок Северной Столицы ;Открытый;Санкт-Петербург;2018.12;ЭПСЧ неотъемлемыми правами должны быть только право на жизнь и на свободу
2490;Р1;Зимний онлайн-турнир;Открытый (онлайн);Онлайн;2019.02;ЭП запретит рекламу букмекерских контор
2491;Р2;Зимний онлайн-турнир;Открытый (онлайн);Онлайн;2019.02;ЭПСЧ экологические организации в развивающихся странах должны переориентироваться с вовлечения населения в экологически разумное поведение на публичные кампании за жесткие законодательные меры в сфере защиты окружающей среды
2492;Р3;Зимний онлайн-турнир;Открытый (онлайн);Онлайн;2019.02;"ЭПСЧ МВФ не должен спасать страны, которые получили значительные кредиты от Китая в рамках программы ""Один пояс один путь""
* Международный валютный фонд (МВФ) - предоставляет кратко- и среднесрочные кредиты при дефиците платёжного баланса государства. Предоставление кредитов обычно сопровождается набором условий и рекомендаций. В отличие от Всемирного банка, деятельность МВФ сосредоточена на относительно кратковременных макроэкономических кризисах.
Один пояс и один путь - экономическая программа Китая, которая включает в себя реализацию инфраструктурных проектов (дороги, железнодорожные пути, мосты, порты, нефтепроводы) приблизительно на территории 78 государств. На территории мегапроекта сосредоточены богатые запасы ресурсов, проживает 63 % населения планеты, а предположительный экономический масштаб — 21 трлн долларов США."
2493;Р4;Зимний онлайн-турнир;Открытый (онлайн);Онлайн;2019.02;ЭП обяжет вести видеозапись каждого сексуального акта с целью верификации согласия и обеспечения возможности расследования обвинений в изнасиловании до тех пор, пока не появится более эффективного способа, позволяющего установить согласие на секс
2494;Р5;Зимний онлайн-турнир;Открытый (онлайн);Онлайн;2019.02;"ЭПСЧ развивающиеся страны должны внедрить в новостные ленты политику ""Хороших новостей""
* Хорошие новости - негласный способ формирования новостной повестки в Китае, согласно которому не менее 2/3 новостной ленты составляют хорошие новости (Преимущественно касающиеся твоего региона и твоей страны). Негативных новостей почти никогда не больше 1/3. Все публикуемые новости реальны и не искажены."
2495;ПФ;Зимний онлайн-турнир;Открытый (онлайн);Онлайн;2019.02;"ЭП уничтожит публичное наследие опрессивных режимов и запретит реконструкцию их составляющих в нейтральном или положительном ключе
* Опрессивные режимы - режимы, нарушающие права человека, проводящие репрессии или устанавливающие институциональную дискриминацию на основании расы, этничности, происхождения, политических взглядов и т.д."
2496;Ф;Зимний онлайн-турнир;Открытый (онлайн);Онлайн;2019.02;"Допуская, что такая технология существует, ЭП запретит ее использование
* Технология """"SASP Glasses"""" - это очки, которые блокируют у того, кто их носит, любой объект либо образ, вызывающий неприятные эмоции. Например, если человек считает неприятным сексуальную/вызывающую рекламу, определенное искусство или даже бездомных, он(-а) не будет их видеть, надевая очки."
2497;Р1;ОТ Горного Университета ;Открытый;Санкт-Петербург;2019.02;ЭП существенно снизит стандарты производства лекарств от редких заболеваний
2498;Р2;ОТ Горного Университета ;Открытый;Санкт-Петербург;2019.02;"ЭПСЧ государству стоит продвигать идею ""подставь правую щёку""
* ""Вы слышали, что сказано: ""око за око и зуб за зуб"". А я говорю вам: не противься злому. Но кто ударит тебя в правую щёку твою, обрати к нему и другую; и кто захочет судиться с тобою и взять у тебя рубашку, отдай ему и верхнюю одежду; и кто принудит тебя идти с ним одно поприще, иди с ним два. Подставить правую щёку – процесс, при котором человек не сопротивляется, покорно принимает любые проблемы и сложности, является ""терпилой"""
2499;Р3;ОТ Горного Университета ;Открытый;Санкт-Петербург;2019.02;ЭП как США будет активно поддерживать свержение Эрдогана
2500;Р4;ОТ Горного Университета ;Открытый;Санкт-Петербург;2019.02;"ЭП, как развитые страны, введёт программу по борьбе с нелегальными иммигрантами
* Под программой по борьбе с нелегальными мигрантами судейская коллегия понимает:
1) отмену получения гражданства по месту рождения;
2) введение E-Verify;
3) отмены любой помощи нелегалам (вэлфэр, Медицина, образование)"
2501;Р5;ОТ Горного Университета ;Открытый;Санкт-Петербург;2019.02;ЭП введёт верхний потолок стоимости политических предвыборных кампаний
2502;ПФ;ОТ Горного Университета ;Открытый;Санкт-Петербург;2019.02;ЭП сожалеет о независимости центральных банков
2503;Ф;ОТ Горного Университета ;Открытый;Санкт-Петербург;2019.02;ЭП сожалеет о коммерциализации социальных проблем в индустрии моды
2504;Р1;Зимний турнир 2019 ;Открытый;Санкт-Петербург;2019.02;ЭП ограничит количество туристов в туристических городах
2505;Р2;Зимний турнир 2019 ;Открытый;Санкт-Петербург;2019.02;"ЭПСЧ необходимо ввести максимально допустимое отклонение рыночной стоимости акции компании от фундаментальной стоимости
* Фундаментальная стоимость - это стоимость материальных и нематериальных активов."
2506;Р3;Зимний турнир 2019 ;Открытый;Санкт-Петербург;2019.02;ЭП обяжет лоббистские организации возмещать ущерб жертвам (и/или их родственникам), пострадавшим от продвижения их идей
2507;Р4;Зимний турнир 2019 ;Открытый;Санкт-Петербург;2019.02;ЭП сожалеет о действиях США в Венесуэле
2508;Р5;Зимний турнир 2019 ;Открытый;Санкт-Петербург;2019.02;"ЭП сожалеет о распространении идеи free to play
* free to play - доступ к игре и возможности играть в неё бесплатно"
2509;Р6;Зимний турнир 2019 ;Открытый;Санкт-Петербург;2019.02;ЭП как российское феминистическое сообщество осуждает провокационную гендерную рекламу
2510;ПФ;Зимний турнир 2019 ;Открытый;Санкт-Петербург;2019.02;В случае вступления Боснии и Герцеговины в НАТО ЭП как республика Сербская выйдет из состава Боснии и Герцеговины
2511;Ф;Зимний турнир 2019 ;Открытый;Санкт-Петербург;2019.02;"ЭП сожалеет о развитии концепции нейроэкзистенциализма
* Нейроэкзистенционализм - концепция, исходящая из того, что мы все просто разумные животные, отличающиеся только сознанием и социальной общностью"
2512;Р1;Кубок УрГПУ 2019 ;Открытый;Екатеринбург;2019.03;ЭП запретит бесплатные стажировки
2513;Р2;Кубок УрГПУ 2019 ;Открытый;Екатеринбург;2019.03;ЭП, как Владимир Путин, при формировании ближайшего окружения и назначении на ключевые политические посты будет ориентироваться на принцип соответствия компетенций, а не принцип личной лояльности
2514;Р3;Кубок УрГПУ 2019 ;Открытый;Екатеринбург;2019.03;"ЭПСЧ ЕС стоит предпочесть политику большей автономии стран-членов
* Большая автономия в рамках темы может включать в себя, но не ограничивается следующими аспектами:
- возможность проведения двухсторонних торговых переговоров со странами вне блока
- стандарты и нормативы производства
- размер государственного долга и дефицита бюджета
- миграционная политика."
2515;Р4;Кубок УрГПУ 2019 ;Открытый;Екатеринбург;2019.03;"ЭП сожалеет о распространении нарративе ""у тебя должна быть цель в жизни"""
2516;Р5;Кубок УрГПУ 2019 ;Открытый;Екатеринбург;2019.03;ЭПСЧ оппозиционные движения в авторитарных странах должны отказаться от ориентации на западные либеральные демократии в своей повестке
2517;ПФ;Кубок УрГПУ 2019 ;Открытый;Екатеринбург;2019.03;"ЭП будет активно продвигать принцип fair trade
* Fair trade - принцип, отстаивающий необходимость ограничений в торговле ради достижения неэкономических целей: экология, социальное равенство, развитие регионов"
2518;Ф;Кубок УрГПУ 2019 ;Открытый;Екатеринбург;2019.03;ЭП сожалеет о размывании границы между детством и взрослой жизнью
2519;Р1;IV Открытый Кубок Черноземья ;Открытый;Воронеж;2019.03;ЭПСЧ представители угнетаемых групп при воспитании должны прививать детям чувство сильной коллективной идентичности, а не отрицать её.
2520;Р2;IV Открытый Кубок Черноземья ;Открытый;Воронеж;2019.03;ЭП сожалеет о демонизации Дональда Трампа
2521;Р3;IV Открытый Кубок Черноземья ;Открытый;Воронеж;2019.03;"ЭП сожалеет о представлении циничных людей как грустных, асоциальных и одиноких.
* Для целей этой темы под циничными людьми подразумевают людей, которые явно идут в разрез с принятыми социальными нормами."
2522;Р4;IV Открытый Кубок Черноземья ;Открытый;Воронеж;2019.03;ЭПСЧ либеральные государства должны помогать своим гражданам и легальным мигрантам эмигрировать.
2523;Р5;IV Открытый Кубок Черноземья ;Открытый;Воронеж;2019.03;ЭП сожалеет об идее, согласно которой общество должно делать человека счастливым даже вопреки желанию последнего.
2524;ПФ;IV Открытый Кубок Черноземья ;Открытый;Воронеж;2019.03;"ЭП сожалеет о распространении идеи women can have it all
* Women can have it all - идея о том, что женщины способны успешно сочетать карьеру и семью"
2525;Ф;IV Открытый Кубок Черноземья ;Открытый;Воронеж;2019.03;"ЭП предпочитает концепцию привилегий классическому либерализму
* Концепция привилегий - представление о том, что определенные социальные группы (белые гетеросексуальные мужчины) в силу существования структурного неравенства обладают преимуществами и являются угнетателями. Классический либерализм делает акцент на негативном аспекте дискриминации, но не на привилегиях, не признает за привилегированными группами статус угнетателей."
2526;Р1;Таллиннский Открытый Кубок 2019 ;Открытый;Таллин (Эстония);2019.03;"ЭП запретит военное детское образование
* Военные учреждения среднего образования – это учреждения, где проходят обучение учащиеся школьного возраста в соответствии с общеобразовательной программой среднего общего образования с профессиональной ориентацией по военно-учётным специальностям."
2527;Р2;Таллиннский Открытый Кубок 2019 ;Открытый;Таллин (Эстония);2019.03;ЭПСЧ ставка налогообложения должна быть ниже для компаний, работающих в традиционных, а не инновационных областях
2528;Р3;Таллиннский Открытый Кубок 2019 ;Открытый;Таллин (Эстония);2019.03;ЭП предпочтёт мир, в котором измены не порицаются обществом
2529;Р4;Таллиннский Открытый Кубок 2019 ;Открытый;Таллин (Эстония);2019.03;ЭП запретит технологии, позволяющие выбирать пол будущего ребенка, в развивающихся странах
2530;Р5;Таллиннский Открытый Кубок 2019 ;Открытый;Таллин (Эстония);2019.03;ЭПСЧ американская рэп-культура приносит чернокожим больше вреда, чем пользы
2531;ПФ;Таллиннский Открытый Кубок 2019 ;Открытый;Таллин (Эстония);2019.03;"ЭП как страны, в которых рейнжеры WWF замешаны в противоправных действиях, запретят деятельность фонда
* В прессе появились сведения, согласно которым рейнджеры, которых Всемирный фонд дикой природы (WWF) нанимает для охраны национальных парков, убивают и пытают людей, подозреваемых в браконьерстве. В самом фонде осведомлены об этом, но закрывают глаза на преступления, а иногда даже прямо лоббируют прекращение расследований некоторых инцидентов. Как пишет издание, WWF тратит миллионы долларов спонсорских средств на борьбу с организованными группировками браконьеров, убивающих животных в охраняемых зонах, и для этой борьбы нанимает в том числе участников вооруженных формирований. Фонд оплачивает покупку оружия и техники — от ножей и дубинок до дронов и вертолетов, а в некоторых случаях — даже огнестрельного оружия."
2532;Ф;Таллиннский Открытый Кубок 2019 ;Открытый;Таллин (Эстония);2019.03;"ЭП приветствует спонсорство подпольных наркоисследований в странах с репрессивной наркополитикой
* Крупнейшая торговая площадка по продаже наркотиков в России заявляет, что спонсирует подпольные исследования плохо изученных наркотиков, например, мефедрона. Так, летом 2018 года на бесплатном приеме у частного нарколога шесть человек согласились на сделку: в обмен на участие в исследовании (в роли подопытных) они получают курс реабилитации и деньги за молчание. Цель эксперимента: узнать, как изменяется действие мефедрона на организм в зависимости от примесей и прекурсоров, появившихся в наркотике из-за неправильного синтеза."
2533;Р1;V ОТ СПбГУ;Открытый;Санкт-Петербург;2019.03;ЭПСЧ западные учебные заведения должны отказывать в приёме членам семей правящих элит в развивающихся странах
2534;Р2;V ОТ СПбГУ;Открытый;Санкт-Петербург;2019.03;"ЭП сожалеет о росте использования (изображения) психических расстройств в современной массовой культуре
* Шизофрения: Остров проклятых, Игры разума, Чёрный лебедь
Диссоциативное расстройство личности: Бойцовский клуб, Сплит
Большое депрессивное расстройство: Меланхолия, Прерванная жизнь
Биполярное аффективное расстройство: Бесстыдники, мой парень - псих
Аутизм: Человек дождя, Меня зовут Кхан, Я - Сэм"
2535;Р3;V ОТ СПбГУ;Открытый;Санкт-Петербург;2019.03;ЭПСЧ перед получением спасательного кредита (bailout money) от МВФ / ЕЦБ, который имеет обязательные условия для предоставления, страны должны проводить референдум о принятии кредита и его условий
2536;Р4;V ОТ СПбГУ;Открытый;Санкт-Петербург;2019.03;ЭП предпочтёт мир с доминирующей нормой НЕвыражения сильных эмоций
2537;Р5;V ОТ СПбГУ;Открытый;Санкт-Петербург;2019.03;"ЭПСЧ негосударственные меры, направленные на информирование северокорейцев об их угнетении – не в интересах северокорейцев
* Негосударственные меры по информированию северокорейцев о внешнем мире включают в себя, но не ограничиваются: контрабандой южнокорейских телевизоров и американских фильмов, лифлетов с разоблачением гос. пропаганды, флешками с информацией о благополучии других стран"
2538;ПФ;V ОТ СПбГУ;Открытый;Санкт-Петербург;2019.03;"ЭПСЧ в случае демократической революции в авторитарных странах стоит использовать комиссию правды и примирению, а не уголовные суды.
* Комиссия правды и примирения — это комплекс мероприятий, включающий гарантию амнистии подавляющему большинству виновных в преступлениях (кроме преступлений против человечества e.g. геноцид), в обмен на кооперацию, раскрытие информации, и раскаяние с жертвами этих преступлений."
2539;Ф;V ОТ СПбГУ;Открытый;Санкт-Петербург;2019.03;"ЭПСЧ девушка не должна придавать огласке инцидент и не добиваться справедливости.
* Для целей этих дебатов допустим, что:
- Есть молодая привлекательная девушка, которая работает в оппозиционной политической организации в патриархальной авторитарной стране;
- Данная организация уникальна в своём роде и потенциально успешна, но её работа во многом зависит от личности харизматичного лидера-мужчины;
- Упомянутый лидер совершил против девушки сексуальное преступление, о чём у последней имеются доказательства;
- Есть хорошее основание полагать, что это не единственный случай."
2540;Р1;Кубок Старых Богов ;Джедайский;Санкт-Петербург;2019.03;ЭП будет продвигать идею, что старость - это болезнь
2541;Р2;Кубок Старых Богов ;Джедайский;Санкт-Петербург;2019.03;ЭП предпочтёт мир, в котором доминируют политеистические, а не монотеистические религии
2542;Р3;Кубок Старых Богов ;Джедайский;Санкт-Петербург;2019.03;ЭП установит потолок заработных плат в футболе
2543;Р4;Кубок Старых Богов ;Джедайский;Санкт-Петербург;2019.03;ЭП запретит фармацевтическим компаниям заключать маркетинговые договоры с аптеками
2544;Р5;Кубок Старых Богов ;Джедайский;Санкт-Петербург;2019.03;ЭП для достижения гендерного равноправия в мусульманских странах предпочтёт поддерживать либеральных мусульманских проповедников, а не местные феминистические организации
2545;Р6;Кубок Старых Богов ;Джедайский;Санкт-Петербург;2019.03;ЭП как родитель будет воспитывать ребёнка идеей обесценивания таланта перед трудом
2546;Фмк;Кубок Старых Богов ;Джедайский;Санкт-Петербург;2019.03;"ЭП запретит друга на час
* Эта услуга появилась в Японии. Смысл в том, что человек размещает где-либо предложение стать ""другом на час"". смысл в том, что тебя нанимают ради:
- поболтать
- дать совет
- погулять
- каким-либо иным образом скрасить досуг
Интим исключён.
Наниматель платит почасовую оплату + оплачивает кафе/кино и тд. 
https://meduza.io/feature/2018/12/04/v-makdake-posidet-na-mtsk-prokatitsya-i-nikakogo-seksa"
2547;ПФ;Кубок Старых Богов ;Джедайский;Санкт-Петербург;2019.03;ЭП как Католическая церковь введёт уроки сексуального просвещения в церковных семинариях
2548;Ф;Кубок Старых Богов ;Джедайский;Санкт-Петербург;2019.03;"ЭПСЧ олды должны значительно приоретизировать тренерство и судейство над участием в турнирах
* Под ""олдами"" в этой теме мы подразумеваем таких дебатеров, как Илья Черкасский, Михаил Шуганов, Асим Мамедов или Абдулла Абдуллаев - люди, играющие в дебаты много лет и достаточно успешно."
2549;Р1;"ОТ ВШЭ ""Новый уровень"" ";Открытый;Москва;2019.03;В случаях если организации, помогающие бездомным, имеют постоянное представительство в жилом районе, ЭП запретит им оказывать помощь людям, которые находятся в состоянии алкогольного или наркотического опьянения
2550;Р2;"ОТ ВШЭ ""Новый уровень"" ";Открытый;Москва;2019.03;"ЭП сожалеет о мире, где широко распространён нарратив ""стыдно не уважать старшее поколение"""
2551;Р3;"ОТ ВШЭ ""Новый уровень"" ";Открытый;Москва;2019.03;"ЭПСЧ мир, в котором все страны ограничили бы своё влияние на внутреннюю политику африканских государств торговлей, прямыми инвестициями и продовольственной помощью, был бы лучше.
* Под вмешательством во внутренние дела мы понимаем:
- создание постоянных гуманитарных миссий (образование, медицина, социальная помощь)
- Военные и миротворческие интервенции (в том числе чвк)
- Поставки вооружений
- Программы государственного строительства
- Финансирование политических и общественных организаций
- Ведение экономической деятельности на территории стран (размещение заводов, добывающих предприятий иностранными компаниями)
- Покупку материальных активов на территории стран
- Санкции "
2552;Р4;"ОТ ВШЭ ""Новый уровень"" ";Открытый;Москва;2019.03;"ЭП сожалеет о нарративе ""нужно ожидать больше от себя и окружающих"""
2553;Р5;"ОТ ВШЭ ""Новый уровень"" ";Открытый;Москва;2019.03;"ЭПСЧ страны БРИКС должны существенно снизить налоговую нагрузку и существенно снизить расходы на мегапроекты
* Под мегапроектами понимаются проекты в космической сфере, дорогостоящая разработка новых вооружений и крупные инфраструктурные проекты со сроком окупаемости больше 5 лет."
2554;ПФ;"ОТ ВШЭ ""Новый уровень"" ";Открытый;Москва;2019.03;"ЭП как Казахстан проведёт казахасификацию страны
* Статус-кво: около 20% граждан Казахстана - этнические русские. В данный момент русский язык и русская культура широко представлены в публичном поле страны. Многие государственные посты занимают этнические русские.
Казахасификация:
- Казахский язык - единственный государственный язык
- Запрет преподавания на русском языке
- Запрет работы русскоязычных медиа
- Документооборот и работа всех госслужб на казахском (через образование, историю)
- Увеличение финансирования программы по переселению русскоязычных граждан в РФ "
2555;Ф;"ОТ ВШЭ ""Новый уровень"" ";Открытый;Москва;2019.03;ЭП как Китай разрешит женщинам вступать в полигамные браки, а также будет поддерживать подобную практику
2556;Р1;Небо кочевника ;Открытый;Нур-Султан / Астана (Казахстан);2019.03;ЭП запретит западным технологическим компаниям принимать китайские стандарты с целью получения доступа к китайскому рынку (например, принятие цензуры Google, перемещение серверов Apple в Китай)
2557;Р2;Небо кочевника ;Открытый;Нур-Султан / Астана (Казахстан);2019.03;ЭПСЧ микрофинансовые организации должны предлагать микрокредиты в развивающихся странах только женщинам (включая, но не ограничиваясь: неправительственные и благотворительные организации, банки развития)
2558;Р3;Небо кочевника ;Открытый;Нур-Султан / Астана (Казахстан);2019.03;"ЭПСЧ правительство Северной Ирландии должно активно продвигать отдельную идентичность «Североирландца»
* В настоящее время в Северной Ирландии население идентифицирует себя как «Британцы» или как «Ирландцы»"
2559;Р4;Небо кочевника ;Открытый;Нур-Султан / Астана (Казахстан);2019.03;ЭП будет раскрывать общественности данные тех, кто размещает анонимные оскорбления онлайн (включая, но не ограничиваясь: на расовой, этнической, религиозной, гендерной почве) 
2560;Р5;Небо кочевника ;Открытый;Нур-Султан / Астана (Казахстан);2019.03;ЭПСЧ правительство не должно оказывать поддержку в восстановлении районов, подверженных стихийным бедствиям
2561;ЧФ;Небо кочевника ;Открытый;Нур-Султан / Астана (Казахстан);2019.03;"ЭП сожалеет о возрастающем присутствии нигилизма в популярной культуре (""Конь БоДжэк"", ""Рик и Морти"", и другое)
* Нигили́зм (от лат. nihil — ничто) — философия, ставящая под сомнение (в крайней своей форме абсолютно отрицающая) общепринятые ценности, идеалы, нормы нравственности, культуры. Нигилизм в общем смысле подразумевает под собой отрицание, негативное отношение к определённым или даже ко всем сторонам общественной жизни"
2562;ПФ;Небо кочевника ;Открытый;Нур-Султан / Астана (Казахстан);2019.03;ЭПСЧ национальные Центральные банки должны устанавливать лимит на государственные траты.
2563;Ф;Небо кочевника ;Открытый;Нур-Султан / Астана (Казахстан);2019.03;"ЭП разрешит создание Детей-Спасителей
* Ребенок, рожденный для трансплантации стволовых клеток (крови) или органа для своей сестры/брата, которая больна моногенетической смертельной болезнью (Анемия Фанкони, Бета-талассемия, Анемия Даймонда - Блэкфана, рак)"
2564;Р1;ВОТ МГУ 2019 ;Открытый;Москва;2019.04;ЭПСЧ режимам, установленным в результате революции, стоит отстраивать национальную идентичность на воспевании героев насильственной, а не ненасильственной борьбы
2565;Р2;ВОТ МГУ 2019 ;Открытый;Москва;2019.04;ЭП сожалеет о тренде на феминизм в Голливуде
2566;Р3;ВОТ МГУ 2019 ;Открытый;Москва;2019.04;"ЭПС недопустимым использование незаконных методов борьбы с преступностью
* Под незаконными методами борьбы с преступностью мы понимаем:
- Операции под прикрытием (внедрение в банд. формирования различного типа и размера, в т.ч. международные);
- Спонсирование банд. формирований с целью внедрения, получения информации сотрудниками различных силовых структур;
- Незаконные действия в отношении членов банд. формирований, например, пытки, рейды без ордера и т.д."
2567;Р4;ВОТ МГУ 2019 ;Открытый;Москва;2019.04;"ЭПСЧ выход из состава Римской Католической церкви в интересах консервативной католической епархии
* Папа Франциск — папа Римской Каталической церкви, избранный в 2013 году. С его приходом на папский престол в Ватикане начался значительный тренд на либерализацию католической церкви. Папа Франциск активно критикует капитализм, говорит, что он ""не вправе судить гомосексуалов"", не критикует аборты, реформирует значимые традиционные католические обряды и устройства церкви.
С 2013 года и до нынешнего времени Папу Франциска активно и открыо критикует консервативный клир католической церкви, а именно:
1) Региональные епархии (например, американская и африканская),
2) Локальные епархии (Пальмарианская католическая церковь),
3) Крупные клерикальные организации (Мальтийский орден).
На данный момент активное противостояние консервативного и либерального крыла католической церкви привело к частым отстранениям консервативных кардиналов и епископов от значимых представительских и организационных должностей в католической церкви."
2568;Р5;ВОТ МГУ 2019 ;Открытый;Москва;2019.04;"ЭП, как развивающаяся срана, выберет протекционизм
* Протекционизм – экономическая политика государсва, направленная на поддержку и защиту национальной экономики от иностранной конкуренции через систему определённых ограничений. Ограничениями могут быть:
1) Защита технологий, патентов, технических и научных знаний
2) Ограничение контроля иностранными инвесторами над отечественными компаниями.
3) Тарифы и повышенное налогообложение на импортируемые товары
4) Административные барьеры – ужесточение правил в отношении безопасности пищевых продуктов, повышенные экологические стандарты и т.д.
5) Государственное субсидирование различных сфер национальной экономики"
2569;ПФ;ВОТ МГУ 2019 ;Открытый;Москва;2019.04;ЭП сожалеет о подписании Хасавюртовских соглашений
2570;Ф;ВОТ МГУ 2019 ;Открытый;Москва;2019.04;"ЭПСЧ развитым странам стоит применять позитивную евгенику
* Положительная евгеника — содействие воспроизводству людей с признаками, которые рассматриваются как ценные для общества (отсутствие наследственных заболеваний, хорошее физическое развитие и высокий интеллект). В Сингапуре действуют следующие программы в рамках позитивной евгеники:
1) содействие заключению браков между парами сопоставимого социального и интеллектуального уровня;
2) добровольная стерилизация за существенное денежное вознаграждение для определенных групп населения (наркозависимые, страдающие алкоголизмом, неграмотные)
3) налоговые послабления и финансовые вознагрождения для мужчин и женщин, если они вступают в брак с дипломированным партнёром, а также финансовые вознагрождения для таких пар, если они рождают более трёх детей
4) специальные образовательные учреждения для наиболее одаренных детей и подростков"
2571;Р1;VII С Дону выдачи нет! ;Открытый;Ростов-на-Дону;2019.04;ЭП максимально упростит процедуру развода
2572;Р2;VII С Дону выдачи нет! ;Открытый;Ростов-на-Дону;2019.04;ЭПСЧ государство должно заниматься исключительно финансированием образования, а не его формированием
2573;Р3;VII С Дону выдачи нет! ;Открытый;Ростов-на-Дону;2019.04;"ЭПСЧ избрание Порошенко в интересах Украины
* 31 мара 2019 года состоялись президентские выборы на Украине, по результатам которых во второй тур, который состоится 21 апреля, вышли Владимир Зеленский и Пётр Порошенко"
2574;Р4;VII С Дону выдачи нет! ;Открытый;Ростов-на-Дону;2019.04;ЭП введёт в развивающихся странах систему торговли квотами на деторождение
2575;Р5;VII С Дону выдачи нет! ;Открытый;Ростов-на-Дону;2019.04;ЭП установит максимальный срок политической карьеры
2576;ПФ;VII С Дону выдачи нет! ;Открытый;Ростов-на-Дону;2019.04;ЭПСЧ государство не должно финансировать и проводить космические программы
2577;Ф;VII С Дону выдачи нет! ;Открытый;Ростов-на-Дону;2019.04;"ЭП сожалеет о распространении принципа морального релятивизма
* Моральный релятивизм – принцип, согласно которому не существует абсолютного добра и зла, отрицание обязательных моральных норм и объективного критерия нравственности"
2578;Р1;VII Императорский диспут ;Открытый;Томск;2019.04;ЭП как государство выберет путь поселения бездомных в дешёвые дома на окраине города, нежели финансовую помощь и поддержку НКО, занимающимися проблемами бездомных
2579;Р2;VII Императорский диспут ;Открытый;Томск;2019.04;"ЭПСЧ государственный долг должен быть обеспечен залогом
* Виды государственных долгов:
1. Внутренний – в роли кредиторов выступают резиденты субъекта-заёмщика (граждане).
2. Внешний – перед другими государствами, международными организациями и другими субъектами международного права.
- долг по государственными ценным бумагам,
- кредиты, выданные государству внешними кредиторами,
- гарантии государства под полученные за рубежом кредиты организациями-резидентами,
- задолжности по внешнеторговым операциям бюджетных организаций."
2580;Р3;VII Императорский диспут ;Открытый;Томск;2019.04;"ЭП предпочтёт мир, в котором детей воспитывают не в парадигме ""ты особенный"", а в парадигме ""ты такой же, как все"""
2581;Р4;VII Императорский диспут ;Открытый;Томск;2019.04;ЭПСЧ ЛГБТ+ прайды должны иметь протестный характер, а не характер праздника
2582;Р5;VII Императорский диспут ;Открытый;Томск;2019.04;ЭП как развитые государства установят акцизы на употребление мяса
2583;Фмк;VII Императорский диспут ;Открытый;Томск;2019.04;ЭПС морально оправданным убийство совершивших тяжкие преступления представителей закона в странах с неработающей судебной системой
2584;ПФ;VII Императорский диспут ;Открытый;Томск;2019.04;ЭП сожалеет о наличии в обществе идеи, согласно которой человек должен найти баланс между личной жизнью и работой
2585;Ф;VII Императорский диспут ;Открытый;Томск;2019.04;ЭПСЧ региональные клубы дебатов, которым системные политические партии и относящиеся к ним движения предлагают сотрудничество в обмен на финансирование, должны соглашаться
2586;Р1;XIV ОТ МЛЧ ;Для новичков;Москва ;2019.04;ЭП как женщина, живущая в развивающейся стране, откажется от заведения ребёнка
2587;Р2;XIV ОТ МЛЧ ;Для новичков;Москва ;2019.04;ЭП не будет наказывать жертв систематического домашнего насилия за убийство своего насильника
2588;Р3;XIV ОТ МЛЧ ;Для новичков;Москва ;2019.04;ЭП разрешит частную дискриминацию при продаже товаров и услуг
2589;Р4;XIV ОТ МЛЧ ;Для новичков;Москва ;2019.04;ЭП будет судить родителей, чьи дети совершили суицид
2590;Р5;XIV ОТ МЛЧ ;Для новичков;Москва ;2019.04;ЭПСЧ государственные субсидии на высшее образование должны в первую очередь выдаваться студентам, чьи родители не имеют высшего образования
2591;ЧФ;XIV ОТ МЛЧ ;Для новичков;Москва ;2019.04;"ЭП легализует «юридический аборт»
* Юридический аборт – это процедура, при помощи которой мужчина до 18-ой недели беременности женщины, которая носит его ребёнка, может отказаться от этого ребёнка, теряя все права и обязанности по отношению к нему. "
2592;ПФ;XIV ОТ МЛЧ ;Для новичков;Москва ;2019.04;ЭПСЧ культурная совместимость является легитимным основанием для политики миграции
2593;Ф;XIV ОТ МЛЧ ;Для новичков;Москва ;2019.04;"ЭПСЧ патриархат приносит мужчинам больше вреда, чем пользы
* Патриархат – это форма социальной организации, в которой мужчины:
- являются носителями полиитческой власти,
- являются источниками морального авторитета,
- формируют общественные нормы."
2594;Р1;VII ОК ДВФУ ;Открытый;Владивосток;2019.04;ЭП будет пропагандировать введение раздельного бюджета в семьях
2595;Р2;VII ОК ДВФУ ;Открытый;Владивосток;2019.04;ЭП, как религиозные организации в светских государствах, будет активно способствовать выдвижению священников на выборы
2596;Р3;VII ОК ДВФУ ;Открытый;Владивосток;2019.04;ЭПСЧ торговая война между США и Китаем - благо для африканских стран
2597;Р4;VII ОК ДВФУ ;Открытый;Владивосток;2019.04;ЭП сожалеет о существовании института профессиональной критики в сфере искусства
2598;Р5;VII ОК ДВФУ ;Открытый;Владивосток;2019.04;"ЭП признается в фабрикации статьи
* Вы - журналист, написавший сфабрикованную статью (с несуществующими героями), поднявшую прежде не обсуждавшуюся серьезную социальную проблему. Статья вызвала широкий резонанс. Вам хотят вручить Пулитцеровскую премию"
2599;Р6;VII ОК ДВФУ ;Открытый;Владивосток;2019.04;ЭП введет селективные налоги
2600;ПФ;VII ОК ДВФУ ;Открытый;Владивосток;2019.04;ЭП сожалеет о способности испытывать чувство стыда за других людей
2601;Ф;VII ОК ДВФУ ;Открытый;Владивосток;2019.04;ЭП, как восточный дебатер, который может сыграть на McKinsey с топ западным дебатером или восточным середняком, выберет сыграть с западным
2602;Р1;ОТ Герцена ;Открытый;Санкт-Петербург;2019.04;"ЭП легализует и будет приводить в силу контракты Улисса 
* Контракт Улисса – это договор, который человек может заключить с будущим собой. Примеры:
• Выбор лечения, при наступлении определенной болезни
• Обещание отдавать % от своего дохода на благотворительность в течение какого-то времени или бессрочно
• Определение судьбы своих органов, при наступлении несчастного случая
• Наказание за невыполнение обещаний перед собой или третьими лицами (личных и рабочих дедлайнов)
• Обязательство пройти реабилитацию, в случае продолжения приема алкоголя в течение последующего года.
Сегодня подобные договоры не имеют юридической силы."
2603;Р2;ОТ Герцена ;Открытый;Санкт-Петербург;2019.04;ЭП сожалеет о демонизации богатых в России
2604;Р3;ОТ Герцена ;Открытый;Санкт-Петербург;2019.04;ЭП, как феминистское движение, будет активно выступать за назначение женщин религиозными лидерами (епископы, имамы, монахи и т.п.) 
2605;Р4;ОТ Герцена ;Открытый;Санкт-Петербург;2019.04;ЭП, как Консервативная партия Великобритании, инициирует и проведет повторный референдум о выходе из Европейского Союза 
2606;Р5;ОТ Герцена ;Открытый;Санкт-Петербург;2019.04;"ЭП, как родитель, будет воспитывать ребенка в духе коммунитаризма, а не индивидуализма 
* Коммунитаризм – это вера в то, что счастье и смысл жизни происходят из вклада и членства в большей общине, а не из самого себя. Индивидуализм – это вера в то, что люди не должны делать свою концепцию счастья и смысла зависимой от других, а должны стремиться определить это для себя."
2607;ПФ;ОТ Герцена ;Открытый;Санкт-Петербург;2019.04;ЭП будет давать право голоса только тем людям, которым обладают серьёзно развитой эмпатией к людям не из своего ближайшего окружения
2608;Ф;ОТ Герцена ;Открытый;Санкт-Петербург;2019.04;ЭП сожалеет о демонизации национализма в России 
2609;Р1;XVI ОК МГЮА ;Открытый;Москва;2019.05;ЭПС недопустимым запрещать на радио и ТВ произведения искусства, содержащие сексизм или исполнение лицами, совершивших сексуальные преступления
2610;Р2;XVI ОК МГЮА ;Открытый;Москва;2019.05;ЭП запретит кредиты на образование
2611;Р3;XVI ОК МГЮА ;Открытый;Москва;2019.05;"ЭП поддерживает решение США о выходе из международного договора о торговле оружием
* Международный договор о торговле оружием – договор, который устанавливает новые стандарты для экспорта обычных вооружений, в том числе запрещается экспорт обычных вооружений в нарушение эмбарго и санкций, а также вооружений, которые использовались бы при совершении геноцида, преступлений против человечности, военных преступлений и терактов. В своё время был подписан только частью стран ООН. Например, Китай и Россия его не подписали. Недавно также США вышли из этого договора."
2612;Р4;XVI ОК МГЮА ;Открытый;Москва;2019.05;ЭП сожалеет о культе инфантилизма в массовой культуре
2613;Р5;XVI ОК МГЮА ;Открытый;Москва;2019.05;"ЭП введёт солидарную ответственность для интернет-агрегаторов и распространителей контента за правонарушения
* При солидарной ответственности нескольких акторов лицо, чьи права нарушены, вправе требовать исполнения как от всех акторов совместно, так и от любого из них в отдельности. Под правонарушениями понимаются нарушения норм, установленных законом (гражданского, уголовного, админитративного)"
2614;Р6;XVI ОК МГЮА ;Открытый;Москва;2019.05;"ЭП поддерживает введение обязательного финансирования строительства по договорам долевого участия через эскроу-счёта в России
* Эскроу-счёт в долевом строительстве – это специальный счёт, открываемый в банке, на котором замораживаются деньги дольщика на период строительства дома, и передаются застройщику только после того, как тот исполнит свои обязательства перед дольщиком"
2615;Р7;XVI ОК МГЮА ;Открытый;Москва;2019.05;ЭП как феминистическое сообщество будет бороться с практикой селективных абортов
2616;Р8;XVI ОК МГЮА ;Открытый;Москва;2019.05;"ЭП запретит религиозным благотворительным организациям заниматься прозелитизмом в развивающихся странах
* Прозелитизм – стремление обратить других в свою веру, а также деятельность, направленная на достижение этой цели."
2617;Р9;XVI ОК МГЮА ;Открытый;Москва;2019.05;"ЭП как развитые страны введёт демократические ваучеры
* Демократический ваучер – это метод государственного финансирования политических кампаний, где избирателю выдаётся ваучер на условную сумму, которым он может поддержать определённого кандидата или политическую партию"
2618;ПФ;XVI ОК МГЮА ;Открытый;Москва;2019.05;ЭП проведет приватизацию всех памятников истории культуры в России и откажется от строительства памятников за счёт госбюджета
2619;Ф;XVI ОК МГЮА ;Открытый;Москва;2019.05;ЭП будет способствовать переселению русского этнического населения в регионы Северного Кавказа
2620;Р1;Juventas VIII: дорогу молодым ;Джедайский;Екатеринбург;2019.05;ЭП сожалеет о массовом искусстве, демонстрирующим истории становления преступников (злодеев)
2621;Р2;Juventas VIII: дорогу молодым ;Джедайский;Екатеринбург;2019.05;ЭПСЧ зоозащитные организации должны фокусироваться на проблеме негативного влияния потребления продуктов животного происхождения, а не на формировании жалости к животным 
2622;Р3;Juventas VIII: дорогу молодым ;Джедайский;Екатеринбург;2019.05;"ЭПСЧ Хуан Гуайдо должен активно осуждать политику Чавизма в Венесуэле. 
* Экономика Венесуэлы основана на добыче нефти, которая даёт 95 % экспортных доходов. Политические и экономические кризисы (проходившие с 2014 года) привели к тому, что сейчас в стране голод, гиперинфляция, недостаток лекарств в больницах и других товаров первой необходимости. Согласно опросам, населения винит во всем политику президента Николаса Мадуро. Президент Николас Мадуро проводит политику узурпации власти и активно противостоит оппозиционным движениям.
В январе 2019 года спикер парламента Национальной ассамблеи Венесуэлы Хуан Гуайдо, на основании Конституции Венесуэлы, объявил себя исполняющим обязанности президента. Николас Мадуро заявил, что не признает это решение и останется на своём посту до истечения положенного ему срока в 2025 году.
Чавизм - политическая идеология левого толка, которой придерживались президент страны Уго Чавес и его преемник Николас Мадуро. Сочетает в себе элементы социализма, левого популизма, патриотизма, боливарианизма (демократического социализма).
Чависты выступают за национализацию, значительную социальную поддержку населения, протекционизм, отказ от сотрудничества с МВФ и Всемирным Банком. "
2623;Р4;Juventas VIII: дорогу молодым ;Джедайский;Екатеринбург;2019.05;"ЭП как феминистическое сообщество будет осуждать женщин за адаптивные предпочтения 
* Адаптивные предпочтения - действия, которые совершает женщина для социализации в патриархальном обществе; чаще всего бьюти-практики, которые могут каким-то образом навредить. Пример: ношение обуви на высоком каблуке, стремление к похудению, депиляция, макияж и т.д."
2624;Р5;Juventas VIII: дорогу молодым ;Джедайский;Екатеринбург;2019.05;ЭП сожалеет о нарративе, согласно которому граждане тоталитарного государства не виноваты в существовании режима и его преступлениях
2625;Р6;Juventas VIII: дорогу молодым ;Джедайский;Екатеринбург;2019.05;ЭПСЧ азиатские системы образования должны активно продвигать идею о том, что азиатская культура превосходит западную культуру 
2626;Ф;Juventas VIII: дорогу молодым ;Джедайский;Екатеринбург;2019.05;"ЭП предпочитает мир с широко распространенной верой в радикальную свободу
* Радикальная свобода - это концепция, согласно которой каждый человек может изменить свои фундаментальные убеждения, желания и взгляды. Данная концепция контрастирует с мнением о том, что наши фундаментальные убеждения, желания и взгляды являются неизменяемыми элементами того, кто мы есть."
2627;Р1;Студенческий турнир МГИМО 2019 ;Студенческий;Москва;2019.05;ЭП запретит все платное образование 
2628;Р2;Студенческий турнир МГИМО 2019 ;Студенческий;Москва;2019.05;ЭП запретит соглашения о неразглашении, которые не касаются вопросов коммерческой тайны 
2629;Р3;Студенческий турнир МГИМО 2019 ;Студенческий;Москва;2019.05;ЭПСЧ Израилю следует применять позитивную дискриминацию израильских арабов 
2630;Р4;Студенческий турнир МГИМО 2019 ;Студенческий;Москва;2019.05;Создана технология, с помощью которой можно забыть случаи, события, людей и другие части жизни, которые хочется стереть из памяти. ЭП предпочтет мир, где этой технологии не существует 
2631;Р5;Студенческий турнир МГИМО 2019 ;Студенческий;Москва;2019.05;ЭП поддерживает удаление аккаунтов праворадикальных публичных личностей в социальных сетях 
2632;ПФ;Студенческий турнир МГИМО 2019 ;Студенческий;Москва;2019.05;"В случае ненасильственной смены режима в России ЭП проведёт люстрации в отношении (включая, но не ограничиваясь) следующих групп: высокопоставленные силовики, сотрудники администрации президента, члены федерального правительства, федеральные функционеры системных политических партий, политические журналисты федеральных СМИ. 
* Под люстрациями в этой теме понимается долгосрочный запрет занятия государственных и любых руководящих должностей, либо запрет на профессиональную деятельность"
2633;Ф;Студенческий турнир МГИМО 2019 ;Студенческий;Москва;2019.05;ЭП сожалеет о значимой роли ЛГБТ+ идентичности 
2634;Р1;Третий тур Сибирской лиги дебатов 2018/2019 ;Открытый;Новосибирск;2019.05;ЭПСЧ семьям иммигрантов при воспитании детей необходимо прививать им культуру родной страны, а не страны проживания 
2635;Р2;Третий тур Сибирской лиги дебатов 2018/2019 ;Открытый;Новосибирск;2019.05;"ЭПСЧ феминистическому движению необходимо осуждать любые гендерные эссенциалистские нарративы 
* Эссенциализм – концепция, описывающая идею зафиксировать некую неизменную гендерную сущность. В соответствии с эссенциализмом половое разделение имеет всеобъемлющие признаки, и воспринимаются как обязательные. (Пример: «женщины более эмпатичны и эмоционально интеллектуальны»)"
2636;Р3;Третий тур Сибирской лиги дебатов 2018/2019 ;Открытый;Новосибирск;2019.05;ЭП сожалеет о популярности в обществе нарратива веры в важность собственной критики 
2637;Р4;Третий тур Сибирской лиги дебатов 2018/2019 ;Открытый;Новосибирск;2019.05;ЭП будет значительно смягчать наказание, если преступление совершено в рамках борьбы за права уязвимых групп (права этнических, сексуальных и иных меньшинств) 
2638;Р5;Третий тур Сибирской лиги дебатов 2018/2019 ;Открытый;Новосибирск;2019.05;"ЭП приветствует распространение панславянского национализма
* Панславизм - культурное и политическое течение, идеология, распространённая в государствах, населённых славянскими народами, в основе которой лежат идеи о необходимости их политического объединения на основе этнической, культурной и языковой общности. "
2639;Р6;Третий тур Сибирской лиги дебатов 2018/2019 ;Открытый;Новосибирск;2019.05;ЭП национализирует и предоставит общий доступ к метаданным, собираемым международными онлайн-компаниями
2640;Ф;Третий тур Сибирской лиги дебатов 2018/2019 ;Открытый;Новосибирск;2019.05;ЭП обяжет страховые компании учитывать стиль жизни человека при определении страховой премии
2641;Р1;Полемика 2019 ;Открытый;Санкт-Петербург;2019.06;ЭПСЧ система образования должна с раннего возраста разделять детей на группы на основании их способностей.
2642;Р2;Полемика 2019 ;Открытый;Санкт-Петербург;2019.06;"ЭП осуждает использование женщинами эротического капитала.
* Под ""эротическим капиталом"" понимается совокупность эстетической, физической, социальной и сексуальной привлекательностей женщин к другим членам общества во всевозможных контекстах. Примеры: флирт и кокетство, спать с начальником для повышения, отношения с богатыми и непривлекательным папиком, ложь о статусе своих отношений и т.п."
2643;Р3;Полемика 2019 ;Открытый;Санкт-Петербург;2019.06;ЭП разрешит корпорациям выкупать право на управление провальными городами (например, Детройт в США, советские моногорода и т.п.).
2644;Р4;Полемика 2019 ;Открытый;Санкт-Петербург;2019.06;ЭПСЧ аморальным вовлечение людей в активную политическую борьбу в современной России
2645;Р5;Полемика 2019 ;Открытый;Санкт-Петербург;2019.06;ЭПСЧ СМИ не должны освещать бэкграунд обвиняемых в преступлениях (этнос, религия, психическое здоровье)
2646;ПФ;Полемика 2019 ;Открытый;Санкт-Петербург;2019.06;ЭП предпочтёт перенести столицу России в Екатеринбург
2647;Ф;Полемика 2019 ;Открытый;Санкт-Петербург;2019.06;ЭП считает аморальным рожать детей в современной России
2648;Р1;Летний онлайн-турнир 2019;Открытый (онлайн);Онлайн;2019.07;"ЭП сожалеет о популяризации тёмного туризма
* Темный туризм - разновидность туризма, связанная с посещением мест и достопримечательностей исторически связанных со смертью и трагедией. Такие места включают в себя, но не ограничиваются, горячие точки, территории, на которых ведется война, и другие опасные зоны. В 2014 году индустрия темного туризма достигла 263 триллионов долларов, со средним годовым ростом в 65%. К сегодняшнему дню тенденция роста рынка продолжается."
2649;Р2;Летний онлайн-турнир 2019;Открытый (онлайн);Онлайн;2019.07;"ЭП введет прямые выборы в Верховный суд США
* Верховный Суд США – орган, одновременно выполняющий функции высшей апелляционной инстанции и конституционного контроля. Верховный Суд может отменить законы и решения органов исполнительной власти на основе их противоречия Конституции, а также создавать обязательные для нижестоящих судов прецеденты. Например, именно после решений Верховного Суда был регламентирован порядок задержания (т.н. «права Миранды») и легализованы однополые браки. В данный момент судьи Верховного Суда назначаются президентом с одобрения Сената и находятся на своем посту пожизненно, кроме случаев добровольной отставки или импичмента в связи с совершением преступлений. Под «прямыми выборами» в этой теме понимаются выборы раз в 8 лет по многомандатным округам (избиратели голосуют не за список кандидатов, а самостоятельно выбирают нужное число кандидатов в бюллетене)."
2650;Р3;Летний онлайн-турнир 2019;Открытый (онлайн);Онлайн;2019.07;ЭП сожалеет о произведениях искусства, которые гуманизируют немцев, поддерживавших режим во время Второй Мировой Войны
2651;Р4;Летний онлайн-турнир 2019;Открытый (онлайн);Онлайн;2019.07;"ЭП сожалеет о нарративе ""нужно уметь продавать себя""
* «Нужно уметь продавать себя» - нарратив, согласно которому человек должен думать о том, как создать о себе благоприятное впечатление во время каждого взаимодействия с другими людьми (например, обед с коллегами или свидание). Этот нарратив распространяется через бизнес-литературу, тренинги личностного роста и так далее."
2652;Р5;Летний онлайн-турнир 2019;Открытый (онлайн);Онлайн;2019.07;"ЭПСЧ экономически развитые страны должны ввести амнистию для нелегальных мигрантов, проживших в стране несколько лет и не совершавших иных преступлений
* 1. Под определение нелегальных мигрантов попадают следующие категории людей:
- Иностранцы без удостоверения личности;
- Мигранты, незаконно пересекшие границу государства, а также те, чье право на въезд является сфабрикованным;
- Иностранцы с просроченными визами и/или трудовыми договорами, а также иностранные студенты, не покинувшие страну по истечении срока учёбы.
2. Правовой статус нелегального мигранта отличается от статуса беженца или лица, обратившегося за убежищем.
3. В рамках данных дебатов, под ""экономическими развитыми странами"" мы понимаем государства, экономические показатели которых (ВВП, уровень индустриализации, индекс человеческого развития и т.п.) являются более высокими по сравнению с другими странами, в т.ч. в рамках макрорегиона."
2653;ПФ;Летний онлайн-турнир 2019;Открытый (онлайн);Онлайн;2019.07;"ЭПСЧ движение Black Lives Matter должно поддерживать законы об открытом ношении оружия и организовывать общественные вооруженные патрули.
* В 1970-е годы в штате Калифорния радикальное движение ""Черные Пантеры"" организовывало вооруженные уличные патрули с целью наблюдения за полицейскими и процессом арестов. В ответ на данные действия, власти штата (в котором на тот момент доминировала Республиканская партия) ввели более жесткое законодательство о контроле над оружием. В 2013 году в США активную деятельность развернуло движение Black Lives Matter (BLM). Оно выступает против убийств представителей афроамериканской части населения полицейскими, расового профайлинга, расового неравенства в системе правосудия США и членами данного движения преимущественно становятся представители афроамериканского населения. В основном, активизм BLM выражается через организацию мирных протестов и использование социальных медиа."
2654;Ф;Летний онлайн-турнир 2019;Открытый (онлайн);Онлайн;2019.07;"ЭП предпочтет гарантированное трудойстройство безусловному основному доходу
* Гарантированное трудоустройство - экономическая политика, в рамках которой государство выступает как ""работодатель последней надежды"", создавая рабочие места (инфраструктура, сельское хозяйство и т.п.) либо субсидируя предпринимателей, берущих таких людей на работу."
2655;Р1;СЛОВА;Открытый;Москва;2019.08;ЭПСЧ западные консалтинговые компании (управленческие, юридические, реклама и PR и др.) не должны сотрудничать с авторитарными правительствами
2656;Р2;СЛОВА;Открытый;Москва;2019.08;ЭПСЧ постсоветские государства не должны подчеркивать историю борьбы с российским империализмом при построении национальной идентичности
2657;Р3;СЛОВА;Открытый;Москва;2019.08;"ЭПСЧ развитые страны должны ограничить максимальный ежемесячный доход граждан (включая непрямые формы поощрения, такие как ценные бумаги, подарки, обеспечение, жильем, транспортом, питанием, страховкой и т. п.) в размере 50 МРОТ.
* На текущий момент минимальный размер оплаты труда (МРОТ) в России составляет 11 280 рублей в месяц. В большинстве развитых стран минимальная зарплата варьируется от 7,5 до 14 долларов США в час."
2658;Р4;СЛОВА;Открытый;Москва;2019.08;"ЭП, как США, введёт экономические санкции против стран, участвующих в проекте “Северный поток — 2”, с целью остановить его строительство. 
* «Северный поток — 2» это строящийся газопровод из России в Германию через Балтийское море. Проект финансируется Газпромом и пятью европейскими энергетическими компаниями (ENGIE, OMV, Shell, Uniper и Wintershall Dea). В 2017 году Россия поставила 40% от всего потребляемого природного газа в Германии. «Северный поток — 2» удвоит этот объем. Также, благодаря проекту Германия сможет значительно снизить зависимость от угля и атомной энергии. В отличие от основных существующих путей поставки, газопровод пройдет в обход Польши, Словакии, Украины, Эстонии, Латвии и Литвы."
2659;Р5;СЛОВА;Открытый;Москва;2019.08;ЭП криминализует неисполнение политиками собственных предвыборных обещаний в случае прихода к власти
2660;ПФ;СЛОВА;Открытый;Москва;2019.08;ЭПСЧ деньги, пожертвованные на реставрацию Собора Парижской Богоматери, должны быть направлены на помощь бедным.
2661;Ф;СЛОВА;Открытый;Москва;2019.08;"ЭП будет менять систему изнутри
* Для целей этих дебатов допустим, что Вы – молодой, отлично образованный, либерально настроенный гражданин России, имеющий стойкое желание изменить свою страну к лучшему. Перед Вами есть две опции:
1. Открыто бороться с системой. Активно участвовать в оппозиционных организациях, движениях и акциях, призывать к смене режима всеми возможными способами и т. д.
2. Менять систему изнутри. Не выступать против действующей власти, а преследовать карьеру в госслужбе, избираться в выборные органы власти, участвовать в конкурсах-лифтах (например, Лидеры России)"
2662;ЧФ;Императорский Турнир от Unilever;Закрытый;Москва;2019.09;ЭПСЧ государство должно приоритизировать экономическое развитие сообществ этнических меньшинств над сохранением их культуры
2663;ЧФ;Императорский Турнир от Unilever;Закрытый;Москва;2019.09;"ЭП разрешит антирекламу
* под антирекламой понимается использование в рекламе прямых ссылок на товары конкурентов в любых целях"
2664;ПФ;Императорский Турнир от Unilever;Закрытый;Москва;2019.09;"ЭП разрешит участие трансгендеров во всех профессиональных спортивных мероприятиях
* 1. Допустимы разумные ограничения, не позволяющие участвовать в мероприятиях только по критерию самоидентификации, не проходя гормональной терапии.
2. У трансгендеров при смене пола НЕ исчезают на 100% спортивные преимущества мужского тела"
2665;Ф;Императорский Турнир от Unilever;Закрытый;Москва;2019.09;ЭП сделает все зарплаты открытыми
2666;Р1;Кубок РЭУ ;Открытый;Москва;2019.10;ЭП введёт минимальные квоты прием на беженцев и возможность торговать ими 
2667;Р2;Кубок РЭУ ;Открытый;Москва;2019.10;ЭП сожалеет о гламуризации работы в корпорациях
2668;Р3;Кубок РЭУ ;Открытый;Москва;2019.10;В развивающихся странах с относительно стабильно экономической ситуацией, ЭП обяжет работающих граждан ежемесячно вкладывать от 5 до 25% доходов в фондовые рынки
2669;Р4;Кубок РЭУ ;Открытый;Москва;2019.10;ЭП предпочтет жить в мире с сильной локальной идентичностью в бедных районах
2670;Р5;Кубок РЭУ ;Открытый;Москва;2019.10;"ЭП предпочтет жить в мире, где доминирует нарратив ""общество должно заботиться обо мне и помогать"", а не ""я должен помогать обществу"" "
2671;ПФ;Кубок РЭУ ;Открытый;Москва;2019.10;ЭП как родитель в западной либеральной демократии будет учить своего ребенка, что любовь не является главной ценностью в жизни
2672;Ф;Кубок РЭУ ;Открытый;Москва;2019.10;ЭП при прочих равных предпочтёт жить в сообществе с нормой «не лезть с непрошенным советом»
2673;Р1;VIII С Дону выдачи нет!;Открытый;Ростов-на-Дону;2019.10;ЭП не будет раскрывать никакой дополнительной информации о самоубийцах, кроме пола и возраста
2674;Р2;VIII С Дону выдачи нет!;Открытый;Ростов-на-Дону;2019.10;ЭП будет распределять голоса обратно пропорционально возрасту
2675;Р3;VIII С Дону выдачи нет!;Открытый;Ростов-на-Дону;2019.10;ЭП сожалеет об убеждении людей в том, что упорная работа является определяющим фактором успеха
2676;Р4;VIII С Дону выдачи нет!;Открытый;Ростов-на-Дону;2019.10;ЭП поддерживает замену героев фильмов и телешоу, ранее изображаемых мужчинами, на женщин
2677;Р5;VIII С Дону выдачи нет!;Открытый;Ростов-на-Дону;2019.10;ЭПСЧ в случае необходимости свержения диктаторских режимов прямое военное вмешательство лучше поддержки местных вооружённых повстанцев
2678;ПФ;VIII С Дону выдачи нет!;Открытый;Ростов-на-Дону;2019.10;ЭП сожалеет о культурной гомоненизации
2679;Ф;VIII С Дону выдачи нет!;Открытый;Ростов-на-Дону;2019.10;ЭП выберет мир, где большинство людей имеют бинарную мораль, вместо мира, где большинство людей имеют серую мораль.
2680;Р1;Слово молодым;Для новичков;Санкт-Петербург;2019.10;"ЭП сожалеет о распространении в обществе идеи ""дети — это счастье"" "
2681;Р2;Слово молодым;Для новичков;Санкт-Петербург;2019.10;ЭП сожалеет о существовании ЧВК 
2682;Р3;Слово молодым;Для новичков;Санкт-Петербург;2019.10;ЭПСЧ поп-исполнительницы, идентифицирующие себя как феминистки и при этом активно выражающие сексуальность, вредят феминизму 
2683;Р4;Слово молодым;Для новичков;Санкт-Петербург;2019.10;ЭП предпочтет мир без сексуального влечения 
2684;Р5;Слово молодым;Для новичков;Санкт-Петербург;2019.10;ЭПСЧ все важные политические вопросы должны решаться на референдуме 
2685;ЧФ;Слово молодым;Для новичков;Санкт-Петербург;2019.10;ЭПСЧ от деятельности ТНК больше вреда, чем пользы 
2686;ПФ;Слово молодым;Для новичков;Санкт-Петербург;2019.10;ЭП предпочтёт мир, в котором доминирующей нормой воспитания детей являются принципы утилитаризма 
2687;Ф;Слово молодым;Для новичков;Санкт-Петербург;2019.10;ЭПСЧ в развивающихся странах реформы, направленные на снижение социального неравенства, важнее, чем реформы, направленные на экономический рост 
2688;Р1;XVIII Кубок Сибири;Открытый;Новосибирск;2019.10;ЭПСЧ прощение со стороны жертвы должно отменять уголовную ответственность
2689;Р2;XVIII Кубок Сибири;Открытый;Новосибирск;2019.10;ЭП как республиканская партия поддержит импичмент Трампа
2690;Р3;XVIII Кубок Сибири;Открытый;Новосибирск;2019.10;ЭП осуждает ученых, которые преувеличивают влияние человека на природу
2691;Р4;XVIII Кубок Сибири;Открытый;Новосибирск;2019.10;"ЭП запретит приложение «Где мой ребёнок» и аналогичные ему
* «Где мой ребёнок» - приложение, которое позволяет увидеть местоположение человека на карте, услышать что происходит вокруг и в некоторых опциях получить доступ к видео изображению."
2692;Р5;XVIII Кубок Сибири;Открытый;Новосибирск;2019.10;ЭПСЧ обычные полицейские не должны носить смертельное оружие
2693;Фмк;XVIII Кубок Сибири;Открытый;Новосибирск;2019.10;ЭП поддержит романтизацию малопрестижных профессий
2694;ПФ;XVIII Кубок Сибири;Открытый;Новосибирск;2019.10;"ЭПСЧ музей Евреев в Берлине должен быть закрыт.
* В Берлине во второй половине 20 века был открыт Еврейский музей, посвященный 2000 летней истории еврейского народа. Сегодня тематика музея неочевидна. Появились плакаты, созданные радикальной группировкой палестинцев, где клещи со звездой Давида нависают над Мечетью халифа Омара. Показываются фото первых переселенцев в Иерусалим (женщины в Леопардовых шубах держат за руки пухлых детей) вместе с фотографиями палестинцев за железной проволокой. Сама тема возникновения Иерусалима сопровождается в экспозиции кроваво-красным цветом, что вызывало недовольство Беньямину Нетаньяху. Музей является вторым по посещаемости в Берлине. Сюда часто приезжают туристы, поскольку это самый известный музей, посвященный истории еврейского народа."
2695;Ф;XVIII Кубок Сибири;Открытый;Новосибирск;2019.10;ЭП сожалеет о концепте греха
2696;Р1;XII КП МГЮА;Открытый;Москва;2019.10;ЭП предложит абитуриентам, поступившим на места бюджетного финансирования, выбор между бесплатным обучением и грантом, эквивалентным его стоимости обучения
2697;Р2;XII КП МГЮА;Открытый;Москва;2019.10;ЭПСЧ организации, борющиеся за экологию, должны приоритизировать лоббирование государств с целю изменить экологическую политику (например, ввести углеродный налог, запретить использование особо вредных хим. элементов и т. п.), а не убеждение индивидов принять личную ответственность за свой экологический след (например, снижение / переработка мусора, использование публичного транспорта и т. п.)
2698;Р3;XII КП МГЮА;Открытый;Москва;2019.10;"ЭП предпочтёт мир, в котором кооперативы являются доминирующей формой организации бизнеса
* Рабочий кооператив - компания, которой владеют и управляют ее сотрудники по принципу ""1 человек - 1 голос"". Это может осуществляться путем голосования об управленческих решениях, выборами совета директоров, прямым голосованием и другими механизмами. Включение сотрудников в состав кооператива добровольно и требует вложения в виде либо покупки акции, либо вступительного взноса. Пример: Мондрагонская кооперативная корпорация, федерация кооперативов с широким спектром работы (банкинг, промышленность, университет и др.), 75 тысячами сотрудников и 12 миллиардами евро годового дохода."
2699;Р4;XII КП МГЮА;Открытый;Москва;2019.10;"ЭП запретит «импорт невест»
* «Импорт невест» – практика, при которой мужчина связывается с девушкой из другой (как правило, менее развитой) страны онлайн с целью перевезти её к себе и вступить с ней в брак. Посредниками могут выступать специализированные агентства, сайты или родители девушки. Юридический механизм практики варьируется в зависимости от страны, но, как правило, первое время возможность женщины находиться в новом месте зависит от воли мужчины"
2700;Р5;XII КП МГЮА;Открытый;Москва;2019.10;"ЭП поддерживает создание при ООН специализированного суда, обладающего обязательной юрисдикцией для всех стран-участниц, уполномоченного признавать государственный долг «одиозным» и освобождать страну от обязанности его выплачивать.
* «Одиозный долг» (также нелегитимный долг) в международном праве – юридическая теория, которая гласит, что государственный долг, набранный режимом не в общенациональных целях, а для своей собственной поддержки, может не признаваться должником после свержения указанного режима. Такой долг считается долгом режима, а не страны"
2701;Фмк;XII КП МГЮА;Открытый;Москва;2019.10;"ЭП наделит Комиссию правом вето на любые национальные законопроекты
* «Комиссия будущих поколений» – независимый орган, уполномоченный оценивать долгосрочные последствия государственных решений на молодых и ещё не рождённых граждан."
2702;ПФ;XII КП МГЮА;Открытый;Москва;2019.10;"Оглядываясь назад, ЭП как Владимир Путин не пошла бы на третий президентский срок
* 23 сентября 2011 года на конференции партии ""Единая Россия"" президент Дмитрий Медведев и премьер-министр Владимир Путин заявили о выдвижении последнего на новый президентский срок."
2703;Ф;XII КП МГЮА;Открытый;Москва;2019.10;ЭП предпочтёт жить в мире, где люди верят, что каждый должен максимизировать свою продуктивность, а не отдых и свободное время
2704;Р1;ДВА СТОЛПА 2019;Открытый;Уфа;2019.10;"ЭП отменит тюремные сроки за ненасильственные нетяжкие преступления
* В рамках этой темы под ненасильственными нетяжкими преступлениями мы понимаем деяния, совершённые без применения прямого физического и серьёзного психологического насилия над человеком. Примеры таких преступлений: воровство, призывы к экстремизму, хранение наркотиков, мошенничество, экономические преступления (злостное уклонение от погашения кредита, уклонение от уплаты налогов организацией, контрабанда алкогольной продукции и табачных изделий, преднамеренное банкротство и т.д.)"
2705;Р2;ДВА СТОЛПА 2019;Открытый;Уфа;2019.10;ЭПСЧ ремейки популярных фильмов с заменой основных персонажей на представителей меньшинств наносят больше вреда, чем пользы 
2706;Р3;ДВА СТОЛПА 2019;Открытый;Уфа;2019.10;ЭПСЧ Великобритания должна отказать в экстрадиции Джулиана Ассанжа в США.
2707;Р4;ДВА СТОЛПА 2019;Открытый;Уфа;2019.10;ЭПСЧ западные либеральные демократии должны финансово и политически поддерживать имамов-реформаторов (либерально настроенных)
2708;Р5;ДВА СТОЛПА 2019;Открытый;Уфа;2019.10;"ЭП будет ""помещать в конец очереди"" или отказывать в лечении людям, больным ""синдромом Мюнхгаузена""
* «Синдром Мюнхгаузена» – психическое расстройство, при  котором человек симулирует или искусственно вызывает у себя симптомы болезни, чтобы подвергнуться медицинскому обследованию, лечению, госпитализации, хирургическому вмешательству. Их цель - привлечь внимание окружающих, получить заботу, симпатию и психологическую поддержку. Люди, подверженные синдрому, знают о том, что на самом деле не больны. Точных данных о числе больных синдромом нет, но считается, что их около 1% от обращающихся в клиники"
2709;Фмк;ДВА СТОЛПА 2019;Открытый;Уфа;2019.10;"ЭП как родитель будет воспитывать ребенка в парадигме ""ты уже взрослый"""
2710;ПФ;ДВА СТОЛПА 2019;Открытый;Уфа;2019.10;"ЭП сожалеет о проведении ЮАР земельной реформы.
* В настоящий момент 72% земли в ЮАР принадлежит белым фермерам - бурам, составляющим 7% населения. Со времён окончания апартеида было несколько попыток проведения земельной реформы, которые не увенчались успехом.
В 2018 году новое правительство ЮАР снова вернулось к вопросу перераспределения земли в пользу чернокожего населения. Активно обсуждается варианты принудительного выкупа земли и полная экспроприация земли у белых фермеров без выплаты компенсации. Правящая партия утверждает, что их реформа не будет похожа на зимбабвийскую земельную реформу, приведшей страну к глубочайшему экономическому кризису."
2711;Ф;ДВА СТОЛПА 2019;Открытый;Уфа;2019.10;ЭП сожалеет о концепции перекладывания ответственности за плохие поступки с человека на его окружение и воспитание.
2712;Р1;V Открытый Кубок Черноземья;Открытый;Воронеж;2019.11;ЭП введет четырехдневную рабочую неделю в России
2713;Р2;V Открытый Кубок Черноземья;Открытый;Воронеж;2019.11;ЭП как Россия распространит права на бесплатное высшее образование на русскоговорящих абитуриентов со всего мира
2714;Р3;V Открытый Кубок Черноземья;Открытый;Воронеж;2019.11;ЭП как движение бодипозитив будет активно отстаивать свободу человека есть жирную или вредную пищу или переедать
2715;Р4;V Открытый Кубок Черноземья;Открытый;Воронеж;2019.11;ЭП как русские националисты откажется от героизации ополченцев Донбасса
2716;Р5;V Открытый Кубок Черноземья;Открытый;Воронеж;2019.11;ЭП будет поощрять регистрацию патентов ВУЗами
2717;ПФ;V Открытый Кубок Черноземья;Открытый;Воронеж;2019.11;ЭП будет реализовывать государственную поддержку в получении образования детьми из малоимущих семей в виде грантов в пользу наиболее успешных детей (в любой сфере: учеба, спорт, искусство)
2718;Ф;V Открытый Кубок Черноземья;Открытый;Воронеж;2019.11;ЭП предпочтет жить в мире, в котором западный избиратель крайне критично настроен к любому вмешивательству своей страны в дела других стран
2719;Р1;XV ОТ МЛЧ ;Для новичков;Москва ;2019.11;"ЭП введёт ""право на забвение""
* Право быть забытым позволяет людям удалять информацию, видео или фотографии из общедоступных источников, например в интернете."
2720;Р2;XV ОТ МЛЧ ;Для новичков;Москва ;2019.11;ЭП прекратит уголовное преследование граждан, воевавших на стороне террористических организаций за рубежом, в обмен на добровольную регистрацию в центрах социальной и психологической помощи на родине 
2721;Р3;XV ОТ МЛЧ ;Для новичков;Москва ;2019.11;ЭПСЧ государство должно отказаться от финансирования профессиональных спортивных клубов 
2722;Р4;XV ОТ МЛЧ ;Для новичков;Москва ;2019.11;ЭП сожалеет об использовании крупными коммерческими компаниями образов феминизма в рекламе и при разработке дизайна продукции 
2723;Р5;XV ОТ МЛЧ ;Для новичков;Москва ;2019.11;"ЭПСЧ глобализация приносит больше вреда, чем пользы
* В этой теме под глобализацией мы понимаем процесс всемирной политической, экономической, культурной и религиозной интеграции и унификации."
2724;ЧФ;XV ОТ МЛЧ ;Для новичков;Москва ;2019.11;ЭП как активные атеистические организации будут поддерживать прогрессивные направления религий
2725;ПФ;XV ОТ МЛЧ ;Для новичков;Москва ;2019.11;"ЭПСЧ в интересах США перейти к изоляционизму в международной политике
* Под изоляционистской политикой мы понимаем отказ от:
1. Военных и разведывательных операций за рубежом;
2. Размещения военных баз;
3. Торговых войн;
4. Санкционной политики;
5. Прямого вмешательства во внутренние дела государств (поддержка политиков);
6. Использования soft-power для изменения политического сознания людей."
2726;Ф;XV ОТ МЛЧ ;Для новичков;Москва ;2019.11;"ЭП как активистка воспользуется помощью данного адвоката.
* Для интересов данной темы, Вы — одна из региональных лидерок ЛГБТК+ и фем активизма, ведущая деятельность и проживающая в РФ.
Регулярно против вас осуществляются действия преступного, в том числе насильственного, характера как со стороны властей (обыски, незаконные допросы, пытки), так и со стороны радикальных консервативных активистов (нападения, оскорбления, угрозы), однако ни один человек к соответствующей ответственности привлечён не был, по поданным заявлениям даже не было возбуждено ни одного дела, хотя Вы обращались в полицию, суд, к частным адвокатам и т.д.
В ответ на ваши просьбы посредством либеральных СМИ, откликнулся один известный и опытный адвокат, решивший бесплатно взяться за Вашу защиту и наказать преступников.
Сам адвокат является представителем консервативных взглядов, и давая интервью одному популярному СМИ по данному делу, публично заявил: «Преступна система, ставящая женщину в жёсткие условия. Победа в этом деле — победа настоящих патриархальных ценностей»."
2727;Р1;Pro et Contra IX;Открытый;Екатеринбург;2019.11;ЭП введет высокий минимальный порог необходимого семейного дохода, чтобы заводить детей и сохранять родительские права
2728;Р2;Pro et Contra IX;Открытый;Екатеринбург;2019.11;ЭПСЧ ЕС должен 1) прекратить свое финансирование любых религиозных организаций и 2) активно способствовать продвижению атеизма 
2729;Р3;Pro et Contra IX;Открытый;Екатеринбург;2019.11;ЭПСЧ СМИ должны высказывать свою позицию по освещаемым вопросам, а не оставаться нейтральными
2730;Р4;Pro et Contra IX;Открытый;Екатеринбург;2019.11;ЭП введёт тотальное наблюдение на всех улицах и во всех помещениях во всех населенных пунктах, доступ к которому будет у государственных служб безопасности в развитых странах
2731;Р5;Pro et Contra IX;Открытый;Екатеринбург;2019.11;ЭП запретит партиям иметь 50% и более мест в парламентах любых уровней
2732;ПФ;Pro et Contra IX;Открытый;Екатеринбург;2019.11;ЭП сожалеет о массовой критике капитализма в прогрессивных социальных кругах
2733;Ф;Pro et Contra IX;Открытый;Екатеринбург;2019.11;"ЭП как феминистическое общество откажется от концепции ""любое тело прекрасно"" и будет поддерживать концепцию ""красота не важна"""
2734;Р1;ОТ Юрфака;Открытый;Санкт-Петербург;2019.11;ЭП сожалеет о распространении культуры сострадания инвалидам в современной России
2735;Р2;ОТ Юрфака;Открытый;Санкт-Петербург;2019.11;"ЭП ведет политику нулевой толерантности к культуре АУЕ
* Нулевая толерантность подразумевает:
1. Привлечение к ответственности за принадлежность к культуре (в том числе снижения возраста к привлечению к ответственности)
2. Общественное осуждение
3. Запрет на освещение этого в массовой культуре (романтическом или позитивном свете)."
2736;Р3;ОТ Юрфака;Открытый;Санкт-Петербург;2019.11;"ЭПСЧ в интересах России отказаться от урегулирования ситуации на Донбасе по формуле Штайнмайера
* Формула Штайнмайера - комплекс соглашений по урегулированию ситуации на Донбассе. Подразумевает под собой:
- Взаимный отвод войск от точек столкновения
- Проведение на территории ДНР и ЛНР выборов под наблюдением представителей ОБСЕ
- Наделение на следующий день после проведения выборов ДНР и ЛНР особым статусом в составе Украины (в случае признания ОБСЕ выборов честными и свободными)
- Возвращение контроля над границей с Россией ВСУ
- Двусторонняя амнистия участников боевых действий
1 октября Зеленский согласился урегулировать ситуацию на Донбассе по формуле Штайнмайера"
2737;Р4;ОТ Юрфака;Открытый;Санкт-Петербург;2019.11;"ЭПСЧ переход на политику нестяжательства не в интересах РПЦ
* В рамках этой темы под политикой нестяжательства мы понимаем отказ от:
- Активного строительства церквей
- Просветительской деятельности
- Регулярного публичного выражения мнения по общественным и политическим вопросам
от владения большим объёмом имущества (недвижимость, производство)
- Активного сбора пожертвований
В пользу:
- Перемещения большей части духовенства в монастыри
- Сокращения числа существующих приходов в поселениях
- Культивирования ценностей аскезы и отказа от мирских благ в среде духовенства
Среди ряда иерархов РПЦ существует запрос на переход к политике нестяжательства."
2738;Р5;ОТ Юрфака;Открытый;Санкт-Петербург;2019.11;ЭП как несистемная либеральная оппозиция пойдет на сотрудничество с другими оппозиционными несистемными силами (например: националисты, левые)
2739;ПФ;ОТ Юрфака;Открытый;Санкт-Петербург;2019.11;ЭП X снимет Y
2740;Ф;ОТ Юрфака;Открытый;Санкт-Петербург;2019.11;"ЭПСЧ Россия должна проводить политику, направленную на уход от социального государства
* Социальное государство – система мер, направленных на осуществление социальных программ, поддержания доходов, уровня жизни населения, обеспечения занятости, поддержки отраслей социальной сферы.
В рамках этой темы мы подразумеваем политику государства, направленную на:
– выплату пособий, пенсий, различных социальных выплат;
– организацию медицинских условий по полису ОМС."
2741;Р1;Джедайский турнир МГУ 2019;Джедайский;Москва;2019.11;ЭП запретит увольнение сотрудников за поступки, напрямую несвязанные с исполнением рабочих обязанностей
2742;Р2;Джедайский турнир МГУ 2019;Джедайский;Москва;2019.11;ЭП будет бессрочно продлевать тюремные сроки для преступников, пока группа экспертов не сочтет их реабилитированными
2743;Р3;Джедайский турнир МГУ 2019;Джедайский;Москва;2019.11;ЭП введет акцизы на еду с избыточным содержанием соли, жира или сахара
2744;Р4;Джедайский турнир МГУ 2019;Джедайский;Москва;2019.11;"ЭПСЧ молодые демократии должны выбрать децентрализацию власти
* Под децентрализацией власти мы подразумеваем создание политической системы, когда местные власти могут самостоятельно принимать решения по ключевым вопросам жизни своего региона - в том числе принимать собственные законы и распоряжаться бюджетом, независимо от парламента страны."
2745;Р5;Джедайский турнир МГУ 2019;Джедайский;Москва;2019.11;"ЭПСЧ политика симметричной дискриминации - эффективный способ борьбы за равенство
* Симметричная дискриминация — это такая же дискриминация, которая применяется к меньшинствам (не государством, напр., активистами). Пример: объективация мужчин в рекламе («пересесть на лицо»)"
2746;ПФ;Джедайский турнир МГУ 2019;Джедайский;Москва;2019.11;"ЭП предпочтет жертвовать деньги в благотворительные организации и фонды, которые заняты предотвращением экзистенциальных проблем, а не любых других
* Под экзистенциальными проблемами в этой теме подразумеваются те, которые угрожают всему человечеству"
2747;Ф;Джедайский турнир МГУ 2019;Джедайский;Москва;2019.11;ЭП как государство при наличии эффективной технологии генетического конструирования и вынашивания людей будет выращивать и воспитывать людей для исполнения определенных целей
2748;Р1;1-й тур Сибирской лиги дебатов 2019/2020 ;Джедайский;Томск;2019.12;"ЭП поддерживает тенденцию наделять особой культурной ценностью любые актерские практики травмирующего ""вживания"" в образ. 
* Существуют актерские практики, предполагающие наличие психологического и физического вреда в целях ""качественного"" исполнения роли. Общеизвестны примеры, когда актёры самостоятельно переживают на себе психологическое давление, переступают через собственные моральные убеждения, причиняют себе физический вред. Например, набирают/сбрасывают вес, изолируют себя от общества, раздеваются для отдельных сцен и т.д.
В киноиндустрии подобные практики активно поощряются (номинации на кинофестивалях, активное тиражирование в СМИ, внимание кинокритиков и т.д.) и акцентируются как важное качество хорошего актёра."
2749;Р2;1-й тур Сибирской лиги дебатов 2019/2020 ;Джедайский;Томск;2019.12;"ЭП считает необходимым ввести строгий международный контроль над политикой регулирования (производство, импорт, экспорт, распределение и использование) опиоидных препаратов в Африканском регионе. 
* В Африканском регионе в настоящее время ООН регулирует только лекарственные препараты, которые являются ""предметом злоупотребления"" (например, морфин). Более слабые препараты (например, трамадол, который в 10 раз слабее действия морфина) не контролируются на международном уровне, и каждая страна устанавливает собственные нормы и правила регулирования таких лекарственных препаратов.
Один из многочисленных (но не самых освещенных) примеров - опиоидные анальгетики. Они относительно безопасны и широко доступны, однако при приёме в больших дозах способны вызывать эйфорию, схожую с героиновой.
В основном опиоиды назначаются больным раком, перенесшим операцию или страдающим от хронической боли. Во многих странах (без контроля) они включены в список основных лекарственных средств, которые медицинская служба должна всегда иметь в наличии для удовлетворения потребностей населения.
Масштабы злоупотребления опиоидными препаратами в странах Северной, Западной Африки и Ближнего Востока ужасают (например, в Египте больше 60% людей, проходивших лечение от наркомании в государственных клиниках, называли трамадол (опиоид) основным веществом злоупотребления.)."
2750;Р3;1-й тур Сибирской лиги дебатов 2019/2020 ;Джедайский;Томск;2019.12;"ЭП поддерживает распространении принципа морального релятивизма 
* Моральный релятивизм – принцип, согласно которому не существует абсолютного добра и зла, отрицание обязательных моральных норм и объективного критерия нравственности "
2751;Р4;1-й тур Сибирской лиги дебатов 2019/2020 ;Джедайский;Томск;2019.12;"ЭП запретит использование военной пропаганды, целью которой является дегуманизация противника
* Дегуманизация - процесс, который продвигает идею о том, что отдельные группы людей лишены человечности (они склонны к агрессии, жестокости и преследуют только разрушительные цели). "
2752;Р5;1-й тур Сибирской лиги дебатов 2019/2020 ;Джедайский;Томск;2019.12;"ЭП сожалеет о практиках активного осуждения общественных деятелей за непреступные действия (включая, но не ограничиваясь: дискриминационные высказывания, грубое или негативное девиантное поведение (наркомания, алкоголизм, самоповреждение)).
* Под активным осуждением в этой теме мы понимаем публичную критику действий, бойкот продукции (музыки, сериалов/фильмов с участием осуждаемого, мерча и т.д.), массовое недовольство и др."
2753;ПФ;1-й тур Сибирской лиги дебатов 2019/2020 ;Джедайский;Томск;2019.12;"ЭПСЧ в интересах Коммунистической Партии Китая прекратить попытки нарушить принцип ""Одна страна две системы"" в отношении Гонконга 
* «Одна страна, две системы» - это конституционный принцип, описывающий управление Гонконга и Макао.
Принцип заключается в том, что после воссоединения Гонконга и Макао с Китаем (которые были колониями Великобритании и Португалии), несмотря на политику китайского социализма в КНР (или «материковом Китае»), могут сохранить свою сложившуюся систему с высокой степенью автономии в течение 50 лет после воссоединения. То, что произойдет после 2047 года (Гонконг) и 2049 года (Макао), публично не сообщалось.

В настоящее время обещания КНР обеспечить высокую степень автономии в Гонконге ставятся под сомнение:
- Коммунистическая партия Китая разрешит Гонконгу голосовать только за тех кандидатов, которые были выбраны Пекином.
- Недавно была попытка введения законопроекта об экстрадиции (В случае его принятия законопроект позволит местным властям задерживать и выдавать лиц, находящихся в розыске на территориях, с которыми Гонконг не имеет соглашений об экстрадиции, включая материковый Китай и Тайвань.).
Подобные действия приводят к протестным акциям в Гонконге (Одни из самых ярких, это революция зонтиков в 2014 (против намерений властей в Пекине контролировать выборный процесс в местные органы власти, требующих предоставления подлинного всеобщего избирательного права) и протесты в Гонконге 2019 года (против законопроекта об экстрадиции). "
2754;Ф;1-й тур Сибирской лиги дебатов 2019/2020 ;Джедайский;Томск;2019.12;"ЭПСЧ либерализация сексуального поведения, вызванная сексуальной революцией, в настоящее время приносит женщинам больше вреда, чем пользы.
* Сексуальная революция – результат коренных изменений в сексуальной жизни общества, характеризующихся существенными преобразованиями сексуальных ценностей, восприятия ориентации, норм, санкций и сексуальных отношений, раскрепощающими личность и общество, нивелирующими общественные морально-религиозные нормы о запрете секса вне брака, целомудрии и другие. "
2755;Р1;Добрые дебаты;Открытый;Казань;2019.12;ЭП будет цензурировать расистский, сексистский и иной явно дискриминационный юмор 
2756;Р2;Добрые дебаты;Открытый;Казань;2019.12;"ЭПС о решении WADA 
* Исполком Всемирного антидопингового агентства (WADA) лишил Россию на четыре года права участвовать в крупных международных соревнованиях, включая Олимпиаду.
Агентство также запретило российским чиновникам и руководителям Олимпийского и Паралимпийского комитетов России посещать спортивные мероприятия, а России - принимать или претендовать на проведение международных соревнованиях в течение четырёх лет.
Решение WADA означает, что к соревнованиям могут быть допущены только ""чистые"" спортсмены, при этом они не смогут использовать российский флаг и гимн."
2757;Р3;Добрые дебаты;Открытый;Казань;2019.12;"ЭП поддерживает легализацию банд во всех латиноамериканских странах 
* В 2007 году Эквадор декриминализовал членство в бандах и легализовал некоторые из своих крупнейших банд, в том числе, самую большую уличную банду в мире - ""Латинских королей"".
Эквадорским бандам было разрешено регистрироваться в качестве культурных организаций, имеющих право на государственное финансирование и различные социальные пособия.
Преступная часть их деятельности осталась незаконной, осуждённые члены банды не были амнистированы."
2758;Р4;Добрые дебаты;Открытый;Казань;2019.12;"ЭПСЧ США должны принять NOPEC 
* NOPEC (No Oil Producing and Exporting Cartels Act) - антикартельный законопроект США, цель которого заключается в том, чтобы наделить американские суды полномочиями рассматривать антимонопольные иски в адрес стран ОПЕК и других государств, участвующих в картельных сговорах на нефтяном рынке. NOPEC вносит поправки в акт Шермана (антимонопольный закон США). Согласно законопроекту, незаконными признаются любые совместные действия правительств других стран, направленные на ограничение добычи нефти и установления цен на неё."
2759;Р5;Добрые дебаты;Открытый;Казань;2019.12;ЭП ограничит сумму денег, которую родители могут тратить на своих детей
2760;ПФ;Добрые дебаты;Открытый;Казань;2019.12;"ЭП поддерживает широкое распространение Либры
* Либра — это предлагаемая криптовалюта, управляемая консорциумом технологических компаний во главе с Facebook. Стоимость либры привязана к корзине мировых валют, в основном к доллару США, евро и иене.
Консорциум либры будет держать резерв в стандартных валютах (доллар, евро, иена и т. д.), равный общей стоимости всей либры в обращении. Это означает, что единственный способ увеличить предложение либры — это купить больше её со стандартной валютой, которая затем будет помещена в резерв."
2761;Ф;Добрые дебаты;Открытый;Казань;2019.12;ЭПСЧ X в 1994 г. не должен был заключать Y с Z (примерная формулировка)
2762;Р1;Зимний Турнир ВШЭ 2020;Открытый;Санкт-Петербург;2020.02;"ЭПСЧ меньшинства должны активно использовать respectability politics
* Respectability politics – распространение убеждений, что представители меньшинств соответствуют стандартам мейнстрима (имеют схожие ценности и потребности, говорят на местном языке, отождествляют себя с доминирующими социальными группами, не выражают ярко индивидуальность, религиозные убеждения и т.д.)"
2763;Р2;Зимний Турнир ВШЭ 2020;Открытый;Санкт-Петербург;2020.02;ЭП создаст зоны свободного оборота всех наркотиков
2764;Р3;Зимний Турнир ВШЭ 2020;Открытый;Санкт-Петербург;2020.02;"ЭП поддерживает распространение такой практики
* С лета 2020 года инвестиционный банк Goldman Sachs будет отказывать в IPO компаниям с однотипными советами директоров. В частности, в которых нет женщин"
2765;Р4;Зимний Турнир ВШЭ 2020;Открытый;Санкт-Петербург;2020.02;ЭП позволит людям отказываться от законов
2766;Р5;Зимний Турнир ВШЭ 2020;Открытый;Санкт-Петербург;2020.02;"ЭПС недопустимым использовать эту технологию
* Существует технология по стиранию нежелательных воспоминаний и замены их на желаемые"
2767;Р6;Зимний Турнир ВШЭ 2020;Открытый;Санкт-Петербург;2020.02;"ЭП обяжет матерей к аборту при склонности к преступлениям у плода больше 50%
* Существует технология определения склонности к преступлениям у плода во время беременности"
2768;ПФ;Зимний Турнир ВШЭ 2020;Открытый;Санкт-Петербург;2020.02;ЭП сожалеет о нарративе «принимай себя таким, какой ты есть»
2769;Ф;Зимний Турнир ВШЭ 2020;Открытый;Санкт-Петербург;2020.02;В случае, если учёные точно установили, что в ближайшее время Земля будет уничтожена, ЭП скроет эту информацию от людей
2770;Р1;Второй тур Сибирской лиги дебатов 2019/2020 ;Открытый;Новосибирск;2020.02;ЭПСЧ западным либеральным демократиям необходимо наделять религиозные организации полномочиями судить и наказывать прихожан за нарушения религиозного права
2771;Р2;Второй тур Сибирской лиги дебатов 2019/2020 ;Открытый;Новосибирск;2020.02;"ЭП запретит применение принципа ""Grandfather clause"" в экономической правовой практике развивающихся странах
* Grandfather clause - принцип защиты инвестора от изменения законодательства принимающей инвестиции стороны. При принятии в будущем нормативных актов, ухудшающих правовое положение инвестора (например, ухудшение налогового режима), действуют нормы, существовавшие на момент вложения инвестиций (на весь срок реализации инвестиционного проекта)."
2772;Р3;Второй тур Сибирской лиги дебатов 2019/2020 ;Открытый;Новосибирск;2020.02;ЭП (развитая страна) запретит любые массовые уличные протесты
2773;Р4;Второй тур Сибирской лиги дебатов 2019/2020 ;Открытый;Новосибирск;2020.02;"ЭП сожалеет о коммерциализации эко-тренда 
* Коммерциализация эко-тренда - процесс, в котором производители товаров и услуг продвигают свою продукцию как экологически безопасную, организуют переработку товаров и т.д."
2774;Р5;Второй тур Сибирской лиги дебатов 2019/2020 ;Открытый;Новосибирск;2020.02;"ЭП (Южная Африка) принудительно расформирует анклавы, где проживают исключительно африканеры, а также запретит создавать новые 
* Африканеры - группа белого населения Южной Африки, в основном - потомки переселенцев из Голландии "
2775;Р6;Второй тур Сибирской лиги дебатов 2019/2020 ;Открытый;Новосибирск;2020.02;ЭП запретит указывать авторов произведений искусства
2776;ПФ;Второй тур Сибирской лиги дебатов 2019/2020 ;Открытый;Новосибирск;2020.02;ЭП, в развитых странах, медикаментозно лишит солдат способности испытывать страх во время боевых действий
2777;Ф;Второй тур Сибирской лиги дебатов 2019/2020 ;Открытый;Новосибирск;2020.02;ЭП сожалеет об упадке тесно интегрированных семейных связей
2778;Р1;II ОТ Горного Университета 2020;Открытый;Санкт-Петербург;2020.02;"ЭП, как Папа Франциск, отменит ад
* В марте 2018 года итальянская газета La Republica опубликовала статью, в которой журналист заявил, что при встрече Папа Франциск сказал ему, что ада не существует и грешные души не наказываются после смерти. Ватикан опроверг данный факт. Журналист не привел каких-либо доказательств. Папа Франциск ситуацию не комментировал."
2779;Р2;II ОТ Горного Университета 2020;Открытый;Санкт-Петербург;2020.02;"ЭП сожалеет о доминировании левых политических идей в феминистическом движении
* Политические левые взгляды характеризуются идеологическим неприятием капитализма, консервативных ценностей и традиционных религиозных учений. Это включает в себя, но не ограничивается идеей, что вы не можете быть феминисткой и быть против абортов, и вы не должны голосовать за Тори или республиканцев."
2780;Р3;II ОТ Горного Университета 2020;Открытый;Санкт-Петербург;2020.02;"ЭП введет жесткое регулирование банковского сектора в РФ
* Под «жёсткими регуляциями» банковского сектора понимаются:
1) принудительное дробление крупных банков;
2) запрет коммерческим банкам заниматься инвестиционной деятельностью;
3) запрет сделок M&A, которые приведут к образованию банка, имеющего более 20% доли рынка."
2781;Р4;II ОТ Горного Университета 2020;Открытый;Санкт-Петербург;2020.02;"ЭП предпочитает судейский оригинализм судейскому активизму
* Судейский оригинализм — правовая теория, основанная на принципах однозначности и неизменности текста закона, а также правоприменению на основе исключительно толкования текста закона без учета его временного конъюнктурного понимания и личных политико-социальных и экономических представлений — то есть того, что было заложено в закон в момент его принятия.
Судейский активизм — трактовка закона с учетом социо-политической обстановки в стране. Примеры включают, но не ограничиваются следующими ситуациями судейского активизма: НКО судится с правительством Нидерландов, чтобы принять более жесткие меры против изменения климата (Urgenda); британский Верховный суд решает, должна ли нижняя палата парламента голосовать по Brexit; американские окружные суды рассматривают иски в отношении принятых президентом Трампом решений; Верховный суд США закрепляет право на однополой брак."
2782;Р5;II ОТ Горного Университета 2020;Открытый;Санкт-Петербург;2020.02;ЭП создаст квоты для наименее обеспеченных семей в более обеспеченных кварталах и многоквартирных домах
2783;ПФ;II ОТ Горного Университета 2020;Открытый;Санкт-Петербург;2020.02;ЭП создаст армию ООН под контролем всех членов Совбеза и без права вето
2784;Ф;II ОТ Горного Университета 2020;Открытый;Санкт-Петербург;2020.02;"ЭП уничтожит Китай
* Сентябрь 2020. Эпидемия коронавируса локализована в Китае. Инфицировано 90% населения. Китай пока что заблокировал выезд из страны, но сообщается, что люди пытаются прорваться. Вакцины нет, но шанс, что её изобретут в течение года - 50%."
2785;Р1;Зимний онлайн-турнир 2020;Открытый (онлайн);Онлайн;2020.02;"ЭПСЧ дискриминируемые группы должны поддерживать позитивные стереотипы о своих представителях
* Примеры позитивных стереотипов - женщины более эмпатичные, азиаты более трудолюбивые, евреи умные."
2786;Р2;Зимний онлайн-турнир 2020;Открытый (онлайн);Онлайн;2020.02;"ЭП сожалеет о приоритете прозрачности в [романтических] отношениях
* Прозрачность в отношениях это концепт, подразумевающий:
- моральное обязательство делиться всеми переживаниями, мыслям, эротическими фантазиями и т.п.;
- минимизацию индивидуальной приватности (""своей"" личной жизни, только своих друзей и т.п.)."
2787;Р3;Зимний онлайн-турнир 2020;Открытый (онлайн);Онлайн;2020.02;"ЭПСЧ страны с ярко-выраженным этническим и (или) религиозным делением должны использовать ливанскую модель распределения власти
* «Ливанская модель» (конфессионализм) – модель распределения власти, при которой все ветви (исполнительная, законодательная и т.п.) распределены между этносами/религиозным группами Например, в Ливане президентом страны должен быть христианин-маронит, премьер-министром — мусульманин-суннит, спикером парламента — мусульманин-шиит, а в правительстве должны быть поровну представлены христиане и мусульмане."
2788;Р4;Зимний онлайн-турнир 2020;Открытый (онлайн);Онлайн;2020.02;"ЭП сожалеет о стремлении обессмертить себя
* Под стремлением ""обессмертить себя"" понимается стремление не быть забытым, оставить после себя наследие в той или иной форме"
2789;Р5;Зимний онлайн-турнир 2020;Открытый (онлайн);Онлайн;2020.02;"ЭПСЧ правительство должно определять приоритеты в исследованиях частных фармацевтических компаний
* Приоритеты в исследованиях - поиск и/или разработка лекарств к конкретным заболеваниям или группе заболеваний"
2790;ПФ;Зимний онлайн-турнир 2020;Открытый (онлайн);Онлайн;2020.02;"ЭПСЧ родители слабослышащих детей должны стремиться интегрировать детей в культуру глухих, а не адаптировать к обществу слышащих

* Культура глухих – жестовые языки (есть разные диалекты), отношение к глухоте как к особенности, свои этикетные правила и нормы поведения, свои произведения искусства и общественные пространства

Главные особенности интеграции в культуру глухих:
- отказ от кохлеарных имплантов («слуховые аппараты»; они не подходят всем, не дают 100% слуха, не восстанавливают, не работают в воде);
- восприятие глухоты как особенности, а не инвалидности;
- обучение жестовому языку, а не чтению по губам."
2791;Ф;Зимний онлайн-турнир 2020;Открытый (онлайн);Онлайн;2020.02;"ЭП легализует токкенизацию людей
* В ""токкенизацию людей"" мы включаем, но не ограничиваем:
- возможность физическому лицу выходить на IPO или получать деньги от ограниченного круга инвесторов
- форма и степень контроля определяется человеком (индивидуальные решения, отчуждение профессиональных решений (выбор карьеры, образования и тп инвестору, и т.д.)
Форма юридического контроля и гарантий со стороны государства аналогична контролю за юридическим лицами, с разумными ограничениями"
2792;Р1;ОТ ВГУ;Открытый;Воронеж;2020.03;ЭП отменит платное высшее образование
2793;Р2;ОТ ВГУ;Открытый;Воронеж;2020.03;ЭПСЧ известные люди не должны высказываться по общественно важным вопросам, в которых они не являются экспертами 
2794;Р3;ОТ ВГУ;Открытый;Воронеж;2020.03;ЭП будет стимулировать жителей не переезжать в крупнейшие города в развивающихся странах
2795;Р4;ОТ ВГУ;Открытый;Воронеж;2020.03;ЭПСЧ ЛГБТ+ прайды должны иметь протестный характер, а не характер праздника
2796;Р5;ОТ ВГУ;Открытый;Воронеж;2020.03;"ЭП легализует использование культурной защиты в уголовных делах
* Культурная защита – это используемая в уголовных делах практика аргументации защиты, основанная на культурном, социальном и религиозном бэкграунде обвиняемого"
2797;ПФ;ОТ ВГУ;Открытый;Воронеж;2020.03;"ЭПСЧ компании должны принять практику радикальной прозрачности
* Компания Bridgewater работает по практике ""радикальной прозрачности"". Это означает, что внутренне каждый разговор, встреча и отчёт записываются и доступны всем сотрудникам по их запросу. Кроме того, сотрудники должны оценивать каждое взаимодействие и сотрудничество друг с другом, фактически оставляя обзор друг на друга."
2798;Ф;ОТ ВГУ;Открытый;Воронеж;2020.03;"ЭП сожалеет о том, что финансовые институты развития (Азиатский банк развития, Программа развития ООН, Азиатский инфраструктурный инвестиционный банк, Всемирный банк) смещают фокус на точечную помощь с поддержки макроэкономических проектов и инициатив
* Для целей этих дебатов:
- точечная помощь включает в себя: микрофинансирование; создание локальной инфраструктуры; предоставление грантов для бизнеса и финансирование НКО;
- макроэкономические инициативы включают в себя: работу по созданию юридических институтов для защиты прав собственности; обеспечение финансовых институтов необходимым капиталом и резервами; деньги на предоставление помощи населению, выделяемые государству, а не напрямую."
2799;Р1;Таллиннский Открытый Кубок 2020;Открытый;Таллин (Эстония);2020.03;ЭП сожалеет об идеализации мегаполисов
2800;Р2;Таллиннский Открытый Кубок 2020;Открытый;Таллин (Эстония);2020.03;"ЭП как сторонний наблюдатель сожалеет об ограничении в правах части русскоязычного населения Эстонии и Латвии
* После распада СССР большая часть бывших союзных республик приняли решение о предоставлении собственного гражданства всему населению страны («нулевой вариант»). Единственными странами, отказавшимися от этой схемы, стали Эстония и Латвия. Многие жители Эстонии и Латвии (главным образом - русскоязычные переселенцы из других республик/их дети) не получили гражданства прибалтийских республик и сформировали категорию «неграждан», лишенных избирательного права. Создание категории неграждан в Эстонии и Латвии также сопровождалось языковыми и культурными ограничениями.
Со временем положение «неграждан» было смягчено, однако в интересах этой темы следует говорить не только о статусе-кво, но и о прошедших событиях."
2801;Р3;Таллиннский Открытый Кубок 2020;Открытый;Таллин (Эстония);2020.03;ЭП как среднестатистический член истеблишмента Демократической партии США поддержит кандидатуру Берни Сандерса на праймериз
2802;Р4;Таллиннский Открытый Кубок 2020;Открытый;Таллин (Эстония);2020.03;"ЭПСЧ антифашистское движение должно выбрать стратегию ненасильственного сопротивления
* Фаши́зм — обобщённое название крайне правых политических движений и идеологий, проповедующих форму правления диктаторского типа, характерными признаками которых называют милитаристский национализм, антилиберализм, ксенофобию, реваншизм и шовинизм, вождизм, антикоммунизм, презрение к выборной демократии и либерализму, веру в господство элит и естественную социальную иерархию, этатизм и, в ряде случаев, расизм и политику геноцида.
В рамках данных дебатов под антифашистским действием подразумевается набор активистских и символических практик, направленных на противодействие направленных на противодействие фашистской организации, активизму и политике. Оно может включать в себя препятствование проведению мероприятий, доксинг фашистских активистов, контр-демонстрации, удаление их агитации,внедрение в организации и решение локальных общественных проблем. Оно также может включать в себя физическое насилие и угрозы его применения."
2803;Р5;Таллиннский Открытый Кубок 2020;Открытый;Таллин (Эстония);2020.03;При наличии такой технологии, ЭП введет прогрессивный налог на счастье с целью его дальнейшего перераспределения
2804;ПФ;Таллиннский Открытый Кубок 2020;Открытый;Таллин (Эстония);2020.03;ЭП предпочтет мир, где говорят только правду
2805;Ф;Таллиннский Открытый Кубок 2020;Открытый;Таллин (Эстония);2020.03;"ЭП как либеральное медиа откажется от публикации этой информации
* Вы находитесь в авторитарном государстве. В стране идет громкий судебный процесс: десяток молодых людей людей обвиняется в создании террористической организации. Признание было получено под пытками. Обвиняемые получили огромные сроки заключения. В стране началась активная общественная кампания в поддержку заключенных, которую проводят в основном оппозиционные либеральные силы. Вы представляете одно из немногих свободных либеральных медиа в этой стране. К вам попала информация, свидетельствующая о причастности нескольких обвиняемых к убийству и торговле наркотиками."
2806;Р1;"ОТ ВШЭ ""Новый уровень"" 2020";Открытый;Москва;2020.03;ЭПСЧ бывшие колониальные страны при построении национальной идентичности должны сместить акцент с колониального прошлого на современные проблемы/поводы для гордости
2807;Р2;"ОТ ВШЭ ""Новый уровень"" 2020";Открытый;Москва;2020.03;"ЭПСЧ мексиканское правительство должно поддержать картель Синалоа в ""войне картелей""
* «Нарковойна» в Мексике — вооружённый конфликт между враждующими наркокартелями, правительственными войсками и полицией в Мексике. В 2006 году мексиканские власти начали очередную полномасштабную войну.
Жертвы: >60 в день, 200 000 в сумме
Аресты лидеров картелей обострили борьбу картелей за влияние и привели к росту насилия.
Методы картелей: захват территории, атаки боевиков противоборствующих сил, зверские показательные убийства мирных граждан с целью запугивания, похищения людей, незаконный захват промышленности и бизнеса в контролируемых регионах и др.
Сейчас идет процесс поляризации среди мексиканских наркокартелей.За влияние борется сразу множество группировок.Идет борьба за территории, передел сфер влияния.
Два крупнейших картеля в Мексике на данный момент – «Синалоа» и «Лос-Сетас»
• Синалоа. Контролирует большую часть западной Мексики. Лидеры картеля исторически предпочитали взятки и договоренности с властями массовым убийствам и запугиванию, «подкуп вместо пули» . Контролирует до 60% всего наркотрафика в США.
• Лос-Сетас. Более склонен к экстремальному насилию, чем картель Синалоа. Картель контролирует большую часть восточной Мексики.
Картель Хуареса, Картель «Новое поколение Халиско», Картель Гольфо, Картель «тамплиеры» - крупные игроки на рынке наркотиков, ведущие кровавую борьбу между собой, с правительственными войсками и полицией."
2808;Р3;"ОТ ВШЭ ""Новый уровень"" 2020";Открытый;Москва;2020.03;"ЭП сожалеет о тренде на антигероев в современной культуре
* В целях этой темы:
Антигерой - персонаж произведения, объединяющий в себе как положительные, так и глубоко отрицательные черты. Может выступать в роли ""героя"", использующего злодейские методы, также может представлять ""злодея"", наделенного героическими чертами. Яркие образы антигероев характеризуются большим набором негативных качеств, присущих негодяем и злодеям, но в то же время наделены достаточным числом ""героических"" привлекательных черт, чтобы завоевать симпатию и сочувствие аудитории.
К ""антигероям"" можно отнести Дэдпула, Росомаху, Локи, Джокера, Уолтера Уайта, Тириона Ланнистера и других популярных персонажей массовой культуры"
2809;Р4;"ОТ ВШЭ ""Новый уровень"" 2020";Открытый;Москва;2020.03;"ЭП приветствует создание во всех спортивных лигах единого пула спонсоров
* Единый пул спонсоров – финансовая система в командных видах спорта, при которой каждый спонсор/партнер обязан заключать контракт не с конкретной командой, а со всей лигой.
Для примера, при такой системе, Газпром не может спонсировать только Зенит, а спонсирует всю лигу.
Деньги и их пропорцию между командами от всех коммерческих контрактов лига распределяет самостоятельно."
2810;Р5;"ОТ ВШЭ ""Новый уровень"" 2020";Открытый;Москва;2020.03;"ЭП сожалеет о тенденции известных медиа шоу разделять их по какому-либо признаку среди участников (например: Голос 60+; X-фактор – девушки; Форт Боярд для слабовидящих; Женский Стенд-ап на ТНТ, Comedy Woman и т.д.)"
2811;ПФ;"ОТ ВШЭ ""Новый уровень"" 2020";Открытый;Москва;2020.03;ЭП в странах с бюджетной формой высшего образования, оставит бюджетные места только в провинциальных университетах
2812;Ф;"ОТ ВШЭ ""Новый уровень"" 2020";Открытый;Москва;2020.03;"ЭП сожалеет о распостранении идеи ""жизнь должна иметь смысл"""
2813;Р1;VI ОТ СПбГУ;Открытый (онлайн);Онлайн;2020.03;ЭП разрешит детский труд в развивающихся странах с низким уровнем социальной поддержки и образования
2814;Р2;VI ОТ СПбГУ;Открытый (онлайн);Онлайн;2020.03;ЭП будет наказывать владельцев заведений (бары, клубы) за сексуальное насилие, совершенное посетителями по отношению к другим посетителям
2815;Р3;VI ОТ СПбГУ;Открытый (онлайн);Онлайн;2020.03;"ЭПСЧ принятие «Мирного Плана» Трампа в интересах палестинского народа
* Мирный план по урегулированию Палестино-Израильского конфликта включает в себя следующее:
1. Иерусалим становится частью Израиля, Палестинскому государству будет разрешено расположить столицу в восточной его части
2. Границы закрепят текущую ситуацию и будут проведены так, чтобы минимизировать количество переселений. Однако при демаркации в первую очередь будут учитываться интересы Израиля
3. Палестинское государство будет полностью демилитаризовано, однако полицейские отряды и и иные органы правопорядка разрешены
4. Палестинцы должны отказаться от насилия и прекратить финансовую поддержку семей людей, совершавших нападения на израильтян.
5. Трамп обещает 50 миллиардов долларов инвестиций в новое палестинское государство. По словам президента США, это поможет создать 1 млн новых рабочих мест.
6. Статус Храмовой горы в Иерусалиме, где находятся священные для мусульман и иудеев объекты, должен остаться без изменений.
План также включает положения по разоружению ХАМАС, обмену заложниками и официальному признанию Израильского государства"
2816;Р4;VI ОТ СПбГУ;Открытый (онлайн);Онлайн;2020.03;ЭП введёт сексуальное воспитание в российских школах
2817;Р5;VI ОТ СПбГУ;Открытый (онлайн);Онлайн;2020.03;ЭПСЧ зоозащитным движениям стоит делать акцент на улучшение условий содержания и убийства животных, а не полную отмену культуры потребления животных
2818;ПФ;VI ОТ СПбГУ;Открытый (онлайн);Онлайн;2020.03;ЭП лишит права голоса мужчин на 30 лет
2819;Ф;VI ОТ СПбГУ;Открытый (онлайн);Онлайн;2020.03;"ЭПСЧ институты образования и воспитания должны поощрять негативное мышление
* Негативное мышление - способ мышления, оперирующий отрицаниями, склонный к возражениям, видящий негативные стороны"
2820;Р1;Открытый турнир RDL;Открытый (онлайн);Онлайн;2020.03;ЭП будет распределять ограниченную медицинскую помощь случайным образом в условиях пандемии 
2821;Р2;Открытый турнир RDL;Открытый (онлайн);Онлайн;2020.03;ЭПСЧ развитие интернета принесло либеральной демократии больше вреда, чем пользы 
2822;Р3;Открытый турнир RDL;Открытый (онлайн);Онлайн;2020.03;ЭП запретит использование личного транспорта в густонаселенных районах/районах с развитым публичным транспортом 
2823;Р4;Открытый турнир RDL;Открытый (онлайн);Онлайн;2020.03;ЭПСЧ все работы должны оплачиваться одинаково 
2824;Р5;Открытый турнир RDL;Открытый (онлайн);Онлайн;2020.03;ЭП сожалеет о культе путешествий 
2825;ПФ;Открытый турнир RDL;Открытый (онлайн);Онлайн;2020.03;"ЭПСЧ все СМИ должны управляться кооперативами
* Производственный кооператив — это добровольное объединение граждан на основе членства для совместного управления компанией.
• Каждый участник кооператива должен внести паевой взнос — минимальный и максимальный порог которого НЕ ограничен.
• Каждый участник кооператива имеет право голоса; вне зависимости от размера взноса, голоса всех участников кооператива равноценны.
• В кооперативе могут принимать участие сотрудники компании и сторонние лица, внёсшие паевой взнос. Число участников со стороны НЕ может превышать четверти от числа участников-сотрудников компании. "
2826;Ф;Открытый турнир RDL;Открытый (онлайн);Онлайн;2020.03;ЭП как этнические меньшинства откажется от критики культурной апроприации
2827;Р1;Кубок Уфимской Гильдии Дебатов;Открытый (онлайн);Онлайн;2020.03;"ЭП введёт прогрессивную шкалу налогообложения (как в Швеции) 
* В Швеции принята прогрессивная налоговая система. Граждане страны платят подоходный налог размером от 30% до 55%. Например, при зарплате больше 400 тыс. крон в год (40 тыс. евро) к минимальной ставке в 30% житель должен заплатить дополнительно от 5% до 25%. При доходах выше 574 300 крон (57 430 евро) налоговая ставка поднимется уже до 55%. При этом шкала утроена таким образом, что невозможна ситуация, при которой рост налогооблагаемого дохода приводит к уменьшению дохода после налогов."
2828;Р2;Кубок Уфимской Гильдии Дебатов;Открытый (онлайн);Онлайн;2020.03;"ЭП предпочтёт жизнь в виртуальной реальности с полным погружением жизни в реальном мире
* Сейчас 2022 год. Создана система виртуальной реальности, обеспечивающая полное погружение (приближённые к реальности визуальные, аудио и тактильные ощущения). У ЭП есть возможность приобрести такое кресло и жить в нём. "
2829;Р3;Кубок Уфимской Гильдии Дебатов;Открытый (онлайн);Онлайн;2020.03;"ЭПСЧ Канада должна признать права коренных народов на неотчужденную территорию
* Во время колонизации Канады законы запрещали отъем земли у коренных народов, вместо этого с ними заключались договоры о продаже или совместном ипользовании. Тем не менее, значимая часть территории Канады (в т.ч. Оттава, провинции Британская Колумбия и Квебек) находится на т.н. ""неотчужденной территории"" - землях, в отношении которых никаких договоренностей с коренными народами заключено не было.
Под признанием прав мы подразумеваем признание права вето на любые значимые проекты (разработка природных ресурсов, строительство дорог и трубопроводов и т.п.) либо заключение новых договоров о продаже или совместном использовании "
2830;Р4;Кубок Уфимской Гильдии Дебатов;Открытый (онлайн);Онлайн;2020.03;ЭП предпочтет мир, в котором феминистское движение имеет единую платформу (официальные точки зрения, представители, руководство)
2831;Р5;Кубок Уфимской Гильдии Дебатов;Открытый (онлайн);Онлайн;2020.03;ЭП как развитая страна в условиях карантина предпочтет помощь бизнесу, а не адресную помощь гражданам
2832;ПФ;Кубок Уфимской Гильдии Дебатов;Открытый (онлайн);Онлайн;2020.03;"ЭПСЧ Демократическая партия должна предпочесть нарезку округов в своих интересах установлению независимых комиссий в штатах, над которыми они получили контроль в 2018 и 2020 годах. 
* Джерриме́ндеринг — произвольная нарезка избирательных округов с целью искусственного изменения соотношения политических сил в них и, как следствие, в целом на территории проведения выборов.
В 2021 году в США пройдет процедура перенарезки избирательных округов нижней палаты Конгресса в связи с новой переписью населения. За процедуру перенарезки отвечают местные власти, многие из которых пройдут через процедуру перевыборов в 2020 году или уже прошли в 2018. Федеральное законодательство запрещает джерримендеринг только на расовой почве. Исторически, республиканская партия склонна к агрессивному джерримендерингу с целью максимизации числа своих конгрессменов, лишь часть которого демократам удается оспорить в судах. Только в 7 штатах из 50 полномочия по нарезке округов были переданы независимым комиссиям."
2833;Ф;Кубок Уфимской Гильдии Дебатов;Открытый (онлайн);Онлайн;2020.03;ЭПСЧ меры по продвижению демократии и западных ценностей в странах Африки южнее Сахары приносит больше вреда, чем пользы
2834;Р1;ВОТ МГУ 2020;Открытый (онлайн);Онлайн;2020.04;ЭП как ЛГБТ-сообщество откажется от представления о том, что сексуальная ориентация является врождённой характеристикой человека
2835;Р2;ВОТ МГУ 2020;Открытый (онлайн);Онлайн;2020.04;ЭП отменит налоговые вычеты на отчисления благотворительным организациям
2836;Р3;ВОТ МГУ 2020;Открытый (онлайн);Онлайн;2020.04;"ЭП установит примат договора над законодательством в частно-правовых отношениях
* Частное право — совокупность правовых норм, охраняющих и регулирующих отношения между частными лицами (физическими и юридическими). В частное право входят: Гражданское право, Семейное право, Предпринимательское право, Трудовое право, Международное частное право, Банковское право. Уголовное право НЕ ВХОДИТ в это понятие.
В status quo, если положения договора противоречат положениям законодательства, в большинстве юрисдикций эти положения договора признаются недействительными."
2837;Р4;ВОТ МГУ 2020;Открытый (онлайн);Онлайн;2020.04;"ЭП введёт существенную налоговую нагрузку на товары, включающие отрицательные экологические экстерналии
* Экстерналия в экономике — влияние на третьих лиц, которое не учитывается в цене товара или услуги. Например, если вы едете на машине, вы оплачиваете стоимость машины, её ремонт и бензин, но не оплачиваете ухудшение дорожного покрытия, ущерб от лёгочных заболеваний и аварий (если это всё не учтено в налоге на топливо). Отрицательные экологические экстерналии включают выбросы парниковых газов и токсичных веществ, появление свалок и загрязнение окружающей среды пластиком и другими отходами, уничтожение экосистем (но не ограничиваются перечисленными факторами)."
2838;Р5;ВОТ МГУ 2020;Открытый (онлайн);Онлайн;2020.04;ЭП введёт безусловный базовый доход только для женщин
2839;ПФ;ВОТ МГУ 2020;Открытый (онлайн);Онлайн;2020.04;ЭП поддерживает люстрации после режимной трансформации
2840;Ф;ВОТ МГУ 2020;Открытый (онлайн);Онлайн;2020.04;"ЭП наделит пассивным и активным избирательным правом только граждан с положительным налоговым сальдо
* Налоговое сальдо. Из суммы налогов, которую человек уплатил за год вычитаются, средства, которые государство потратило на:
1) государственные услуги (школа, дет сад, поликлиника) для этого гражданина;
2) инфраструктуру, которой пользуется гражданин (дороги, мосты, уличное освещение, полиция и т.д) в расчёте на одного пользователя. Там, где это можно подсчитать индивидуально - это делается; там, где нет, делится поровну среди потенциальных пользователей;
3) меры государственной поддержки, оказанные гражданину (пособия, льготные ипотеки и тд.)"
2841;Р1;ОТ МЛЧ XVI;Для новичков (онлайн);Онлайн;2020.04;ЭПСЧ подозреваемый не может быть арестован до признания вины судом
2842;Р2;ОТ МЛЧ XVI;Для новичков (онлайн);Онлайн;2020.04;"ЭПС операции возмездия допустимыми
* Операция «Немезис» — акция возмездия партии «Дашнакцутюн» по убийству лидеров Османской империи, причастных к организации Геноцида армян, а также лидеров Азербайджанской Демократической Республики, причастных, к резне армян в Баку в 1918 году. Её участников оправдали в Берлине в 1921 году"
2843;Р3;ОТ МЛЧ XVI;Для новичков (онлайн);Онлайн;2020.04;"ЭПСЧ страны Европы должны предпочесть политику ""Плавильного котла"" политике мультикультурализма
* Мультикультурали́зм — политика, направленная на сохранение и развитие культурных различий, и обосновывающая такую политику теория или идеология. Мультикультурализм противопоставляется концепции «плавильного котла», где предполагается слияние всех культур в одну. "
2844;Р4;ОТ МЛЧ XVI;Для новичков (онлайн);Онлайн;2020.04;ЭП будет стимулировать женщин быть эгоистками
2845;Р5;ОТ МЛЧ XVI;Для новичков (онлайн);Онлайн;2020.04;ЭП считает недопустимым сокрытие информации о деятельности террористических организаций
2846;ЧФ;ОТ МЛЧ XVI;Для новичков (онлайн);Онлайн;2020.04;ЭП ввёдет высокую минимальную планку дохода, необходимую для возможности иметь детей
2847;ПФ;ОТ МЛЧ XVI;Для новичков (онлайн);Онлайн;2020.04;"ЭП снизит регулирование рынка труда в ЕС
* Регуляция рынка труда в Евросоюзе:
1. Работодатель выплачивает высокие обязательные пособия работникам (больничный / отпуск)
2. Высокий МРОТ
3. Увольнение сотрудника строго регламентируется и выплачиваются высокие отступные
4. Ограничение количества переработок"
2848;Ф;ОТ МЛЧ XVI;Для новичков (онлайн);Онлайн;2020.04;ЭП сожалеет о героизации солдат
2849;Р1;3-й тур Сибирской Лиги Дебатов 19/20;Открытый (онлайн);Онлайн;2020.04;ЭП обяжет оплачивать работу экстренных служб людей, действия которых непосредственно привели к необходимости их спасения
2850;Р2;3-й тур Сибирской Лиги Дебатов 19/20;Открытый (онлайн);Онлайн;2020.04;ЭП запретит публикацию любых электоральных опросов и прогнозов
2851;Р3;3-й тур Сибирской Лиги Дебатов 19/20;Открытый (онлайн);Онлайн;2020.04;"ЭП разрешит людям не выплачивать значительную часть образовательного кредита, если они получили высшее образование, но не достигли ожидаемого уровня дохода
* Для целей этой темы под ожидаемым уровнем дохода понимается не менее 70% от уровня медианного дохода выпускников определённой специальности через 3 года после получения высшего образования"
2852;Р4;3-й тур Сибирской Лиги Дебатов 19/20;Открытый (онлайн);Онлайн;2020.04;ЭП регулярно, случайным образом, будет выбирать граждан, которые должны участвовать в практиках деятельной благотворительности (поездки в детдома, дома престарелых и т.п.)
2853;Р5;3-й тур Сибирской Лиги Дебатов 19/20;Открытый (онлайн);Онлайн;2020.04;"ЭПСЧ прогрессивные общественные движения не должны использовать доксинг как метод социального давления
* Доксинг (Doxxing) – это публикация персональной информации о человеке с целью его дискредитации"
2854;ПФ;3-й тур Сибирской Лиги Дебатов 19/20;Открытый (онлайн);Онлайн;2020.04;ЭПСЧ необходимо запретить корпорациям спонсировать академические исследования
2855;Ф;3-й тур Сибирской Лиги Дебатов 19/20;Открытый (онлайн);Онлайн;2020.04;"ЭПСЧ Европейский союз должен финансировать и продвигать создание центров «Восстановление от религии»
* «Восстановление от религии» – это некомерческая организация, оказывающая помощь людям, которые покинули религию или находятся в процессе покидания религии, справиться с любыми воздействиями от этого процесса. Они делают это за счёт групп поддержки, телефонных горячих линий поддержки и практических ресурсов"
2856;Р1;Джедайский турнир ВШЭ 2020;Джедайский (онлайн);Онлайн;2020.04;ЭПСЧ представители угнетаемых групп не должны эксплуатировать стереотипы о своей группе в юморе
2857;Р2;Джедайский турнир ВШЭ 2020;Джедайский (онлайн);Онлайн;2020.04;"ЭП запретит Bail out
* Bail-in — банк спасают с помощью депозитов крупных вкладчиков (кредиторов) этого банка. Кредиторы за свои деньги часто получают часть акций банка, таким образом становясь одними из его собственников.
Bail-out — банк спасают с помощью денег от государства. Имеется три способа bail-out: а) прямые выплаты из бюджета и внебюджетных фондов, б) льготный долгосрочный кредит от ЦБ, в) выкуп государством части акций"
2858;Р3;Джедайский турнир ВШЭ 2020;Джедайский (онлайн);Онлайн;2020.04;"ЭП поддержит создание регионов или городов по принципу «одна страна — две системы»
* Предполагается создание своей собственной политической системы, юрисдикции, вооружения, экономики и финансовой системы, включая коммерческие и культурные соглашения с другими странами, и получение конкретных прав в международных отношениях"
2859;Р4;Джедайский турнир ВШЭ 2020;Джедайский (онлайн);Онлайн;2020.04;"ЭП сожалеет о распространении воркизма
* Воркизм — тенденция идентифицировать окружащих и себя самого, в первую очередь, по критерию принадлежности к работе, а не по другим критериям (религии, семейному статусу, национальности)"
2860;Р5;Джедайский турнир ВШЭ 2020;Джедайский (онлайн);Онлайн;2020.04;ЭПСЧ социальные пособия должны предоставляться базовыми товарами и услугами
2861;ПФ;Джедайский турнир ВШЭ 2020;Джедайский (онлайн);Онлайн;2020.04;ЭП будет продвигать нарратив о том, что причина депрессивных расстройств носит не индивидуальный характер, а социальный
2862;Ф;Джедайский турнир ВШЭ 2020;Джедайский (онлайн);Онлайн;2020.04;ЭП предпочтет мир, где люди волнуются и чувствуют ответственность только за те вещи, на которые, по их мнению, они могут повлиять
2863;Р1;Juventas 9: дорогу молодым;Джедайский (онлайн);Онлайн;2020.04;ЭП запретит СМИ публиковать фото и видео с применением насилия со стороны полиции
2864;Р2;Juventas 9: дорогу молодым;Джедайский (онлайн);Онлайн;2020.04;"ЭП приветствует распространение практик коллективной ответственности в учебном процессе
* Коллективная ответственность в учебном процессе — практика, при которой весь класс ответственен за успеваемость учащихся. Ответственность проявляется как в форме коллективных поощрений, так и коллективных наказаний в форме выговора, дополнительных занятий для всех учащихся, лишения стипендий/грантов (там, где они есть) и т.п. Подобная практика активно применялась в СССР и сейчас используется во многих колледжах в западных странах."
2865;Р3;Juventas 9: дорогу молодым;Джедайский (онлайн);Онлайн;2020.04;"ЭПСЧ мелодрамы на российском ТВ приносят женщинам больше вреда, чем пользы
* Сценаристы многих каналов на российском ТВ называют несколько правил создания мелодрам:
1. героиня не может встречаться с одним мужчиной и одновременно спать с другим;
2. у женщины должна быть понятная проблема – развод, потеря ребенка, беременность, бедность и т.д.;
3. героиня должна совершать умные поступки: она не должна сидеть и молчать в тряпочку, не должна давать себя унижать, при этом оставаясь честной и скромной;
4. женщина может иметь бизнес, стремиться поступить в хороший вуз, но happy end не должен быть результатом карьерных усилий;
5. акцент на счастливое завершение любовной линии с хорошим человеком."
2866;Р4;Juventas 9: дорогу молодым;Джедайский (онлайн);Онлайн;2020.04;"ЭПСЧ уберизация в развивающихся странах приносит больше вреда чем пользы
* Уберизация — это бизнес-тенденция распространения сервисов, заменяющих посредников (людей или организаций) цифровыми платформами. По факту разработчики сервисов фактически зарабатывают на виртуальном посредничестве. Классическими и самыми крупными примерами подобных сервисов является Uber и Airbnb, распространяющие свои сервисы по всему миру"
2867;Р5;Juventas 9: дорогу молодым;Джедайский (онлайн);Онлайн;2020.04;"ЭПСЧ экологическим организациям необходимо делать акцент на адаптацию к климатическим изменениям, а не на борьбу с ними
* Примеры адаптации к климатическим изменениям
- Защита от наводнений
- Разработка с/х культур подходящий под потепление
- Переселение людей из регионов, пострадавших от изменения климата
Примеры борьбы с климатическими изменениями
- Стратегия антирост - сокращение в целом производства и потребления
- Акцент на ограничение животноводческой сферы и других сфер, производящих наибольшие выбросы"
2868;ПФ, Фмк;Juventas 9: дорогу молодым;Джедайский (онлайн);Онлайн;2020.04;"ЭП предпочтёт мир, где деньги не относятся к сфере конфиденциального
* Сфера конфиденциального - сфера частной жизни, которую люди держат в секрете от посторонних или малознакомых людей, доверяя информацию из нее только самым близким."
2869;Ф;Juventas 9: дорогу молодым;Джедайский (онлайн);Онлайн;2020.04;"ЭП сожалеет о демонизации популизма
* Характерными чертами популизма являются, но не ограничиваются:
1. Отделение себя от действующей политической элиты и её активная критика
2. Громкие и простые лозунги, давление на эмоциональную составляющую"
2870;Р1;XVII ОК МГЮА;Открытый (онлайн);Онлайн;2020.05;ЭП сожалеет о размывании границ рабочего и личного времени в современном мире
2871;Р2;XVII ОК МГЮА;Открытый (онлайн);Онлайн;2020.05;ЭП запретит рекламу религии и религиозных организаций
2872;Р3;XVII ОК МГЮА;Открытый (онлайн);Онлайн;2020.05;ЭП, как Москва, введёт квоты для выходцев из Центральной Азии на всех уровнях городской власти
2873;Р4;XVII ОК МГЮА;Открытый (онлайн);Онлайн;2020.05;"ЭП включит в расчёт рейтинга гендерного равенства возможность реализовать свой сексуальный капитал и возможность реализации в качестве хранительницы очага
* Индекс (рейтинг) гендерного неравенства — интегральный показатель, который отражает неравенство в возможностях достижений между мужчинами и женщинами в трёх измерениях:
1) Репродуктивное здоровье - уровень материнской смертности и подростковой беременности.
2) Расширение прав и возможностей - соотношением числа женщин и мужчин, являющихся депутатами парламента и уровнем среднего и высшего образования среди женщин
3) Степень экономической активности - кол-во работающих женщин и уровень их доходов.
Рейтинг Формируется ООН и используется в ежегдном ""Отчёте о человеческом развитии""
https://ru.wikipedia.org/wiki/Индекс_гендерного_неравенства"
2874;Р5;XVII ОК МГЮА;Открытый (онлайн);Онлайн;2020.05;ЭП поддерживает радикальное увеличение количества жилой недвижимости в центре Москвы, в т.ч. ценой нарушения исторического облика города
2875;Р6;XVII ОК МГЮА;Открытый (онлайн);Онлайн;2020.05;"ЭПСЧ Израиль должен запретить военным, в том числе бывшим, участвовать в политике
* Под участием в политике мы понимаем, включая, но не ограничиваясь, следующие действия: избрание и назначение на политические должности, активную агитацию за политические партии"
2876;Р7;XVII ОК МГЮА;Открытый (онлайн);Онлайн;2020.05;ЭП национализирует порнографию (в западных либеральных демократиях, где порнография не запрещена)
2877;Игра за 8-е место;XVII ОК МГЮА;Открытый (онлайн);Онлайн;2020.05;ЭП введёт 100% налог на наследство
2878;ПФ;XVII ОК МГЮА;Открытый (онлайн);Онлайн;2020.05;ЭПСЧ спортсмены должны иметь право представлять непризнанные государства на всех соревнованиях
2879;Ф;XVII ОК МГЮА;Открытый (онлайн);Онлайн;2020.05;ЭП будет выплачивать каждому гражданину при наступлении совершеннолетия индивидуальную денежную компенсацию, отражающую уровень его непривилегированности, и откажется от другой политики в области борьбы с дискриминацией
2880;Р1;Финал Сибирской Лиги Дебатов 19/20;Открытый (онлайн);Онлайн;2020.05;"ЭП запретит проводить стажировки
* В стажировки не включаются производственные практики и испытательные сроки"
2881;Р2;Финал Сибирской Лиги Дебатов 19/20;Открытый (онлайн);Онлайн;2020.05;ЭП сожалеет о публичном шейме Тодоренко со стороны фем коммьюнити
2882;Р3;Финал Сибирской Лиги Дебатов 19/20;Открытый (онлайн);Онлайн;2020.05;ЭП как развитая страна откажется от вывоза своих граждан из очагов заражения при пандемиях
2883;Р4;Финал Сибирской Лиги Дебатов 19/20;Открытый (онлайн);Онлайн;2020.05;ЭП отменит возрастной ценз и соответствующие ему маркировки на объекты культуры (кино, музыка, книги, выставки и т.п.)
2884;Р5;Финал Сибирской Лиги Дебатов 19/20;Открытый (онлайн);Онлайн;2020.05;ЭП обяжет крупные бренды одежды, обуви и аксессуаров ограничивать объём производимого товара в соответствии с объёмом реализованного товара за аналогичный сезон прошлого года (с возможностью увеличить не более чем на 3-5%)
2885;ПФ;Финал Сибирской Лиги Дебатов 19/20;Открытый (онлайн);Онлайн;2020.05;"ЭП расформирует ФИФА и создаст новую федерацию под контролем (арбитраж, аудит) ЮНЕСКО, с запретом текущих и бывших организаторов занимать посты в новой федерации
* В мае 2015 года несколько высокопоставленных чиновников ФИФА были арестованы по обвинению в коррупции, в том числе в связи с одобрением организацией заявок стран на проведение чемпионатов мира (России в 2018 и Катара в 2022). Официальное расследование, проведённое ФИФА по данному эпизоду, не дало никаких результатов, возможность пересмотра заявок была категорически отклонена. По результатам расследования комитета по этике ФИФА, президент оранизации Йозеф Блаттер и президент УЕФА Мишель Платини были отстранены «от любых занятий, связанных с футболом» сроком на восемь лет, в последствии срок был сокращен до 4 лет.
ФИФА публикует финансовый отчет по результатам года. Внешний аудит организации отсутствует.
ЮНЕСКО — специализированное учреждение Организации Объединённых Наций по вопросам образования, науки и культуры, в том числе занимается проблемами спорта."
2886;Ф;Финал Сибирской Лиги Дебатов 19/20;Открытый (онлайн);Онлайн;2020.05;ЭП как Путин откажется от внесения поправок в конституцию
2887;Р1;Студенческий турнир МГИМО 2020;Открытый (онлайн);Онлайн;2020.05;"ЭП разрешит штрейкбрехерство в развитых странах
* Штрейкбрехер - человек, который работает, несмотря на начатаю забастовку. Штрейкбрехерами обычно являются лица, которые не были наняты компанией до профсоюзного спора, а были наняты после или во время забастовки для поддержания работы организации. Штрейкбрехеры могут также относиться к работникам (членам профсоюзов или нет), которые отказываются поддержать забастовку."
2888;Р2;Студенческий турнир МГИМО 2020;Открытый (онлайн);Онлайн;2020.05;ЭПСЧ в интересах Африки увеличить сотрудничество с Китаем в противовес Западу
2889;Р3;Студенческий турнир МГИМО 2020;Открытый (онлайн);Онлайн;2020.05;"ЭП позволит владельцам самим выбирать этические ""настройки"" беспилотных автомобилей
* Беспилотные автомобили вызвали этические дискуссии о характере реакции искусственного интеллекта на чрезвычайные ситуации. Потенциальные ситуации, в которых существуют моральные дилеммы, включают следующее:
1. Приоритет жизни водителя над жизнью пешехода в случае аварии или наоборот.
2. Приоритет спасения жизни более молодых людей над более старыми или наоборот.
3. Приоритет жизни водителя над жизнью пассажира или наоборот."
2890;Р4;Студенческий турнир МГИМО 2020;Открытый (онлайн);Онлайн;2020.05;"ЭПСЧ Банку России стоит отказаться от санации банков в пользу их ликвидации
* В ситуации, когда банкротство финансовой организации неизбежно, встает вопрос о необходимости выхода из сложившейся ситуации посредством либо ликвидации организации, либо ее санации. Ликвидации организации - отзыв Центральным Банком лицензии у банка и прекращения деятельности, с последующей продажей активов и распределением денежных средств между кредиторами банка(физическими и юридическими лицами). На данный момент механизм ликвидации используется в отношении небольших и незначительных банков. Санации - переход контроля организации под управление Центрального Банка, с последующей процедурой финансового оздоровления банка, с целью обеспечения стабильной работы банка, его дальнейшего развития и продажи. Санация происходит в отношении крупных и значимых банков и требует крупных финансовых вливаний в банк со стороны Центрального Банка. На данный момент Банк России санирует 29 банков, например Открытие, Московский Индустриальный Банк, Промсвязьбанк, Уралсиб, Банк Москвы."
2891;Р5;Студенческий турнир МГИМО 2020;Открытый (онлайн);Онлайн;2020.05;"ЭПСЧ регионы России должны иметь значительную автономию
* Под автононимей регионов понимается:
1) финансовая независимость - большую часть налогов, которую сейчас собирает федеральное правительство, будут собирать регионы и оставлять в своём бюджете;
2) экономическая независимость - самостоятельное определение какие экономические инициативы реализовывать;
3) политическая независимость - выборы исполнительной и законадательной власти регионов, без возможности лишения выбранных лиц полномочий по решению федерального центра."
2892;ЧФ (частич.);Студенческий турнир МГИМО 2020;Открытый (онлайн);Онлайн;2020.05;"ЭПСЧ капитан корабля должен отдать приказ о проведении операции
* На космическом корабле произошла авария, приведшая к слиянию двух членов команды (формально - военных) в одно разумное человекоподобное существо (формально - гражданское лицо). Этот человек полностью индивидуален и независим, а также обладает выдающимися навыками к обучению и высокой работоспособностью. Данный инцидент произошёл час назад, и с тех пор новый человек выражает искреннюю преданность кораблю и команде и может принести значительную помощь в осуществлении миссии корабля по возвращению на Землю. Голографический доктор может вернуть двух членов команды обратно, но это приведёт к убийству нового человека. При обсуждении данной возможности с новым человеком, он категорически отказывается от этой идеи, и голографический доктор не может выполнить операцию без приказа капитана корабля."
2893;ПФ;Студенческий турнир МГИМО 2020;Открытый (онлайн);Онлайн;2020.05;"ЭП сожалеет о подписании мирного соглашения между США и движением Талибан
* 29 февраля 2020 года США и движение Талибан подписали мирное соглашение. Мирное соглашение подразумевает:
Со стороны США:
1) уменьшение войск до 8,5 тысяч за 135 дней, а в течение 14 месяцев полный вывод войск.
2) снятие санкций и ограничений с членов движения Талибан
3) содействие выпуску из афганских тюрем членов джвинения Талибан
Со стороны движения Талибан:
1) отказ от поддержки и укрывательства иных террористических группировок на своей территории
2) участие во всеафганском диалоге с правительством Афганистана, включающее дальнейшее прекращение огня"
2894;Ф;Студенческий турнир МГИМО 2020;Открытый (онлайн);Онлайн;2020.05;"ЭП сожалеет о распространении адаптационной привлекательности в индустрии кино
* Адаптационная привлекательность - процесс, в рамках которого персонажей литературы адаптируют для кинематогрофа и делают более привлекательными для зрителей кино. Адаптационная привлекательность выражается в следующем:
1) когда кого-то, кто был изначально толстым, простым или даже совершенно некрасивым, играет гораздо более условно привлекательный актер - или, в мультипликации рисуется / анимируется подобным образом. (Пример Гермиона Грейнджер);
2) когда в рамках адаптации меняется характер и действия каких-либо персонажей на более привлекательные (Пример Тирион Ланнистер)"
2895;Р1;ВОТ ТГУ;Открытый (онлайн);Онлайн;2020.05;ЭП запретит занимать любые управленческие должности в крупных и средних компаниях людям без управленческого образования
2896;Р2;ВОТ ТГУ;Открытый (онлайн);Онлайн;2020.05;"ЭПСЧ политика срединного пути приносит Ватикану больше вреда, чем пользы
* Под срединным путём в данной теме понимается направленность на принятие компромиссных решений, таких как легализация однополых браков, легализация браков священников, отказ от жесткого противодействия другим религиям, но не ограничивается этим.
Папа Франциск за 7 лет папства совершил ряд действий, направленных на либерализацию католической церкви, в том числе, но не ограничиваясь этим:
- призвал к избежанию дискриминации в отношении людей нетрадиционной ориентации;
- заключил, что второбрачные католики, в отдельных случаях, при рассмотрении личных обстоятельств каждого, могут быть допущены к причастию;
- заявил, что Бог един для всех мировых религий."
2897;Р3;ВОТ ТГУ;Открытый (онлайн);Онлайн;2020.05;"ЭП сожалеет о растущем тренде на voluntourism (Волонтерский туризм)
* Voluntourism (Волонтерский туризм) - это тенденция, с помощью которой путешественники из более развитых стран, преимущественно западных, платят деньги , чтобы добровольно работать в менее экономически развитых странах, чтобы помочь предоставлять услуги (например, обучение, археология, центры по охране окружающей среды, социальная помощь в основном работы в детдомах и т.д.) или развивать инфраструктуру. Как правило, они стремятся находиться в этих районах в течение коротких периодов времени, и поездка часто сочетается с элементом досуга. Существует целая индустрия в виде специализированных агенств по волонтёрскому туризму, популярность которой растёт с каждым годом. Общий объем средств в этой сфере 1.6 млрд американских долларов и растет с каждым годом"
2898;Р4;ВОТ ТГУ;Открытый (онлайн);Онлайн;2020.05;"ЭПСЧ РПЛ не должна возобновляться после карантина
* Чемпионат России по футболу был приостановлен 16 марта из-за пандемии COVID-19. Чемпионат планируют возобновить 21 июня. Тренировки многих клубов долгое время проходили удаленно (из дома)"
2899;Р5;ВОТ ТГУ;Открытый (онлайн);Онлайн;2020.05;В развитых странах ЭП запретит семьям заводить второго ребёнка, если они не имеют ни одного/ни одну усыновлённого/удочерённую
2900;ПФ;ВОТ ТГУ;Открытый (онлайн);Онлайн;2020.05;"В будущем, когда состоится референдум за выход из состава Великобритании и объединение с Республикой Ирландия, ЭП, как житель Северной Ирландии, проголосует на референдуме за объединение с Республикой Ирландия, вместо того чтобы остаться в Великобритании
* Северная Ирландия — единственная часть Великобритании, которая конституционно, в соответствии с Белфастским соглашением (Соглашение Страстной пятницы) 1998 года, имеет право на сецессию путем общенародного референдума. Соглашение завершило длительный внутри гражданский конфликт длившейся с 60-х годов 20 века, между И.Р.А. (Ирландской Республиканской армией) выступающей за объединение с Республикой Ирландия и с теми кто хотел остаться в Великобритании, с представителями Юнионистов, Королевской Армии и полиции Великобритании, при участии Республики Ирландия.
Законодательный орган, парламент — Ассамблея Северной Ирландии
На последних выборах в Ассамблею Северной Ирландии (2017 год) впервые за долгое время добилась успеха партия Шинн Фейн, считается что оно политическое крыло И.Р.А. ( хотя лидеры отрицают связи с И.Р.А), выступающее за объединение Ирландии, она получила 27,9% голосов. Частью их политической программы было то что в случае прихода к власти они обещают провести референдум о выходе из состава Великобритании и объединении с Ирландией в одно государство. 28,1% голосов на тех же выборах получило на выборах Партия Юнионистов, выступающих за то чтобы остаться в составе Великобритании"
2901;Ф;ВОТ ТГУ;Открытый (онлайн);Онлайн;2020.05;ЭП лишит всех форм избирательного права лиц, осуждённых когда-либо за преступления средней и большей тяжести
2902;Р1;Top Games 2020;Открытый (онлайн);Онлайн;2020.05;ЭП предпочтет мир, в котором ролевыми моделями для социального равенства являются представители научной и политической элиты, а не спортсмены, актеры и другие деятели культуры
2903;Р2;Top Games 2020;Открытый (онлайн);Онлайн;2020.05;"ЭПСЧ федеральные телеканалы США не должны транслировать гонки NASCAR
* NASCAR - американская гоночная серия, в которой каждая машина или гонка принадлежит одной или нескольким компаниям, выкупающим спонсорские права на эту гонку. Среди спонсоров в 2020 году были Koch Industries - нефтеперерабатывающая компания, спонсирующая крайне консервативных политиков, National Rifle Association - ассоциация владельцев оружия США и университет Liberty, который по мнению СМИ не принимает абитуриентов-представителей ЛГБТ. NASCAR раз в неделю смотрит 4-7 миллионов человек в США."
2904;Р3;Top Games 2020;Открытый (онлайн);Онлайн;2020.05;"ЭП поддерживает введение отрицательных процентных ставок в развитых странах
* Дания с 12 сентября 2019 понизила ставку до -0,75 %
Швейцария с 15 января 2015 понизила ключевую ставку до -0,75 %
Швеция с 20 декабря 2018 года понизила ключевую ставку до -0,25 %
Япония с 29 января 2016 установила ключевую ставку в -0,10 %"
2905;Р4;Top Games 2020;Открытый (онлайн);Онлайн;2020.05;ЭПСЧ спортивные мегасобытия, проводимые в странах БРИКС, приносят больше вреда, чем пользы
2906;Р5;Top Games 2020;Открытый (онлайн);Онлайн;2020.05;ЭПСЧ угнетаемые социальные группы для улучшения своего положения должны подчеркивать свое сходство с доминирующей культурой, а не отличие от неё
2907;ПФ;Top Games 2020;Открытый (онлайн);Онлайн;2020.05;"ЭПСЧ праймериз должны проходить в один день
* Праймериз - процесс выдвижения номинанта на пост президента США от двух крупнейших партий. В выборах участвуют все зарегистрированные кандидаты, оставшиеся в гонке до голосования в этом штате. Проходит путём прямых выборов зарегистрированными сторонниками партии или всеми желающими. Каждый штат по итогом голосования распределяет делегатов на партийный съезд. Побеждает в праймериз кандидат, у которого 50%+1 делегат. Сейчас праймериз проходят с февраля по июнь избирательного года в каждом штате по очереди в фиксированном порядке."
2908;Ф;Top Games 2020;Открытый (онлайн);Онлайн;2020.05;"ЭП, как Джон, выберет украсть лекарство
* На Земле появился смертельный вирус. Ученые разработали лекарство, однако, оно в ограниченном доступе. У Джона заболела жена, которой он очень дорожит. Джон знает, что сейчас единственное лекарство в городе находится у фармацевта, который в свою очередь планирует использовать антидот для того, чтобы вылечить свою больную дочь."
2909;Р1;ОК ДВФУ 2020;Открытый (онлайн);Онлайн;2020.06;"ЭПСЧ развивающиеся страны должны:
1. Лишить частные школы любых налоговых преференций и возможности получать пожертвования.
2. Введет квоты согласно которым университеты смогут брать выпускников частных школ только в пределах небольших квот.
* Частная школа - негосударственное учебное заведение начального или среднего образования (школа), средства на содержание которого окупаются полностью или частично за счёт платы, взимаемой с учащихся (в отличие от государственных школ, финансируемых из взимаемых с населения налогов). Учредителями частных школ могут выступать как частные лица, так и органы местного самоуправления, религиозные организации, профсоюзы и некоммерческие объединения. В sq сектор регулируется одинакого (частный и государственный)."
2910;Р2;ОК ДВФУ 2020;Открытый (онлайн);Онлайн;2020.06;"ЭП поддерживает проект Dunkelfeld (Дункельфельд)
* Педофилия — это расстройство сексуального предпочтения (НЕ является синонимом растления и не всегда приводит к нему), у нас нет общепринятого научного консенсуса о том, почему людей начинают привлекать дети.

Dunkelfeld - немецкий проект, цель которого является предоставлять добровольное, бесплатное и защищенное принципом конфиденциальности лечение педофилии.

Ключевым методом работы Dunkelfeld является обучение людей, испытывающих сексуальное влечение к несовершеннолетним, самоконтролю путём использования групповой когнитивно-поведенческой терапии. Основной принцип программы: никто не виноват в своих сексуальных предпочтениях, но каждый несет ответственность за свое поведение. Программа призывает не осуждать мысли, а осуждать и не допускать действия, которое вредят другим. Эффективность лечения ограничена только информацией предоставляемой самим проектом. Люди, которые пришли в этот проект, могут уйти в любой момент.

В случае если пациент обращается за помощью и у врача появляются подозрения в том, что он уже совершал преступления подобного рода в прошлом, врачи Dunkelfeld не имеют права об этом сообщить властям (В Германии такая практика законная. Главное, чтобы человек не имел действующие судебное преследование).

* В данной теме ЭП - это ""сторонний наблюдатель"" (поддерживает - в контексте ""выступать в чью-то защиту"" )."
2911;Р3;ОК ДВФУ 2020;Открытый (онлайн);Онлайн;2020.06;"ЭП сожалеет о создании крупными компаниями бизнес-экосистем
* Бизнес-экосистема — набор собственных или партнерских сервисов, объединенных вокруг одной компании (Например, Alibaba, Яндекс, Google, Apple, Microsoft. и т.п.). Экосистема может быть сосредоточена вокруг одной сферы жизни клиента или проникать сразу в несколько из них."
2912;Р4;ОК ДВФУ 2020;Открытый (онлайн);Онлайн;2020.06;"ЭП разрешит детям с тяжелой формой инвалидности которые можно было выявить на этапе беременности, подавать в суд на своих родителей за их рождение
* Пренатальный скрининг - комплекс медицинских исследований, направленный на выявление группы риска по развитию пороков плода во время беременности.*предполагая, что пренатальный скрининг доступен всем **подразумевается, что в случаи ошибки (ошибки очень редкие), если у родителей есть справка, что они это исследование делали, они невиновны"
2913;Р5;ОК ДВФУ 2020;Открытый (онлайн);Онлайн;2020.06;"ЭП предпочтет жить в мире, где доминирует нарратив ""живи сегодняшним днем"", [а не ""живи ради будущего""]"
2914;ПФ;ОК ДВФУ 2020;Открытый (онлайн);Онлайн;2020.06;ЭПСЧ легальным мигрантам и налоговым резидентам должно быть предоставлено активное и пассивное избирательное право
2915;Ф;ОК ДВФУ 2020;Открытый (онлайн);Онлайн;2020.06;"ЭП поддержит десакрализацию войны
* Сакрализация - наделение священным содержанием, наполнение новым смыслом объектов, событий, воспоминаний. Явление характеризуется догматизмом и наделением особого морального авторитета.
В данной теме ЭП - это """"сторонний наблюдатель"""" (поддерживает - в контексте """"выступать в чью-то защиту"""" ). Например, великая отечественная война.
Десакрализация, в рамках темы, - переход от священного и возвышенного в бытовое и реалистичное."
2916;Р1;Небо Кочевника;Открытый (онлайн);Онлайн;2020.06;ЭПСЧ школьная программа должна подчеркивать моральные проступки и ошибки национальных или общественных героев (Кенесары, Ганди, Мать Тереза)
2917;Р2;Небо Кочевника;Открытый (онлайн);Онлайн;2020.06;"ЭП предпочтет мир, где все романтические отношения являются по согласию полиаморными
* Полиамория – это практика, допускающая возможность существования множественных любовных отношений у одного человека с несколькими людьми одновременно."
2918;Р3;Небо Кочевника;Открытый (онлайн);Онлайн;2020.06;ЭПСЧ проводить свободные и справедливые местные выборы (например: выборы акимов, выборы в Маслихат) в интересах правящей партии Казахстана
2919;Р4;Небо Кочевника;Открытый (онлайн);Онлайн;2020.06;ЭП предоставит наивысшим военным чинам (например: генералам армии, адмиралам, маршалам) возможность накладывать вето на военные решения, принятые политикам (например: высадка войск, спецоперации)
2920;Р5;Небо Кочевника;Открытый (онлайн);Онлайн;2020.06;"ЭПСЧ Демократическая Партия США должна имплементировать различные требования ""Кампании по снижению бюджета полиции"" в подконтрольных ей городах, а также поддержать эти требования на национальном уровне
* Полицейские департаменты в больших городах США в среднем требуют от 25 до 60% общегородского бюджета. В последние года, данный бюджет повысился в некоторых городах еще больше ввиду требуемых ресурсов для реформы полиции (камеры на полицейских, тренинги по де-эскалации, и т.д).
""Кампания по снижению бюджета полиции"" требует перераспределение городского бюджета, в том числе путём снижения количества вооруженного полицейского персонала, военного и полу-военного оборудования и снижения числа полицейских патрулей. Данный бюджет будет направлен на инвестирование в альтернативные сервисы и ресурсы, такие как сервисы по психологической помощи, программы по предоставлению доступного жилья и т.д."
2921;Фмк;Небо Кочевника;Открытый (онлайн);Онлайн;2020.06;"ЭП не будет запускать симуляцию
* Вы - команда ученых, которая создала симуляционную модель, способную имитировать реальную жизнь для существ внутри неё. Данная модель работает по таким же принципам и законам физикам, как и вселенная, в которой мы обитаем. После того, как модель будет запущена, вы утеряете над ней контроль, и ее внутренние процессы будут контролироваться естественными процессами."
2922;ЧФ;Небо Кочевника;Открытый (онлайн);Онлайн;2020.06;ЭП заменит пособия по безработице гарантированно предоставленной государством работой
2923;ПФ;Небо Кочевника;Открытый (онлайн);Онлайн;2020.06;"ЭП предпочтёт мир, где все люди говорят на новоязе
* Новояз - это исскуственный язык, используемый тоталитарными государствами в романе ""1984"". Новояз был сконструирован таким образом, чтобы его словами легко можно было выразить дозволенные идеологией значения, но нельзя ни прямо, ни косвенно высказать все остальные. Для этого из него исключались слова, имеющие нежелательные значения, а те из них, которые сохранялись, были очищены от всех «лишних» значений. Оруэллом приводится следующий пример: Слово «свободный» в новоязе осталось, но его можно было использовать лишь в таких высказываниях, как «свободные сапоги», «туалет свободен». Оно не употреблялось в старом значении «политически свободный», «интеллектуально свободный», поскольку свобода мысли и политическая свобода не существовали даже как понятия, а следовательно, не требовали обозначений.

Новояз в рамках этих дебатов - это язык, очищенный от слов и выражений, которые могут указывать на факторы, не зависящие от самих людей, например, убирающий такие слова как ""красивый"" и ""уродливый"", определения этничностей, пола. Необходимой технической терминологии, например, названиям органов и прочих физиологических факторов, будут обучать лишь специалистов."
2924;Ф;Небо Кочевника;Открытый (онлайн);Онлайн;2020.06;"ЭП покинет Омелас
* Омелас - мерцающий город невероятного счастья и восторга посреди самой обычной страны. Благополучие города Омелас каким-то мистическим образом оказалось связано с жизнью некоего ребёнка, влачащего существование в полном одиночестве темного подвала в вечной грязи, тьме и страданиях. Место это ограждено огромным замком, охраняемым, как ни одно другое место в городе. Ни попытаться изменить жизнь этого ребёнка, ни даже просто подойти к нему с ласковым словом утешения ни один житель городка не смеет — иначе счастье для всего городка закончится. Причём все жители знают об этом ребёнке. Большинство продолжает наслаждаться жизнью, хотя воспоминания о несчастном отравляют их бытие. Они находят причины смириться с этим порядком вещей. Но есть и те, кто находит в себе силы отвергнуть его — они и есть те, кто покидает Омелас."
2925;Р1;Летний онлайн-турнир 2020;Открытый (онлайн);Онлайн;2020.07;"ЭПСЧ sci-hub приносит больше вреда чем пользы
* Sci-hub - пиратский интернет-ресурс, представляющий бесплатный доступ к текстам научных работ (в том числе ученых топовых университетов, публикующихся в платных научных журналах) всем желающим"
2926;Р2;Летний онлайн-турнир 2020;Открытый (онлайн);Онлайн;2020.07;ЭП поддерживает рост количества шоу и сериалов, которые фокусируются на маргинальном образе жизни в странах СНГ (реальные пацаны, карапайым кайрат, дорогая мы убиваем детей)
2927;Р3;Летний онлайн-турнир 2020;Открытый (онлайн);Онлайн;2020.07;ЭПСЧ субсидии сельского хозяйства в развитых странах приносят больше вреда, чем пользы
2928;Р4;Летний онлайн-турнир 2020;Открытый (онлайн);Онлайн;2020.07;"ЭП откажется от принципа независимости Центрального Банка
* Центральный банк является: - эмиссионным центром страны, т. е. пользуется монопольным правом на выпуск банкнот; - банком банков, т. е. совершает операции не с торгово-промышленной клиентурой, а с банками данной страны: хранит их кассовые резервы, размер которых устанавливается законом, предоставляет им кредиты (кредитор последней инстанции), осуществляет надзор, поддерживая необходимый уровень стандартизации и профессионализма в национальной кредитной системе, выдает банкам лицензии. - банкиром правительства, для этого он должен поддерживать государственные экономические программы и размещать государственные ценные бумаги; предоставлять кредиты и выполнять расчетные операции для правительства, хранить (официальные) золотовалютные резервы; - органом регулирования экономики денежно-кредитными методами. Независимость центральных банков: - политикам запрещается влиять на денежно-кредитную политику - центральный банк самостоятельно определяет цели своей политики (как правило — или стабилизация цен или стимулирование экономики) - центральный банк самостоятельно определяет лучший способ достижения своих целей и сроки их достижения - центральные банки наделяются полной автономией относительно своего бюджета - банк имеет широкую самостоятельность в сфере кадровых назначений"
2929;Р5;Летний онлайн-турнир 2020;Открытый (онлайн);Онлайн;2020.07;ЭП как левые либеральные СМИ США выступит против погромов во время протестов
2930;ПФ;Летний онлайн-турнир 2020;Открытый (онлайн);Онлайн;2020.07;"ЭП сожалеет о распаде блока Кахоль Лаван
* Кахоль Лаван - коалиция партий левых взглядов в Израиле, сформированная в 2019 году, под предводительством Бенни Ганца. Одной из целей создания было смещение Нетаньяху с поста премьер-министра и прекращение его повестки. Коалиция в том числе обещала сотрудничество с арабским меньшинством Израиля ( партия «Арабский список») и была за мир с Палестиной. Весной 2020 года Бенни Ганц пошёл на сотрудничество с правящей партией. Ему были обещаны полномочия министра иностранных дел, а также по истечении времени пост премьер министра на 1.5 года, вследствие чего коалиция распалась, а название осталось у Ганца."
2931;Ф;Летний онлайн-турнир 2020;Открытый (онлайн);Онлайн;2020.07;"ЭПСЧ дальнейшая интеграция с Россией принесет народу Беларуси больше вреда, чем пользы
* В данный момент в Беларуси проходит президентская предвыборная кампания, по данным независимых экспертов рейтинг президента Александра Лукашенко на крайне низком уровне, в стране массовые протесты, а главные конкуренты не допущены до выборов. В данный момент Беларусь входит в Таможенный Союз и имеет с Россией общее таможенное пространство и стандарты качества товаров.
В этой теме под дальнейшей интеграцией понимается создание общего бюджета и налоговой системы, общей валюты и передача федеральным органам власти таких функций как:
- установление системы органов государственной власти и их полномочий
- внешняя политика, - внешнеэкономические отношения - финансовое, кредитное, торговое и иное экономическое регулирование
- социальная политика
- культурная и национальная политика"
2932;Р1;"МДТ ""Come Together""";Открытый (онлайн);Онлайн;2020.07;"ЭП сожалеет о культе жертв в современном мире
* Культ жертв – поощрение выявления негативного влияния на себя системой дискриминации и придание жертве дискриминации особого морального авторитета"
2933;Р2;"МДТ ""Come Together""";Открытый (онлайн);Онлайн;2020.07;"ЭПСЧ развивающиеся страны должны предпочесть технократическое управление демократическому
* Технократия —общество, в котором власть значительно распределена в пользу людей, имеющих специальные знания и опыт в управляемой сфере."
2934;Р3;"МДТ ""Come Together""";Открытый (онлайн);Онлайн;2020.07;"ЭП существенно ограничит распространение психотропных препаратов даже в случаях отсутствия зависимости от них
* Под психотропными препаратами подразумеваются:
- антидепрессанты;
- препараты от тревожности, чувства страха и нарушения сна;
- препараты от СДВГ (синдрома дефицита внимания и гиперактивности)"
2935;Р4;"МДТ ""Come Together""";Открытый (онлайн);Онлайн;2020.07;"ЭПСЧ необходимо создать министерство финансов Евросоюза
* Министерство финансов ЕС - проект, предполагающий создание наднационального, централизованного бюджетного органа и общего бюджета всех стран ЕС"
2936;Р5;"МДТ ""Come Together""";Открытый (онлайн);Онлайн;2020.07;ЭП поддерживает создание отдельного государства на территории США для чернокожих, создание которого поддерживается правительством
2937;ПФ;"МДТ ""Come Together""";Открытый (онлайн);Онлайн;2020.07;ЭП как Католическая Церковь должна способствовать формированию боевых христианских организаций в регионах, где преследуют христиан
2938;Ф;"МДТ ""Come Together""";Открытый (онлайн);Онлайн;2020.07;"ЭП сожалеет о создании корпорациями экосистем для своих сотрудников
* Если ты работаешь в Google, няня, нанятая твоей компанией, отводит твоего ребенка в школу, специально созданную твоей компанией, пока бариста делает тебе кофе в офисе"
2939;Р1;Summer Ural Cup;Открытый (онлайн);Онлайн;2020.08;ЭП в лице Казахстана предпочтет прозападный вектор сотрудничества пророссийскому
2940;Р2;Summer Ural Cup;Открытый (онлайн);Онлайн;2020.08;"ЭП осудит действия Blizzard
* В начале октября во время турнира Hearthstone Grand-masters участник из Гонконга Чун Нг Вай,выступающий под ником blitzchung, выкрикнул «Свободу Гонконгу, это революция нашего времени!».
В ответ Blizzard обвинили игрока в нарушении правил турнира, отметив, что соревнования - не место для политических заявлений. Разработчик лишил игрока всех призовых, заработанных на турнире, и отстранил от соревнований на год. По заявлению самого геймера, сумма призовых должна была составлять 10000$.
Вдобавок Blizzard уволили комментаторов турнира, которые взяли интервью у геймера
Интернет-сообщество отреагировало незамедлительно, обвинив Blizzard в потакании китайскому правительству. Геймеры заявили об отказе играть в World of Warcraft и Hearthstone, а в геймерских сообществах звучали многочисленные слова поддержки Вай Чуна."
2941;Р3;Summer Ural Cup;Открытый (онлайн);Онлайн;2020.08;"ЭП поддержит введение системы коллективной ответственности в школах
* Коллективная ответственность - это общие поощрения и общие наказания в случае проблем с успеваемостью или дисциплиной хотя бы одного ребёнка"
2942;Р4;Summer Ural Cup;Открытый (онлайн);Онлайн;2020.08;"ЭПСЧ волонтеры-гуманисты приносят больше вреда, чем пользы
* Волонтер-гуманист - это тот, кто активно участвует в поддержании благосостояния людей и продвижении социальных реформ путём предоставления жилья и продовольствия для бездомных и беженцев, помощи людям после стихийных бедствий или гражданских беспорядков, строительства школ, колодцев и других сооружений в различных регионах мира. Цель волонтера-гуманиста спасать жизни, облегчать страдания и поддерживать человеческое достоинство."
2943;Р5;Summer Ural Cup;Открытый (онлайн);Онлайн;2020.08;ЭП приостановит членство Венгрии в ЕС
2944;Ф;Summer Ural Cup;Открытый (онлайн);Онлайн;2020.08;"ЭП как NRA (национальная стрелковая ассоциация) будет выступать за жесткое регулирование ghost guns
* Ghost gun - самодельное огнестрельное оружие, не имеющее серийного номера и других опознавательных знаков. Термин включает, но не ограничивает оружие, напечатанное на 3D-принтере."
2945;Р1;Полемика;Открытый;Санкт-Петербург;2020.08;"ЭП запретит нулевые контракты
* ""Нулевые контракты"" - это форма трудового договора между работников и работодателем, когда в рабочем договоре не прописывается фиксированное количество рабочих часов в неделю, и заработная плата может варьироваться в зависимости от обстоятельств/объема выполняемой работы. Работодатель не гарантирует, что для работника найдётся какая-либо работа, а работник в свою очередь может отказаться от любого предложенного задания."
2946;Р2;Полемика;Открытый;Санкт-Петербург;2020.08;"ЭП поддерживает принцип фаервола в миграционной политике
* Принцип фаервола - политика ограничения контактов между миграционными службами с одной стороны и правозащитными и социальными организациями - с другой. Примеры включают в себя ограничение информации, которую больницы или школы должны предоставлять пограничникам о своих пациентах и учениках, неприменение депортации к жертвам преступлений (в т.ч. нарушений трудовых прав) и другие меры, направленные на предоставление базовых прав и услуг всем жителям страны вне зависимости от миграционного статуса."
2947;Р3;Полемика;Открытый;Санкт-Петербург;2020.08;"ЭП как Африканский Союз принудительно возьмет под контроль Плотину великого возрождения
* Плотина великого возрождения Эфиопии - гидроэлектростанция, строящаяся на Голубом Ниле с 2011 года, ожидаемый год запуска - 2022. Мощность плотины позволит с запасом покрыть растущее потребление электроэнергии в Эфиопии и создавать излишки для экспорта в соседние страны.
Египет протестует против строительства, ссылаясь на старые договоры о разделении Нила и возможную нехватку воды для сельскохозяйственного и бытового потребления в Египте.
Несмотря на девять лет переговоров под эгидами ООН и Африканского союза, Египет и Эфиопия не смогли выработать правила наполнения и эксплуатации дамбы или подписать окончательные договоренности. В течение переговоров представители обеих стран заявляли о готовности использовать военную силу для защиты своих интересов.
В июле 2020 года Эфиопия начала наполнение плотины, не дожидаясь окончания переговоров."
2948;Р4;Полемика;Открытый;Санкт-Петербург;2020.08;"ЭП сожалеет об особом статусе женщин в протестах
* Под особым статусом в данных дебатах подразумевается
1. Восприятие женщин как неспособных к применению насилия
2. Большее осуждение насилия, применяемого к женщинам
3. Восприятие женщин в первую очередь как партнеров и матерей мужчин-протестующих"
2949;Р5;Полемика;Открытый;Санкт-Петербург;2020.08;"ЭП отменит все государственные стандарты образования
* Образовательный государственный стандарт включает в себя, но не ограничивается стандартизированными вступительными и выпускными экзаменами и требованиями к содержанию образовательных программ"
2950;ПФ;Полемика;Открытый;Санкт-Петербург;2020.08;"ЭП поддерживает выражение солидарности между различными движениями за права маргинализированных групп
* Летом 2020 года многие организации и активисты стали использовать новый дизайн ЛГБТ-флага - с черной и коричневой полосами, представляющими не-белых людей и врезкой из флага транс-движения
В июне движение Black Lives Matter провело несколько крупных митингов под слоганом Black Trans Lives Matter в поддержку транс-движения"
2951;Ф;Полемика;Открытый;Санкт-Петербург;2020.08;"ЭП как Владимир Путин в случае прямой угрозы свержения Лукашенко не будет оказывать ему силовую поддержку
* 27 августа Владимир Путин заявил, что для помощи правительству Беларуси сформирован ""резерв из сотрудников правоохранительных органов"". По словам президента, эти силы не будут применены до тех пор, пока ""экстремистские элементы не перейдут определенных границ"". "
2952;Р1;IX С Дону выдачи нет!;Открытый (онлайн);Онлайн;2020.09;ЭПСЧ государство должно финансировать только фундаментальную науку
2953;Р2;IX С Дону выдачи нет!;Открытый (онлайн);Онлайн;2020.09;ЭП приветствует развитие детского MMA
2954;Р3;IX С Дону выдачи нет!;Открытый (онлайн);Онлайн;2020.09;"ЭП разрешит коммерческое суррогатное материнство
* Коммерческое суррогатное материнство - возможность покупки услуги по вынашиванию и рождению ребенка. В отличии от альтруистического суррогатного материнства, где платят только за текущие расходы, в коммерческом предусмотрено вознаграждение за сам факт оказания услуг"
2955;Р4;IX С Дону выдачи нет!;Открытый (онлайн);Онлайн;2020.09;ЭП отменит пределы необходимой обороны
2956;Р5;IX С Дону выдачи нет!;Открытый (онлайн);Онлайн;2020.09;"ЭП сожалеет о романтизации искусства ради нематериальной выгоды (например, когда говорят ""настоящее искусство делается не ради денег"", или когда превозносят подвиг ""голодающего художника"")"
2957;ПФ;IX С Дону выдачи нет!;Открытый (онлайн);Онлайн;2020.09;ЭП как сообщество приемных родителей будет показывать приемное родительство только с позитивной стороны
2958;Ф;IX С Дону выдачи нет!;Открытый (онлайн);Онлайн;2020.09;ЭПСЧ система образования должна с детства учить людей не искать общественного одобрения
2959;Р1;Кубок РЭУ ;Открытый;Москва;2020.10;"ЭТОТ ДОМ поддерживает использование Директивы Ганнибала в вооружённых конфликтах 
* Директива Ганнибала – это военный приказ, предписывающий солдатам убивать своих сослуживцев, если они попадают в плен. Данная политика предназначена для использования в качестве крайней меры в ситуациях, когда избежать захвата считается невозможным."
2960;Р2;Кубок РЭУ ;Открытый;Москва;2020.10;ЭП поддерживает снижение цен на нефть
2961;Р3;Кубок РЭУ ;Открытый;Москва;2020.10;ЭТОТ ДОМ предпочтёт мир, в котором считается, что каждый человек имеет одинаковую связь с богом, миру, в котором считается, что такой связью обладают только религиозные лидеры
2962;Р4;Кубок РЭУ ;Открытый;Москва;2020.10;"ЭТОТ ДОМ предпочтёт мир, в котором доминирует этика ""Системы 2"", а не ""Системы 1"" 
* ""Система 1"" -- этическая концепция, в которой моральным ориентиром является ""максимальное количество блага для максимального количество индивидов"". ""Система 2"" -- этическая концепция, в которой моральным ориентиром является ""поступай с другими так, как хочешь чтобы поступали с тобой"""
2963;Р5;Кубок РЭУ ;Открытый;Москва;2020.10;ЭПСЧ ООН должна ввести миротворческий контингент в Нагорный Карабах и признать этот регион независимой территорией
2964;ПФ;Кубок РЭУ ;Открытый;Москва;2020.10;ЭП как сотрудник белорусского ОМОНа перейдёт на сторону оппозиции
2965;Ф;Кубок РЭУ ;Открытый;Москва;2020.10;ЭП сожалеет о стремлении человечества обрести бессмертие
2966;Р1;VI Открытый Кубок Черноземья;Открытый (онлайн);онлайн;2020.10;ЭП поддерживает романтизацию психических заболеваний
2967;Р2;VI Открытый Кубок Черноземья;Открытый (онлайн);онлайн;2020.10;"ЭП предпочтет мир с широким распространением модели владения спортивными клубами 50+1
* Частное владение - модель владения спортивным клубом, в которой клубом руководит и может им распоряжаться частный инвестор (физическое лицо или компания)
50+1 - модель владения спортивным клубом, при котором контрольным пакетом акций владеют официальные члены клуба. Процедура получения членства доступна для обычных болельщиков. Атрибутом данной модели являются президентские выборы"
2968;Р3;VI Открытый Кубок Черноземья;Открытый (онлайн);онлайн;2020.10;ЭП, как конгресс США, разделит Big Tech компании
2969;Р4;VI Открытый Кубок Черноземья;Открытый (онлайн);онлайн;2020.10;ЭП осуждает практики суицида ради привлечения общественного внимания к социальным проблемам
2970;Р5;VI Открытый Кубок Черноземья;Открытый (онлайн);онлайн;2020.10;"ЭП установит верхнюю планку дохода физических лиц
* Под верхней планкой дохода подразумевается сумма дохода физических лиц (зарплата, подарки, дивиденды и прочие доходы), суммы выше которой облагаются 100% налогом"
2971;ПФ;VI Открытый Кубок Черноземья;Открытый (онлайн);онлайн;2020.10;"ЭПСЧ необходимо уничтожить данную сыворотку, не воспользовавшись ею
* Изобретена сыворотка супергероя, радикально увеличивающая физические способности человека (скорость/сила/реакция) и действующая всю жизнь. Примеры получаемых суперсил: суперскорость (прим. Флэш), пуленепробиваемость, возможность летать (прим. Супермен) и т.п."
2972;Ф;VI Открытый Кубок Черноземья;Открытый (онлайн);онлайн;2020.10;ЭП предпочтет мир, в котором большинство людей верит в то, что поведение и решения человека происходят из нейрофизиологии (совокупности генов, рефлексов и эмпирического опыта), а не являются продуктом осознанного выбора
2973;Р1;Слово молодым;Для новичков;Санкт-Петербург;2020.10;"ЭП сожалеет о демонизации наркомании
* Под демонизацией мы понимаем придание зловещий черт, крайне негативную риторику в сми и в социальной рекламе"
2974;Р2;Слово молодым;Для новичков;Санкт-Петербург;2020.10;ЭП как ЛГБТ сообщество откажется от проведения гей-парадов
2975;Р3;Слово молодым;Для новичков;Санкт-Петербург;2020.10;"ЭП сожалеет о проекте ""Один Пояс, один Путь""
* «Пояс и путь» - китайский интеграционный проект, объединяющий основные товарные коридоры, идущие из Китая в Европу, Центральную и Переднюю Азию и Африку. На территории стран, охваченных проектом, проживает 63% населения Земли, предположительный экономический масштаб — 21 трлн долларов США.
Проект предполагает существенное снижение таможенных пошлин, выдачу кредитов на построение инфраструктуры разным странам-участницам и широкое культурное сотрудничество. Единой валютой расчетов будет китайский юань, кредитование будет осуществляться китайскими банками."
2976;Р4;Слово молодым;Для новичков;Санкт-Петербург;2020.10;ЭПСЧ школы должны нести ответственность за самоубийства учеников
2977;Р5;Слово молодым;Для новичков;Санкт-Петербург;2020.10;"ЭПСЧ в интересах молодых демократий выбрать децентрализацию власти

* Децентрализованное государство включает в себя, но не ограничивается:
1. Возможность местных властей принимать независимые политические решения по ключевым вопросам жизни своего региона
2. Возможность местных властей самостоятельно распоряжаться бюджетом своего региона
3. Право принятия отдельных законов, не противоречащих основному закону государства

Централизованное государство напротив подразумевает под собой систему, в которой регионы не обладают высоким уровнем самостоятельности, а основные решения принимаются на уровне центра."
2978;ЧФ;Слово молодым;Для новичков;Санкт-Петербург;2020.10;ЭПСЧ в интересах религиозных организаций было бы обещать награду/наказание в этой жизни, а не в загробной
2979;ПФ;Слово молодым;Для новичков;Санкт-Петербург;2020.10;ЭП предпочтет мир, в котором феминистическое движение является централизованным
2980;Ф;Слово молодым;Для новичков;Санкт-Петербург;2020.10;"ЭП предпочтет мир, в котором романтическая любовь считается болезнью
* Романтическая любовь - чувство сильного иррационального влечения к другому человеку, превознесение его/ее над остальными, восприятие его/ее как особенного."
2981;Р1;XIX Кубок Сибири;Открытый (онлайн);онлайн;2020.10;"ЭПСЧ IT-монополисты должны значительно снизить комиссию на своих площадках
* В августе 2020, IT-компания Epic Games подала в суд на Apple из-за удаления их игры, Fortnite, из магазина приложений App Store. Apple аргументировала удаление игры тем, что Epic Games пользовались не встроенной системой платежей, (30% с каждой транзакции в которой получают Apple), а своей собственной, процентов с которой Apple не получает, нарушив тем самым правила пользования сервисом. Подобная практика взимания комиссий с любых платёжных операций распространена как в магазинах приложений типа App Store или Google Play, так и на интернет-маркетплейсах типа Amazon и Ebay. "
2982;Р2;XIX Кубок Сибири;Открытый (онлайн);онлайн;2020.10;"ЭП поддержит создание смешанных спортивных команд
* Поддержка- любые меры, направленные на увеличение количества данных команд- финансирование, агитация, реклама, ролики и др.
Смешанные - то есть команды, где участвуют и мужчины и женщины одновременно."
2983;Р3;XIX Кубок Сибири;Открытый (онлайн);онлайн;2020.10;"ЭПСЧ развивающиеся страны с этнически разнообразным населением должны запретить народные школы 
* Народные школы - учебные заведения, в которых преподают в основном на языке меньшинства, а не на официальном государственном языке (например, китайские и индийские языковые школы в Малайзии)"
2984;Р4;XIX Кубок Сибири;Открытый (онлайн);онлайн;2020.10;ЭПСЧ гражданские, общественные и правозащитные организации должны выбирать политику покупки акций компаний, а не внешнее воздействие и давление на них
2985;Р5;XIX Кубок Сибири;Открытый (онлайн);онлайн;2020.10;"ЭПСЧ нарратив возрастного соответствия приносит больше вреда, чем пользы
* Соответствие возрасту - это внедрение социальных и поведенческих стандартов, в значительной степени принятых в обществе с учетом возраста человека. (Некоторые примеры, играть в игрушки признак """"детского"""" поведения, взрослый должен думать о карьере и т.д.)"
2986;ПФ;XIX Кубок Сибири;Открытый (онлайн);онлайн;2020.10;"ЭПСЧ Франция должна отказаться от концепции франсафрики
* Франсафрика - концепция, обозначающая сильную связь бывшей империи (Франции) со своими колониями в Африки. Она распространяется на политическое и экономическое покровительство, а также на военное сотрудничество. Концепция позволяет Франции контролировать Африку через систему преференциальных соглашений, контролем над печатью валюты и сохранение военных баз."
2987;Ф;XIX Кубок Сибири;Открытый (онлайн);онлайн;2020.10;"ЭПСЧ развивающимся странам необходимо осуществлять бюджетную политику через инициативное налогообложение
* Инициативное налогообложение - это политика, при которой граждане сами решают, на какие статьи расходов должны пойти их индивидуальные налоги. Граждане приоритизируют проекты расходов, а правительство обязано следовать их решениям. Примерами могут быть местные транспортные проекты, субсидии и образовательные и культурные программы."
2988;Р1;XIII КП МГЮА;Открытый (онлайн);онлайн;2020.10;ЭП сожалеет о практике позитивной дискриминации в отношении женщин при наборе на работу и лидерские программы
2989;Р2;XIII КП МГЮА;Открытый (онлайн);онлайн;2020.10;"ЭП ограничит срок действия коммерческой тайны периодом в 1 год
* Коммерческая тайна – это режим конфиденциальности информации, позволяющий её обладателю (коммерческой компании или индивидуальному предпринимателю) ограничить доступ к ней третьим лицам. Коммерческая тайна защищает информацию о новых разработках компании, её стратегических инициативах, о средней оплате труда, о гендерном составе коллектива и т.д.
Защита персональных данных рядовых сотрудников, контрагентов и клиентов в рамках этой темы будет продолжать работать по-прежнему."
2990;Р3;XIII КП МГЮА;Открытый (онлайн);онлайн;2020.10;"ЭП отменит любые ограничения на миграцию
* В рамках данной темы легитимным за Правительство вводить механику постепенного перехода (напр., в течение 10 лет).
Паспорта остаются. Пограничный контроль остаётся (для контрабанды и террористов)"
2991;Р4;XIII КП МГЮА;Открытый (онлайн);онлайн;2020.10;"ЭПСЧ культ новизны приносит больше вреда, чем пользы
* Культ новизны - это общественное преклонение перед обновлением, широкое стремление к изменениям и негативное отношение к статичности, постоянности.
Культ новизны предполагает социальное одобрение действий, направленных на изменение себя, своих атрибутов и мира вокруг, и порицание за обратные действия."
2992;Р5;XIII КП МГЮА;Открытый (онлайн);онлайн;2020.10;"ЭПСЧ после решения проблемы COVID Россия должна приступить к политике переселения
* Политика переселения в данной теме - это комплекс мер, направленных на отток населения в небольшие города, деревни, села. Возможные меры включают в себя:
- создание или дотация создания рабочих мест вне крупных городов;
- материальная поддержка населения при переезде;
- трансляция социальной рекламы, побуждающей к переезду;
- постепенное увеличение налогового бремени для жителей крупных городов."
2993;Фмк;XIII КП МГЮА;Открытый (онлайн);онлайн;2020.10;"ЭП поддерживает популяризацию нарратива ""если делаешь что-то, то делай это на 100%"""
2994;ПФ;XIII КП МГЮА;Открытый (онлайн);онлайн;2020.10;ЭПСЧ в РСФСР 1961 г. средний коэффицент счастья был выше, чем в России в 2019 г.
2995;Ф;XIII КП МГЮА;Открытый (онлайн);онлайн;2020.10;ЭП сожалеет о создании государства Израиль
2996;Р1;Pro et Contra X;Открытый (онлайн);онлайн;2020.11;"ЭПСЧ России необходимо приватизировать организации, производящие пассажирские перевозки (транспортные предприятия, авиакомпании, железнодорожные компании, судоходные компании), без возможности субсидирования со стороны государства
* Уже существующая инфраструктура (например, дороги, пути) остаётся государственной"
2997;Р2;Pro et Contra X;Открытый (онлайн);онлайн;2020.11;"ЭПСЧ скандинавским странам необходимо отказаться от образовательной модели свободного развития, в пользу ""классической""
* 1. Свободное развитие – образовательная модель, приоритизирующая ценности самостоятельности, самообразования и невмешательства в процесс обучения.
Принципы модели свободного развития: ученики сами выбирают предметы, которые хотят изучать; свободное посещение занятий; общение с преподавателями неформальное, без жесткой субординации; преподаватели выступают модераторами, а не управляющими образовательным процессом; обучающиеся активно участвуют в решении организационных вопросов (например, самостоятельное коллективное решение конфликтных ситуаций, организация школьных мероприятий и т. д.). Данная модель принята скандинавскими министерствами образования как стандарт образования.
2. Классическая образовательная модель основана на принципах иерархичности и соответствия государственным образовательным программам. Ученики в минимальной степени вовлечены в процесс принятия решений, касающихся процесса обучения и внеучебной деятельности."
2998;Р3;Pro et Contra X;Открытый (онлайн);онлайн;2020.11;"ЭП (группы по защите прав женщин в Индии) будут принимать жестоких богинь своим постоянным и центральным символом
* В индуизме существуют известные богини, которые олицетворяют освобождение посредством силы, насилия, агрессии и власти. Например, Кали, которая часто изображается носящей ожерелье из черепов мужчин, которых она убила, и стоящей на ее любовнике, индуистском боге Шиве, который покорно лежит под ней."
2999;Р4;Pro et Contra X;Открытый (онлайн);онлайн;2020.11;"ЭПСЧ страны, в которых действует добровольная служба в армии, должны запретит службу бедным слоям населения
* Под гранью бедности понимается: 1) уровень доходов, которые близок к прожиточному минимуму. 2) минимальный уровень жизни."
3000;Р5;Pro et Contra X;Открытый (онлайн);онлайн;2020.11;ЭПСЧ контроль над спорными религиозными объектами (например, территории, святыни) должен быть передан под управление ООН
3001;ПФ;Pro et Contra X;Открытый (онлайн);онлайн;2020.11;"ЭПСЧ МВФ для предоставления кредитования должен приоретезировать «социальные» требования над «капиталистическими»
* МВФ предоставляет займы с выдвижением ряда «капиталистических» требований:
1) Снижение или прекращение политики экономического выравнивания регионов;
2) минимизация или даже ликвидация правительственных расходов на социальные программы — на образование, здравоохранение, удешевление жилья, общественный транспорт и т. п.;
3) упразднение профсоюзов, отказ от защиты окружающей среды; сокращение зарплат, ограничение прав трудящихся; усиление налогового давления на бедных;
4) отсутствие дотаций в неэффективный или малый бизнес (в основном с/х). Противоположные ""капиталистическим"" требованиям - ""социальные"" требования (предполагают ровно противоположные действия)."
3002;Ф;Pro et Contra X;Открытый (онлайн);онлайн;2020.11;"ЭП поддерживает коммерциализацию парламентских дебатов (получение прибыли с дебатов: например, платные тренинги по дебатам, зарплаты организаторам, платное менторство, ценные призы победителям и т.д.)
* Парламентские дебаты - интеллектуальное образовательное студенческое движение в стиле дебатов, в ходе которого участники отстаивают позицию, доставшуюся им в результате жребия."
3003;Р1;МЛЧ XVII;Для новичков (онлайн);онлайн;2020.11;"ЭП сожалеет о концепции существования ""второй половинки"""
3004;Р2;МЛЧ XVII;Для новичков (онлайн);онлайн;2020.11;"ЭПСЧ мексиканское правительство должно создать список известных членов наркокартелей и объявить вне закона всех, кто в них находится
* Мексиканское правительство ведет борьбу с наркокартелями с 2006 года. Среди основных мер: проведение силовых операций против картелей, посадка в тюрьму по итогам судебных разбирательств его основных деятелей. Сейчас по примерным подсчетам в картелях состоит около 500 000 человек, при этом в ходе борьбы с ними с 2006 года по 2020 было убито или посажено в тюрьму около 150 000 человек."
3005;Р3;МЛЧ XVII;Для новичков (онлайн);онлайн;2020.11;"ЭП введёт инклюзивное образование
* Инклюзивное образование - это тип образования, когда обычные дети и дети с ограниченными возможностями учатся вместе"
3006;Р4;МЛЧ XVII;Для новичков (онлайн);онлайн;2020.11;"ЭП сожалеет о концепции «белого спасителя»
* «Белый спаситель» это актор, который оказывает помощь представителям других рас исходя из личных мотивов. Понятие включает в себя, но не ограничивается: благотворительность, оказание поддержки различным социальным группам на разных уровнях, оказание помощи в решении проблем развивающихся стран и т.д."
3007;Р5;МЛЧ XVII;Для новичков (онлайн);онлайн;2020.11;"ЭП разрешит свободную продажу и рекламу рецептурных препаратов
* Под рецептурными препаратами мы понимаем
а) Антибиотики
б) Антидепрессанты
в) Сильнодействующие препараты
В данной теме не предусматривается свободная продажа препаратов с наркотическими веществами"
3008;1/8 финала;МЛЧ XVII;Для новичков (онлайн);онлайн;2020.11;"ЭПСЧ UGC (User-generated Content) компании не должны самостоятельно заниматься модерацией пользовательского контента
* UGС компании - компании типа Facebook, Twitter, Youtube, в которых большая часть всего контента информационной площадки создаётся самими пользователями. Пользователь - человек, который имеет интернет и пользуется этой площадкой (выкладывает посты, комментирует, общается с другими людьми, создаёт творческий контент, публицистический, и так далее). Под модерацией мы понимаем сокрытие некоторых постов, удаление аккаунтов различных лиц, групп, и так далее (удаление и сокрытие именно на этой площадке) на основании несоответствия правилам конкретной площадки. Блокировки материала из-за несоответствия законодательству той или иной страны остаются в обоих мирах."
3009;ЧФ;МЛЧ XVII;Для новичков (онлайн);онлайн;2020.11;"ЭП при экономическом кризисе будет дерегулировать рынок труда
* Дерегуляция рынка труда включает в себя:
- Снижение минимальной оплаты труда (это не означает автоматическое снижение уровня зарплат)
- Упрощение системы увольнения сотрудников (например, без выплат выходного пособия, меньший срок предупреждения об увольнении)
- Возможность найма большей части сотрудников на частичную занятость (если это изначально регулировалось законодательно)
- Отмену дополнительных прав работников (отмена обязательной оплаты переработок, отмена ограничений на количество переработок)
- И прочее"
3010;ПФ;МЛЧ XVII;Для новичков (онлайн);онлайн;2020.11;"ЭП поддерживает развитие вигилантизма в России
* Вигилантизм - социальное явление, при котором люди, не верящие в справедливость существующего закона самостоятельно вершат справедливость согласно своим представлениям о ней. В разных случаях жертвами вигилантов могут становиться власти, обвинённые в коррупции, обвиняемые в громких преступлениях, ушедшие от наказания в силу различных причин, подозреваемые в различного рода преступлениях. Акции вигилантов не всегда являются насильственными и могут сводиться к оскорблениям на словах или действием, а также к вандализму в отношении имущества их жертв. Примеры подобных организаций: ""город без наркотиков"", ""Лев против"", ""СтопХам"", и.т.д. ЭП в этой теме - сторонний наблюдатель."
3011;Ф;МЛЧ XVII;Для новичков (онлайн);онлайн;2020.11;ЭПСЧ при освоении и колонизации планет, планеты и поселения должны признаваться независимыми и не регулироваться по умолчанию законами Земли
3012;Р1;Джедайский турнир МГУ 2020;Джедайский (онлайн);онлайн;2020.11;"ЭП поддерживает криминологический аболиционизм в США
* Криминологический аболиционизм включает в себя:
1. Реформирование тюремной системы.
a.Существенное сокращение количества тюрем
b.Улучшение условий содержания в них
2. Изменение системы наказания и переход к восстановительной юстиции.
a.Отсутствие минимального порога наказания
b.Сокращение сроков тюремного наказания
c.Замена тюремного заключения освобождением под надзором, испытательным сроком, общественными работами, реституцией потерпевшим.
d.Создание восстановительных центров
3. Большее вовлечение жертвы в процесс правосудия. Более широкое распространение процедуры медиации."
3013;Р2;Джедайский турнир МГУ 2020;Джедайский (онлайн);онлайн;2020.11;ЭП разделит “too big to fail” банки
3014;Р3;Джедайский турнир МГУ 2020;Джедайский (онлайн);онлайн;2020.11;"ЭП примет эту таблетку
* Существует таблетка, действие которой блокирует возможность испытывать эмоции"
3015;Р4;Джедайский турнир МГУ 2020;Джедайский (онлайн);онлайн;2020.11;"ЭПСЧ прямая система голосования (при котором побеждает кандидат, набравший обыкновенное большинство голосов), лучше, чем система, использующаяся в США
* На выборах президента и вице-президента США используется система непрямого голосования. Голосование происходит отдельно в каждом штате. В результате выборов от каждого штата назначаются выборщики, которые обещают проголосовать за определённого кандидата. Количество выборщиков от каждого штата определяется законом."
3016;Р5;Джедайский турнир МГУ 2020;Джедайский (онлайн);онлайн;2020.11;"ЭП откажется от институционализированного образования
* Институционализированное формальное образование представляет собой получение школьного (начального, основного и среднего общего) образования, начального профессионального, среднего профессионального, высшего профессионального. Институционализированное образование связано с получением определенных квалификаций и степеней, подтвержденных соответствующим документом: аттестатом о среднем образовании, дипломами об окончании учебного заведения среднего или высшего профессионального образования."
3017;ПФ;Джедайский турнир МГУ 2020;Джедайский (онлайн);онлайн;2020.11;"ЭПСЧ партнёру, не испытывающему чувство любви, нужно выйти из отношений
* Вы - пара, находящаяся в длительных отношениях. Вы друг друга сексуально привлекаете, у вас эмоционально комфортные отношения. Один из партнёров испытывает к другому чувство любви, другой - нет. "
3018;Ф;Джедайский турнир МГУ 2020;Джедайский (онлайн);онлайн;2020.11;ЭП предпочитает мир, в котором есть одна религия и все люди её придерживаются
3019;Р1;II ОТ Юрфака;Открытый (онлайн);онлайн;2020.11;"ЭПСЧ в интересах такой организации иерархическая структура с жёстким единоначаличем, а не децентрализованная система управления
* В этой теме под такой организацией понимается нерелигиозная террористическая организация со значительным количеством вовлечённых сторонников, действующей в авторитарной стране со значительным уровнем недовольства властями"
3020;Р2;II ОТ Юрфака;Открытый (онлайн);онлайн;2020.11;ЭП как развитые страны будет существенно стимулировать обратную миграцию из развитых стран и ограничит новую миграцию
3021;Р3;II ОТ Юрфака;Открытый (онлайн);онлайн;2020.11;"ЭПСЧ в интересах России формирование дисперсной структуры акционерного капитала, а не концентрированной
* Публичные компании - компании, чьи акции свободно обращаются на рынке.
Для публичных компаний в странах с концентрированной системой акционерного капитала более характерно следующее:
- небольшое число акционеров,
- наличие контролирующих собственников,
- малая доля акций, свободно оборачиваемых на рынке.
Примеры стран с дисперсной системой: Великобритания, США, Ирландия."
3022;Р4;II ОТ Юрфака;Открытый (онлайн);онлайн;2020.11;ЭПСЧ учёные, преподаватели и соответствующие научные институты должны быть политически нейтральными
3023;Р5;II ОТ Юрфака;Открытый (онлайн);онлайн;2020.11;"ЭП сожалеет о том, что глобализация была замещена глокализацией 
* Глокализация (для целей этой темы) - тренд на локальную глобализацию, объединение в региональные союзы, а не общемировые соглашения (см. ЕС, Меркосур, ЕАЭС, АСЕАН етц.)"
3024;ПФ (почти double elimination);II ОТ Юрфака;Открытый (онлайн);онлайн;2020.11;ЭПС об упадке русской идентичности
3025;Ф (нижний);II ОТ Юрфака;Открытый (онлайн);онлайн;2020.11;"ЭПСЧ антимопонольное регулирование не должно опираться на правоприменение, осуществляемое по инициативе частных лиц (private enforcement)
Private enforcement антимонопольного регулирования подразумевает:
- ведущую роль частных субъектов по привлечению к ответственности нарушителей антимонопольных правил.
- применение преимущественно частных методов защиты, например:
1) взыскание кратных убытков не в пользу бюджета, а в пользу пострадавшего от нарушения. Например, в США взыскиваются троекратные убытки.
2) активное оспаривание навязанных условий и антимонопольных (например, антидискриминационных) по инициативе частных субъектов"
3026;Ф (гранд);II ОТ Юрфака;Открытый (онлайн);онлайн;2020.11;ЭП будет продвигать идею о том, что если ты не можешь логически обосновать своё мнение, то у тебя его нет
3027;Игра вне турнира;Игра вне турнира;Игра вне турнира;онлайн;2020.08-12.;Может ли образование полностью перейти в онлайн
3028;Р1;"1-й (""джедайский"") тур Сибирской лиги дебатов";Джедайский (онлайн);онлайн;2020.12;ЭП будет предоставлять сиротам возможность льготного дополнительного образования (репетиторы, курсы по общеобразовательным предметам) вместо возможности льготного поступления в вузы
3029;Р2;"1-й (""джедайский"") тур Сибирской лиги дебатов";Джедайский (онлайн);онлайн;2020.12;ЭПСЧ все государства не должны финансировать и проводить программы по освоению космоса
3030;Р3;"1-й (""джедайский"") тур Сибирской лиги дебатов";Джедайский (онлайн);онлайн;2020.12;ЭП введёт обязательную мобилизацию медицинского персонала на период пандемии
3031;Р4;"1-й (""джедайский"") тур Сибирской лиги дебатов";Джедайский (онлайн);онлайн;2020.12;"ЭП как экологические органиции выберет путь экотерроризма вместо мирного сопротивления
* «Экотерроризм» - это участие сторонников защиты окружающей среды в акциях, вызывающих нарушения в работе объектов инфраструктуры, которые выбрасывают значительное количество CO2, вне зависимости от законности таких акций."
3032;Р5;"1-й (""джедайский"") тур Сибирской лиги дебатов";Джедайский (онлайн);онлайн;2020.12;ЭП сделает всех женщин эгоистичными
3033;ПФ;"1-й (""джедайский"") тур Сибирской лиги дебатов";Джедайский (онлайн);онлайн;2020.12;ЭП разрешит осужденным пожизненно добровольно выбирать смертную казнь
3034;Ф;"1-й (""джедайский"") тур Сибирской лиги дебатов";Джедайский (онлайн);онлайн;2020.12;"ЭП приветствует спонсорство подпольных наркоисследований в странах с репрессивной наркополитикой
* Крупнейшая торговая площадка по продаже наркотиков в России заявляет, что спонсирует подпольные исследования плохо изученных наркотиков, например, мефедрона. Так, летом 2018 года на бесплатном приеме у частного нарколога шесть человек согласились на сделку: в обмен на участие в исследовании (в роли подопытных) они получают курс реабилитации и деньги за молчание. Цель эксперимента: узнать, как изменяется действие мефедрона на организм в зависимости от примесей и прекурсоров, появившихся в наркотике из-за неправильного синтеза."
